target,pipeline_id,repository_sha,fixture_id,kind,stratum,shape,applicable,applicability_reason,adapter_status,status_reason,extracted_answer,answer_returned,exception_class,exception_message,swallowed_error_observed,swallowed_error_detail,native_correct,duration_status
lm-evaluation-harness,gsm8k_flexible_extract,f4d4b3de3ee6741a7151a9fe74945ee515262f4c,real-truncated-aa20e7ac6246feb9-001,truncated,real_truncated,,true,,ok,,,false,,,,,false,captured_ephemeral
lm-evaluation-harness,gsm8k_flexible_extract,f4d4b3de3ee6741a7151a9fe74945ee515262f4c,real-truncated-aa20e7ac6246feb9-002,truncated,real_truncated,,true,,ok,,,false,,,,,false,captured_ephemeral
lm-evaluation-harness,gsm8k_flexible_extract,f4d4b3de3ee6741a7151a9fe74945ee515262f4c,real-truncated-aa20e7ac6246feb9-003,truncated,real_truncated,,true,,ok,,,false,,,,,false,captured_ephemeral
lm-evaluation-harness,gsm8k_flexible_extract,f4d4b3de3ee6741a7151a9fe74945ee515262f4c,real-truncated-aa20e7ac6246feb9-004,truncated,real_truncated,,true,,ok,,,false,,,,,false,captured_ephemeral
lm-evaluation-harness,gsm8k_flexible_extract,f4d4b3de3ee6741a7151a9fe74945ee515262f4c,real-truncated-6cbbd1fc624eeadc-001,truncated,real_truncated,,true,,ok,,"2,",true,,,,,false,captured_ephemeral
lm-evaluation-harness,gsm8k_flexible_extract,f4d4b3de3ee6741a7151a9fe74945ee515262f4c,real-truncated-bd664f49bf0e323e-001,truncated,real_truncated,,true,,ok,,999,true,,,,,false,captured_ephemeral
lm-evaluation-harness,gsm8k_flexible_extract,f4d4b3de3ee6741a7151a9fe74945ee515262f4c,real-truncated-491eccf133b25a22-001,truncated,real_truncated,,true,,ok,,,false,,,,,false,captured_ephemeral
lm-evaluation-harness,gsm8k_flexible_extract,f4d4b3de3ee6741a7151a9fe74945ee515262f4c,real-truncated-6a67539058b9830a-001,truncated,real_truncated,,true,,ok,,5816,true,,,,,false,captured_ephemeral
lm-evaluation-harness,gsm8k_flexible_extract,f4d4b3de3ee6741a7151a9fe74945ee515262f4c,real-truncated-80007a0418241777-001,truncated,real_truncated,,true,,ok,,1,true,,,,,false,captured_ephemeral
lm-evaluation-harness,gsm8k_flexible_extract,f4d4b3de3ee6741a7151a9fe74945ee515262f4c,real-truncated-3e5a56704b99efaf-001,truncated,real_truncated,,true,,ok,,"798,681,656",true,,,,,false,captured_ephemeral
lm-evaluation-harness,gsm8k_flexible_extract,f4d4b3de3ee6741a7151a9fe74945ee515262f4c,real-truncated-0f801e8936e3e652-001,truncated,real_truncated,,true,,ok,,1,true,,,,,false,captured_ephemeral
lm-evaluation-harness,gsm8k_flexible_extract,f4d4b3de3ee6741a7151a9fe74945ee515262f4c,real-truncated-64dca569eb2179ee-001,truncated,real_truncated,,true,,ok,,727,true,,,,,false,captured_ephemeral
lm-evaluation-harness,gsm8k_flexible_extract,f4d4b3de3ee6741a7151a9fe74945ee515262f4c,real-truncated-62f658f8621431bd-001,truncated,real_truncated,,true,,ok,,"9,09",true,,,,,false,captured_ephemeral
lm-evaluation-harness,gsm8k_flexible_extract,f4d4b3de3ee6741a7151a9fe74945ee515262f4c,real-truncated-d1c8cfdc97ccfed3-001,truncated,real_truncated,,true,,ok,,2,true,,,,,false,captured_ephemeral
lm-evaluation-harness,gsm8k_flexible_extract,f4d4b3de3ee6741a7151a9fe74945ee515262f4c,real-truncated-11ac842eba29ce66-001,truncated,real_truncated,,true,,ok,,1,true,,,,,false,captured_ephemeral
lm-evaluation-harness,gsm8k_flexible_extract,f4d4b3de3ee6741a7151a9fe74945ee515262f4c,real-truncated-7d4dcc415df8964c-001,truncated,real_truncated,,true,,ok,,28,true,,,,,false,captured_ephemeral
lm-evaluation-harness,gsm8k_flexible_extract,f4d4b3de3ee6741a7151a9fe74945ee515262f4c,real-truncated-40b63e4bb8bc1fc2-001,truncated,real_truncated,,true,,ok,,8.,true,,,,,false,captured_ephemeral
lm-evaluation-harness,gsm8k_flexible_extract,f4d4b3de3ee6741a7151a9fe74945ee515262f4c,real-truncated-e4cb8ed5052dcd59-001,truncated,real_truncated,,true,,ok,,3,true,,,,,false,captured_ephemeral
lm-evaluation-harness,gsm8k_flexible_extract,f4d4b3de3ee6741a7151a9fe74945ee515262f4c,real-truncated-5f94257404611a94-001,truncated,real_truncated,,true,,ok,,99,true,,,,,false,captured_ephemeral
lm-evaluation-harness,gsm8k_flexible_extract,f4d4b3de3ee6741a7151a9fe74945ee515262f4c,real-truncated-cac6cd311f4a62d6-001,truncated,real_truncated,,true,,ok,,"2,5,",true,,,,,false,captured_ephemeral
lm-evaluation-harness,gsm8k_flexible_extract,f4d4b3de3ee6741a7151a9fe74945ee515262f4c,real-truncated-d8a68b2d62a0e37e-001,truncated,real_truncated,,true,,ok,,19.,true,,,,,false,captured_ephemeral
lm-evaluation-harness,gsm8k_flexible_extract,f4d4b3de3ee6741a7151a9fe74945ee515262f4c,real-truncated-6313122c5f9da4b8-001,truncated,real_truncated,,true,,ok,,"442,3",true,,,,,false,captured_ephemeral
lm-evaluation-harness,gsm8k_flexible_extract,f4d4b3de3ee6741a7151a9fe74945ee515262f4c,real-truncated-9880d7c411a9144e-001,truncated,real_truncated,,true,,ok,,"14.77,",true,,,,,false,captured_ephemeral
lm-evaluation-harness,gsm8k_flexible_extract,f4d4b3de3ee6741a7151a9fe74945ee515262f4c,real-truncated-c4dd38bcc0c31ad8-001,truncated,real_truncated,,true,,ok,,5,true,,,,,false,captured_ephemeral
lm-evaluation-harness,gsm8k_flexible_extract,f4d4b3de3ee6741a7151a9fe74945ee515262f4c,real-truncated-c7a933a4b57b2cee-001,truncated,real_truncated,,true,,ok,,"$,",true,,,,,false,captured_ephemeral
lm-evaluation-harness,gsm8k_flexible_extract,f4d4b3de3ee6741a7151a9fe74945ee515262f4c,real-truncated-7ae317e50e0d73c5-001,truncated,real_truncated,,true,,ok,,8,true,,,,,false,captured_ephemeral
lm-evaluation-harness,gsm8k_flexible_extract,f4d4b3de3ee6741a7151a9fe74945ee515262f4c,real-truncated-9ecfc35fcefae241-001,truncated,real_truncated,,true,,ok,,,false,,,,,false,captured_ephemeral
lm-evaluation-harness,gsm8k_flexible_extract,f4d4b3de3ee6741a7151a9fe74945ee515262f4c,real-truncated-acb3a5295c56829c-001,truncated,real_truncated,,true,,ok,,,false,,,,,false,captured_ephemeral
lm-evaluation-harness,gsm8k_flexible_extract,f4d4b3de3ee6741a7151a9fe74945ee515262f4c,real-truncated-25007c1e26d4eeb2-001,truncated,real_truncated,,true,,ok,,10,true,,,,,false,captured_ephemeral
lm-evaluation-harness,gsm8k_flexible_extract,f4d4b3de3ee6741a7151a9fe74945ee515262f4c,real-truncated-ba728ce1826746c2-001,truncated,real_truncated,,true,,ok,,$$,true,,,,,false,captured_ephemeral
lm-evaluation-harness,gsm8k_flexible_extract,f4d4b3de3ee6741a7151a9fe74945ee515262f4c,real-truncated-707f12f62e6d4cef-001,truncated,real_truncated,,true,,ok,,28,true,,,,,false,captured_ephemeral
lm-evaluation-harness,gsm8k_flexible_extract,f4d4b3de3ee6741a7151a9fe74945ee515262f4c,real-truncated-d2e93ae35a6c6929-001,truncated,real_truncated,,true,,ok,,1.0.,true,,,,,false,captured_ephemeral
lm-evaluation-harness,gsm8k_flexible_extract,f4d4b3de3ee6741a7151a9fe74945ee515262f4c,real-truncated-062cf1ffe5b924fa-001,truncated,real_truncated,,true,,ok,,1.14,true,,,,,false,captured_ephemeral
lm-evaluation-harness,gsm8k_flexible_extract,f4d4b3de3ee6741a7151a9fe74945ee515262f4c,real-truncated-805630023b55e371-001,truncated,real_truncated,,true,,ok,,1.,true,,,,,false,captured_ephemeral
lm-evaluation-harness,gsm8k_flexible_extract,f4d4b3de3ee6741a7151a9fe74945ee515262f4c,real-truncated-3eacef22437fd915-001,truncated,real_truncated,,true,,ok,,2,true,,,,,false,captured_ephemeral
lm-evaluation-harness,gsm8k_flexible_extract,f4d4b3de3ee6741a7151a9fe74945ee515262f4c,real-truncated-5da13db78fc0a540-001,truncated,real_truncated,,true,,ok,,5,true,,,,,false,captured_ephemeral
lm-evaluation-harness,gsm8k_flexible_extract,f4d4b3de3ee6741a7151a9fe74945ee515262f4c,real-truncated-4480e573ba66416f-001,truncated,real_truncated,,true,,ok,,2.,true,,,,,false,captured_ephemeral
lm-evaluation-harness,gsm8k_flexible_extract,f4d4b3de3ee6741a7151a9fe74945ee515262f4c,real-truncated-5f4343c0d4868050-001,truncated,real_truncated,,true,,ok,,2,true,,,,,false,captured_ephemeral
lm-evaluation-harness,gsm8k_flexible_extract,f4d4b3de3ee6741a7151a9fe74945ee515262f4c,real-truncated-4749817223a7201d-001,truncated,real_truncated,,true,,ok,,2,true,,,,,false,captured_ephemeral
lm-evaluation-harness,gsm8k_flexible_extract,f4d4b3de3ee6741a7151a9fe74945ee515262f4c,real-truncated-bba38d303fcf87eb-001,truncated,real_truncated,,true,,ok,,4,true,,,,,false,captured_ephemeral
lm-evaluation-harness,gsm8k_flexible_extract,f4d4b3de3ee6741a7151a9fe74945ee515262f4c,real-truncated-d85d90aaf4cc1ca6-001,truncated,real_truncated,,true,,ok,,10,true,,,,,false,captured_ephemeral
lm-evaluation-harness,gsm8k_flexible_extract,f4d4b3de3ee6741a7151a9fe74945ee515262f4c,real-truncated-525ccd1eb6fbf139-001,truncated,real_truncated,,true,,ok,,20,true,,,,,false,captured_ephemeral
lm-evaluation-harness,gsm8k_flexible_extract,f4d4b3de3ee6741a7151a9fe74945ee515262f4c,real-truncated-e1572c89e32df953-001,truncated,real_truncated,,true,,ok,,16.,true,,,,,false,captured_ephemeral
lm-evaluation-harness,gsm8k_flexible_extract,f4d4b3de3ee6741a7151a9fe74945ee515262f4c,real-truncated-247556f85b1c55a4-001,truncated,real_truncated,,true,,ok,,1.,true,,,,,false,captured_ephemeral
lm-evaluation-harness,gsm8k_flexible_extract,f4d4b3de3ee6741a7151a9fe74945ee515262f4c,real-truncated-75443d7e611f2187-001,truncated,real_truncated,,true,,ok,,25,true,,,,,false,captured_ephemeral
lm-evaluation-harness,gsm8k_flexible_extract,f4d4b3de3ee6741a7151a9fe74945ee515262f4c,real-truncated-35be201956f48fd0-001,truncated,real_truncated,,true,,ok,,0,true,,,,,false,captured_ephemeral
lm-evaluation-harness,gsm8k_flexible_extract,f4d4b3de3ee6741a7151a9fe74945ee515262f4c,real-truncated-9bb1434201a768b2-001,truncated,real_truncated,,true,,ok,,0.3698124,true,,,,,false,captured_ephemeral
lm-evaluation-harness,gsm8k_flexible_extract,f4d4b3de3ee6741a7151a9fe74945ee515262f4c,real-truncated-95b8c4379b5dc2e4-001,truncated,real_truncated,,true,,ok,,2.,true,,,,,false,captured_ephemeral
lm-evaluation-harness,gsm8k_flexible_extract,f4d4b3de3ee6741a7151a9fe74945ee515262f4c,real-truncated-770210b9f8b54309-001,truncated,real_truncated,,true,,ok,,2.,true,,,,,false,captured_ephemeral
lm-evaluation-harness,gsm8k_flexible_extract,f4d4b3de3ee6741a7151a9fe74945ee515262f4c,real-truncated-89322f67b05ffd2c-001,truncated,real_truncated,,true,,ok,,"44,",true,,,,,false,captured_ephemeral
lm-evaluation-harness,gsm8k_flexible_extract,f4d4b3de3ee6741a7151a9fe74945ee515262f4c,real-truncated-1f7af8c0564d30c0-001,truncated,real_truncated,,true,,ok,,20.,true,,,,,false,captured_ephemeral
lm-evaluation-harness,gsm8k_flexible_extract,f4d4b3de3ee6741a7151a9fe74945ee515262f4c,real-truncated-0f4e8f3e7a20e1ab-001,truncated,real_truncated,,true,,ok,,64.,true,,,,,false,captured_ephemeral
lm-evaluation-harness,gsm8k_flexible_extract,f4d4b3de3ee6741a7151a9fe74945ee515262f4c,real-truncated-88da8be5be46715d-001,truncated,real_truncated,,true,,ok,,2.,true,,,,,false,captured_ephemeral
lm-evaluation-harness,gsm8k_flexible_extract,f4d4b3de3ee6741a7151a9fe74945ee515262f4c,real-truncated-6082a79b2216cc1e-001,truncated,real_truncated,,true,,ok,,101.,true,,,,,false,captured_ephemeral
lm-evaluation-harness,gsm8k_flexible_extract,f4d4b3de3ee6741a7151a9fe74945ee515262f4c,real-truncated-798d25ae0b5abad7-001,truncated,real_truncated,,true,,ok,,4.,true,,,,,false,captured_ephemeral
lm-evaluation-harness,gsm8k_flexible_extract,f4d4b3de3ee6741a7151a9fe74945ee515262f4c,real-truncated-b92076fc9cd5e016-001,truncated,real_truncated,,true,,ok,,"21,092.",true,,,,,false,captured_ephemeral
lm-evaluation-harness,gsm8k_flexible_extract,f4d4b3de3ee6741a7151a9fe74945ee515262f4c,real-truncated-aaa0d7f68b704bec-001,truncated,real_truncated,,true,,ok,,10.,true,,,,,false,captured_ephemeral
lm-evaluation-harness,gsm8k_flexible_extract,f4d4b3de3ee6741a7151a9fe74945ee515262f4c,real-truncated-55417c12215c3d52-001,truncated,real_truncated,,true,,ok,,9,true,,,,,false,captured_ephemeral
lm-evaluation-harness,gsm8k_flexible_extract,f4d4b3de3ee6741a7151a9fe74945ee515262f4c,real-truncated-7119848ec423bf7a-001,truncated,real_truncated,,true,,ok,,2,true,,,,,false,captured_ephemeral
lm-evaluation-harness,gsm8k_flexible_extract,f4d4b3de3ee6741a7151a9fe74945ee515262f4c,real-truncated-99187b20ecf0bdb9-001,truncated,real_truncated,,true,,ok,,2,true,,,,,false,captured_ephemeral
lm-evaluation-harness,gsm8k_flexible_extract,f4d4b3de3ee6741a7151a9fe74945ee515262f4c,real-truncated-7734823d0e946fc4-001,truncated,real_truncated,,true,,ok,,12,true,,,,,false,captured_ephemeral
lm-evaluation-harness,gsm8k_flexible_extract,f4d4b3de3ee6741a7151a9fe74945ee515262f4c,real-truncated-a1cc1d1204da2de1-001,truncated,real_truncated,,true,,ok,,6,true,,,,,false,captured_ephemeral
lm-evaluation-harness,gsm8k_flexible_extract,f4d4b3de3ee6741a7151a9fe74945ee515262f4c,real-truncated-8ccb63cb04064591-001,truncated,real_truncated,,true,,ok,,21,true,,,,,false,captured_ephemeral
lm-evaluation-harness,gsm8k_flexible_extract,f4d4b3de3ee6741a7151a9fe74945ee515262f4c,real-truncated-ef7b1a56c6749a3f-001,truncated,real_truncated,,true,,ok,,30,true,,,,,false,captured_ephemeral
lm-evaluation-harness,gsm8k_flexible_extract,f4d4b3de3ee6741a7151a9fe74945ee515262f4c,real-truncated-4d3201f20fa1bbd7-001,truncated,real_truncated,,true,,ok,,0.,true,,,,,false,captured_ephemeral
lm-evaluation-harness,gsm8k_flexible_extract,f4d4b3de3ee6741a7151a9fe74945ee515262f4c,real-truncated-268a568ac4786f87-001,truncated,real_truncated,,true,,ok,,-1,true,,,,,false,captured_ephemeral
lm-evaluation-harness,gsm8k_flexible_extract,f4d4b3de3ee6741a7151a9fe74945ee515262f4c,real-truncated-fe7eed6c63be702d-001,truncated,real_truncated,,true,,ok,,13,true,,,,,false,captured_ephemeral
lm-evaluation-harness,gsm8k_flexible_extract,f4d4b3de3ee6741a7151a9fe74945ee515262f4c,real-truncated-e730046d14071b1b-001,truncated,real_truncated,,true,,ok,,"2017,",true,,,,,false,captured_ephemeral
lm-evaluation-harness,gsm8k_flexible_extract,f4d4b3de3ee6741a7151a9fe74945ee515262f4c,real-truncated-22d120ff2613fb3c-001,truncated,real_truncated,,true,,ok,,-1,true,,,,,false,captured_ephemeral
lm-evaluation-harness,gsm8k_flexible_extract,f4d4b3de3ee6741a7151a9fe74945ee515262f4c,real-truncated-44a1889a65c89a98-001,truncated,real_truncated,,true,,ok,,6,true,,,,,false,captured_ephemeral
lm-evaluation-harness,gsm8k_flexible_extract,f4d4b3de3ee6741a7151a9fe74945ee515262f4c,real-truncated-3044f9e5b658cf47-001,truncated,real_truncated,,true,,ok,,2,true,,,,,false,captured_ephemeral
lm-evaluation-harness,gsm8k_flexible_extract,f4d4b3de3ee6741a7151a9fe74945ee515262f4c,real-truncated-9dba0a611623ccce-001,truncated,real_truncated,,true,,ok,,0,true,,,,,false,captured_ephemeral
lm-evaluation-harness,gsm8k_flexible_extract,f4d4b3de3ee6741a7151a9fe74945ee515262f4c,real-truncated-56ad692d3950a6ae-001,truncated,real_truncated,,true,,ok,,"3,2",true,,,,,false,captured_ephemeral
lm-evaluation-harness,gsm8k_flexible_extract,f4d4b3de3ee6741a7151a9fe74945ee515262f4c,real-truncated-6279f7b6b01ea2e2-001,truncated,real_truncated,,true,,ok,,"139,346,",true,,,,,false,captured_ephemeral
lm-evaluation-harness,gsm8k_flexible_extract,f4d4b3de3ee6741a7151a9fe74945ee515262f4c,real-truncated-210fbcf5ff0f49e9-001,truncated,real_truncated,,true,,ok,,4002,true,,,,,false,captured_ephemeral
lm-evaluation-harness,gsm8k_flexible_extract,f4d4b3de3ee6741a7151a9fe74945ee515262f4c,real-truncated-8b88e292ba1b4c5c-001,truncated,real_truncated,,true,,ok,,3,true,,,,,false,captured_ephemeral
lm-evaluation-harness,gsm8k_flexible_extract,f4d4b3de3ee6741a7151a9fe74945ee515262f4c,real-truncated-bc0e37aef7f95216-001,truncated,real_truncated,,true,,ok,,-1,true,,,,,false,captured_ephemeral
lm-evaluation-harness,gsm8k_flexible_extract,f4d4b3de3ee6741a7151a9fe74945ee515262f4c,real-truncated-af0577d51fd778a1-001,truncated,real_truncated,,true,,ok,,2,true,,,,,false,captured_ephemeral
lm-evaluation-harness,gsm8k_flexible_extract,f4d4b3de3ee6741a7151a9fe74945ee515262f4c,real-truncated-8ee42cd3eba12ec6-001,truncated,real_truncated,,true,,ok,,15,true,,,,,false,captured_ephemeral
lm-evaluation-harness,gsm8k_flexible_extract,f4d4b3de3ee6741a7151a9fe74945ee515262f4c,real-truncated-11779f2fc604d057-001,truncated,real_truncated,,true,,ok,,2,true,,,,,false,captured_ephemeral
lm-evaluation-harness,gsm8k_flexible_extract,f4d4b3de3ee6741a7151a9fe74945ee515262f4c,real-truncated-eface0049132e97d-001,truncated,real_truncated,,true,,ok,,140.,true,,,,,false,captured_ephemeral
lm-evaluation-harness,gsm8k_flexible_extract,f4d4b3de3ee6741a7151a9fe74945ee515262f4c,real-truncated-5713bc6fb1dfa8d0-001,truncated,real_truncated,,true,,ok,,7242.,true,,,,,false,captured_ephemeral
lm-evaluation-harness,gsm8k_flexible_extract,f4d4b3de3ee6741a7151a9fe74945ee515262f4c,real-truncated-505bc873a129bcd1-001,truncated,real_truncated,,true,,ok,,2.,true,,,,,false,captured_ephemeral
lm-evaluation-harness,gsm8k_flexible_extract,f4d4b3de3ee6741a7151a9fe74945ee515262f4c,real-truncated-6853bba8299795d5-001,truncated,real_truncated,,true,,ok,,1,true,,,,,false,captured_ephemeral
lm-evaluation-harness,gsm8k_flexible_extract,f4d4b3de3ee6741a7151a9fe74945ee515262f4c,real-truncated-20f1e0708a19abc4-001,truncated,real_truncated,,true,,ok,,-1,true,,,,,false,captured_ephemeral
lm-evaluation-harness,gsm8k_flexible_extract,f4d4b3de3ee6741a7151a9fe74945ee515262f4c,real-truncated-6e4eb7af77ed2ff8-001,truncated,real_truncated,,true,,ok,,341,true,,,,,false,captured_ephemeral
lm-evaluation-harness,gsm8k_flexible_extract,f4d4b3de3ee6741a7151a9fe74945ee515262f4c,real-truncated-8ea28fa7707b3025-001,truncated,real_truncated,,true,,ok,,0.2,true,,,,,false,captured_ephemeral
lm-evaluation-harness,gsm8k_flexible_extract,f4d4b3de3ee6741a7151a9fe74945ee515262f4c,real-truncated-d8eeb7b64dd7015a-001,truncated,real_truncated,,true,,ok,,"2,1",true,,,,,false,captured_ephemeral
lm-evaluation-harness,gsm8k_flexible_extract,f4d4b3de3ee6741a7151a9fe74945ee515262f4c,real-truncated-fb10e3776314a519-001,truncated,real_truncated,,true,,ok,,"12,",true,,,,,false,captured_ephemeral
lm-evaluation-harness,gsm8k_flexible_extract,f4d4b3de3ee6741a7151a9fe74945ee515262f4c,real-truncated-ccd8a323f6c2b744-001,truncated,real_truncated,,true,,ok,,$$,true,,,,,false,captured_ephemeral
lm-evaluation-harness,gsm8k_flexible_extract,f4d4b3de3ee6741a7151a9fe74945ee515262f4c,real-truncated-1828f5a31563f6e3-001,truncated,real_truncated,,true,,ok,,19.45,true,,,,,false,captured_ephemeral
lm-evaluation-harness,gsm8k_flexible_extract,f4d4b3de3ee6741a7151a9fe74945ee515262f4c,real-truncated-a5460d50cb8daafc-001,truncated,real_truncated,,true,,ok,,"75,648",true,,,,,false,captured_ephemeral
lm-evaluation-harness,gsm8k_flexible_extract,f4d4b3de3ee6741a7151a9fe74945ee515262f4c,real-truncated-e7536ddc4697865a-001,truncated,real_truncated,,true,,ok,,3,true,,,,,false,captured_ephemeral
lm-evaluation-harness,gsm8k_flexible_extract,f4d4b3de3ee6741a7151a9fe74945ee515262f4c,real-truncated-3b6b5e2e07c8adab-001,truncated,real_truncated,,true,,ok,,$$,true,,,,,false,captured_ephemeral
lm-evaluation-harness,gsm8k_flexible_extract,f4d4b3de3ee6741a7151a9fe74945ee515262f4c,real-truncated-45fd9dd0b16def99-001,truncated,real_truncated,,true,,ok,,"2,",true,,,,,false,captured_ephemeral
lm-evaluation-harness,gsm8k_flexible_extract,f4d4b3de3ee6741a7151a9fe74945ee515262f4c,real-truncated-390931de8b8a68ae-001,truncated,real_truncated,,true,,ok,,1,true,,,,,false,captured_ephemeral
lm-evaluation-harness,gsm8k_flexible_extract,f4d4b3de3ee6741a7151a9fe74945ee515262f4c,real-truncated-23c7087e22382c85-001,truncated,real_truncated,,true,,ok,,4,true,,,,,false,captured_ephemeral
lm-evaluation-harness,gsm8k_flexible_extract,f4d4b3de3ee6741a7151a9fe74945ee515262f4c,real-truncated-740acaaa5658c524-001,truncated,real_truncated,,true,,ok,,120.,true,,,,,false,captured_ephemeral
lm-evaluation-harness,gsm8k_flexible_extract,f4d4b3de3ee6741a7151a9fe74945ee515262f4c,real-truncated-e6a7555e64fb1fc8-001,truncated,real_truncated,,true,,ok,,-440,true,,,,,false,captured_ephemeral
lm-evaluation-harness,gsm8k_flexible_extract,f4d4b3de3ee6741a7151a9fe74945ee515262f4c,real-truncated-d4aec9cd22f44d16-001,truncated,real_truncated,,true,,ok,,440,true,,,,,false,captured_ephemeral
lm-evaluation-harness,gsm8k_flexible_extract,f4d4b3de3ee6741a7151a9fe74945ee515262f4c,real-truncated-4ea3c98b3c90e29e-001,truncated,real_truncated,,true,,ok,,$1,true,,,,,false,captured_ephemeral
lm-evaluation-harness,gsm8k_flexible_extract,f4d4b3de3ee6741a7151a9fe74945ee515262f4c,real-truncated-f9eaa5fd29415a58-001,truncated,real_truncated,,true,,ok,,$.,true,,,,,false,captured_ephemeral
lm-evaluation-harness,gsm8k_flexible_extract,f4d4b3de3ee6741a7151a9fe74945ee515262f4c,real-truncated-85c7b95581c097ef-001,truncated,real_truncated,,true,,ok,,$.,true,,,,,false,captured_ephemeral
lm-evaluation-harness,gsm8k_flexible_extract,f4d4b3de3ee6741a7151a9fe74945ee515262f4c,real-truncated-aa1b94cca1993363-001,truncated,real_truncated,,true,,ok,,3,true,,,,,false,captured_ephemeral
lm-evaluation-harness,gsm8k_flexible_extract,f4d4b3de3ee6741a7151a9fe74945ee515262f4c,real-truncated-6ee8443d1d436cf6-001,truncated,real_truncated,,true,,ok,,,false,,,,,false,captured_ephemeral
lm-evaluation-harness,gsm8k_flexible_extract,f4d4b3de3ee6741a7151a9fe74945ee515262f4c,real-truncated-6ee8443d1d436cf6-002,truncated,real_truncated,,true,,ok,,,false,,,,,false,captured_ephemeral
lm-evaluation-harness,gsm8k_flexible_extract,f4d4b3de3ee6741a7151a9fe74945ee515262f4c,real-truncated-6ee8443d1d436cf6-003,truncated,real_truncated,,true,,ok,,,false,,,,,false,captured_ephemeral
lm-evaluation-harness,gsm8k_flexible_extract,f4d4b3de3ee6741a7151a9fe74945ee515262f4c,real-truncated-5281b3506686a184-001,truncated,real_truncated,,true,,ok,,,false,,,,,false,captured_ephemeral
lm-evaluation-harness,gsm8k_flexible_extract,f4d4b3de3ee6741a7151a9fe74945ee515262f4c,real-truncated-5281b3506686a184-002,truncated,real_truncated,,true,,ok,,,false,,,,,false,captured_ephemeral
lm-evaluation-harness,gsm8k_flexible_extract,f4d4b3de3ee6741a7151a9fe74945ee515262f4c,real-truncated-5281b3506686a184-003,truncated,real_truncated,,true,,ok,,,false,,,,,false,captured_ephemeral
lm-evaluation-harness,gsm8k_flexible_extract,f4d4b3de3ee6741a7151a9fe74945ee515262f4c,real-truncated-abb81d1b8c4db67a-001,truncated,real_truncated,,true,,ok,,111112,true,,,,,false,captured_ephemeral
lm-evaluation-harness,gsm8k_flexible_extract,f4d4b3de3ee6741a7151a9fe74945ee515262f4c,real-truncated-a79daf5eab47793c-001,truncated,real_truncated,,true,,ok,,0,true,,,,,false,captured_ephemeral
lm-evaluation-harness,gsm8k_flexible_extract,f4d4b3de3ee6741a7151a9fe74945ee515262f4c,real-truncated-16277ed40a76d930-001,truncated,real_truncated,,true,,ok,,9,true,,,,,false,captured_ephemeral
lm-evaluation-harness,gsm8k_flexible_extract,f4d4b3de3ee6741a7151a9fe74945ee515262f4c,real-truncated-e4e046aee036728b-001,truncated,real_truncated,,true,,ok,,"0.6,",true,,,,,false,captured_ephemeral
lm-evaluation-harness,gsm8k_flexible_extract,f4d4b3de3ee6741a7151a9fe74945ee515262f4c,real-truncated-6dd1f374f6ed08df-001,truncated,real_truncated,,true,,ok,,088,true,,,,,false,captured_ephemeral
lm-evaluation-harness,gsm8k_flexible_extract,f4d4b3de3ee6741a7151a9fe74945ee515262f4c,real-truncated-0d2658ccd619147a-001,truncated,real_truncated,,true,,ok,,24233,true,,,,,false,captured_ephemeral
lm-evaluation-harness,gsm8k_flexible_extract,f4d4b3de3ee6741a7151a9fe74945ee515262f4c,real-truncated-74696bb1b2b136e8-001,truncated,real_truncated,,true,,ok,,9,true,,,,,false,captured_ephemeral
lm-evaluation-harness,gsm8k_flexible_extract,f4d4b3de3ee6741a7151a9fe74945ee515262f4c,real-truncated-fdfa2be691dea487-001,truncated,real_truncated,,true,,ok,,9,true,,,,,false,captured_ephemeral
lm-evaluation-harness,gsm8k_flexible_extract,f4d4b3de3ee6741a7151a9fe74945ee515262f4c,real-truncated-075bf5961ff00993-001,truncated,real_truncated,,true,,ok,,,false,,,,,false,captured_ephemeral
lm-evaluation-harness,gsm8k_flexible_extract,f4d4b3de3ee6741a7151a9fe74945ee515262f4c,real-truncated-075bf5961ff00993-002,truncated,real_truncated,,true,,ok,,,false,,,,,false,captured_ephemeral
lm-evaluation-harness,gsm8k_flexible_extract,f4d4b3de3ee6741a7151a9fe74945ee515262f4c,real-truncated-17eebdd1a966e5f0-001,truncated,real_truncated,,true,,ok,,,false,,,,,false,captured_ephemeral
lm-evaluation-harness,gsm8k_flexible_extract,f4d4b3de3ee6741a7151a9fe74945ee515262f4c,real-truncated-a4bb63b5ba4a773e-001,truncated,real_truncated,,true,,ok,,,false,,,,,false,captured_ephemeral
lm-evaluation-harness,gsm8k_flexible_extract,f4d4b3de3ee6741a7151a9fe74945ee515262f4c,real-truncated-a4bb63b5ba4a773e-002,truncated,real_truncated,,true,,ok,,,false,,,,,false,captured_ephemeral
lm-evaluation-harness,gsm8k_flexible_extract,f4d4b3de3ee6741a7151a9fe74945ee515262f4c,real-truncated-a4bb63b5ba4a773e-003,truncated,real_truncated,,true,,ok,,,false,,,,,false,captured_ephemeral
lm-evaluation-harness,gsm8k_flexible_extract,f4d4b3de3ee6741a7151a9fe74945ee515262f4c,real-truncated-355520fb8f2104ec-001,truncated,real_truncated,,true,,ok,,2,true,,,,,false,captured_ephemeral
lm-evaluation-harness,gsm8k_flexible_extract,f4d4b3de3ee6741a7151a9fe74945ee515262f4c,real-truncated-49565e194413328d-001,truncated,real_truncated,,true,,ok,,5,true,,,,,false,captured_ephemeral
lm-evaluation-harness,gsm8k_flexible_extract,f4d4b3de3ee6741a7151a9fe74945ee515262f4c,real-truncated-85f19c1e57445cde-001,truncated,real_truncated,,true,,ok,,11.,true,,,,,false,captured_ephemeral
lm-evaluation-harness,gsm8k_flexible_extract,f4d4b3de3ee6741a7151a9fe74945ee515262f4c,real-truncated-bd836ccf84464689-001,truncated,real_truncated,,true,,ok,,"1,110",true,,,,,false,captured_ephemeral
lm-evaluation-harness,gsm8k_flexible_extract,f4d4b3de3ee6741a7151a9fe74945ee515262f4c,real-truncated-b881db2f3106d76e-001,truncated,real_truncated,,true,,ok,,2,true,,,,,false,captured_ephemeral
lm-evaluation-harness,gsm8k_flexible_extract,f4d4b3de3ee6741a7151a9fe74945ee515262f4c,real-truncated-58796eda234de823-001,truncated,real_truncated,,true,,ok,,3,true,,,,,false,captured_ephemeral
lm-evaluation-harness,gsm8k_flexible_extract,f4d4b3de3ee6741a7151a9fe74945ee515262f4c,real-truncated-d876807b9ced546e-001,truncated,real_truncated,,true,,ok,,,false,,,,,false,captured_ephemeral
lm-evaluation-harness,gsm8k_flexible_extract,f4d4b3de3ee6741a7151a9fe74945ee515262f4c,synthetic-1729-mid_box-001,truncated,synthetic_truncated,mid_box,true,,ok,,6,true,,,,,false,captured_ephemeral
lm-evaluation-harness,gsm8k_flexible_extract,f4d4b3de3ee6741a7151a9fe74945ee515262f4c,synthetic-1729-mid_box-002,truncated,synthetic_truncated,mid_box,true,,ok,,5,true,,,,,false,captured_ephemeral
lm-evaluation-harness,gsm8k_flexible_extract,f4d4b3de3ee6741a7151a9fe74945ee515262f4c,synthetic-1729-mid_box-003,truncated,synthetic_truncated,mid_box,true,,ok,,6,true,,,,,false,captured_ephemeral
lm-evaluation-harness,gsm8k_flexible_extract,f4d4b3de3ee6741a7151a9fe74945ee515262f4c,synthetic-1729-mid_box-004,truncated,synthetic_truncated,mid_box,true,,ok,,8,true,,,,,false,captured_ephemeral
lm-evaluation-harness,gsm8k_flexible_extract,f4d4b3de3ee6741a7151a9fe74945ee515262f4c,synthetic-1729-mid_box-005,truncated,synthetic_truncated,mid_box,true,,ok,,3,true,,,,,false,captured_ephemeral
lm-evaluation-harness,gsm8k_flexible_extract,f4d4b3de3ee6741a7151a9fe74945ee515262f4c,synthetic-1729-mid_box-006,truncated,synthetic_truncated,mid_box,true,,ok,,9,true,,,,,false,captured_ephemeral
lm-evaluation-harness,gsm8k_flexible_extract,f4d4b3de3ee6741a7151a9fe74945ee515262f4c,synthetic-1729-mid_box-007,truncated,synthetic_truncated,mid_box,true,,ok,,5,true,,,,,false,captured_ephemeral
lm-evaluation-harness,gsm8k_flexible_extract,f4d4b3de3ee6741a7151a9fe74945ee515262f4c,synthetic-1729-mid_box-008,truncated,synthetic_truncated,mid_box,true,,ok,,6,true,,,,,false,captured_ephemeral
lm-evaluation-harness,gsm8k_flexible_extract,f4d4b3de3ee6741a7151a9fe74945ee515262f4c,synthetic-1729-mid_box-009,truncated,synthetic_truncated,mid_box,true,,ok,,4,true,,,,,false,captured_ephemeral
lm-evaluation-harness,gsm8k_flexible_extract,f4d4b3de3ee6741a7151a9fe74945ee515262f4c,synthetic-1729-mid_box-010,truncated,synthetic_truncated,mid_box,true,,ok,,7,true,,,,,false,captured_ephemeral
lm-evaluation-harness,gsm8k_flexible_extract,f4d4b3de3ee6741a7151a9fe74945ee515262f4c,synthetic-1729-mid_box-011,truncated,synthetic_truncated,mid_box,true,,ok,,6,true,,,,,false,captured_ephemeral
lm-evaluation-harness,gsm8k_flexible_extract,f4d4b3de3ee6741a7151a9fe74945ee515262f4c,synthetic-1729-mid_box-012,truncated,synthetic_truncated,mid_box,true,,ok,,2,true,,,,,false,captured_ephemeral
lm-evaluation-harness,gsm8k_flexible_extract,f4d4b3de3ee6741a7151a9fe74945ee515262f4c,synthetic-1729-mid_box-013,truncated,synthetic_truncated,mid_box,true,,ok,,5,true,,,,,false,captured_ephemeral
lm-evaluation-harness,gsm8k_flexible_extract,f4d4b3de3ee6741a7151a9fe74945ee515262f4c,synthetic-1729-mid_box-014,truncated,synthetic_truncated,mid_box,true,,ok,,6,true,,,,,false,captured_ephemeral
lm-evaluation-harness,gsm8k_flexible_extract,f4d4b3de3ee6741a7151a9fe74945ee515262f4c,synthetic-1729-mid_box-015,truncated,synthetic_truncated,mid_box,true,,ok,,8,true,,,,,false,captured_ephemeral
lm-evaluation-harness,gsm8k_flexible_extract,f4d4b3de3ee6741a7151a9fe74945ee515262f4c,synthetic-1729-mid_box-016,truncated,synthetic_truncated,mid_box,true,,ok,,6,true,,,,,false,captured_ephemeral
lm-evaluation-harness,gsm8k_flexible_extract,f4d4b3de3ee6741a7151a9fe74945ee515262f4c,synthetic-1729-mid_box-017,truncated,synthetic_truncated,mid_box,true,,ok,,3,true,,,,,false,captured_ephemeral
lm-evaluation-harness,gsm8k_flexible_extract,f4d4b3de3ee6741a7151a9fe74945ee515262f4c,synthetic-1729-mid_box-018,truncated,synthetic_truncated,mid_box,true,,ok,,2,true,,,,,false,captured_ephemeral
lm-evaluation-harness,gsm8k_flexible_extract,f4d4b3de3ee6741a7151a9fe74945ee515262f4c,synthetic-1729-mid_box-019,truncated,synthetic_truncated,mid_box,true,,ok,,8,true,,,,,false,captured_ephemeral
lm-evaluation-harness,gsm8k_flexible_extract,f4d4b3de3ee6741a7151a9fe74945ee515262f4c,synthetic-1729-mid_box-020,truncated,synthetic_truncated,mid_box,true,,ok,,4,true,,,,,false,captured_ephemeral
lm-evaluation-harness,gsm8k_flexible_extract,f4d4b3de3ee6741a7151a9fe74945ee515262f4c,synthetic-1729-mid_multiple_choice_enumeration-001,truncated,synthetic_truncated,mid_multiple_choice_enumeration,true,,ok,,237,true,,,,,true,captured_ephemeral
lm-evaluation-harness,gsm8k_flexible_extract,f4d4b3de3ee6741a7151a9fe74945ee515262f4c,synthetic-1729-mid_multiple_choice_enumeration-002,truncated,synthetic_truncated,mid_multiple_choice_enumeration,true,,ok,,114,true,,,,,true,captured_ephemeral
lm-evaluation-harness,gsm8k_flexible_extract,f4d4b3de3ee6741a7151a9fe74945ee515262f4c,synthetic-1729-mid_multiple_choice_enumeration-003,truncated,synthetic_truncated,mid_multiple_choice_enumeration,true,,ok,,296,true,,,,,true,captured_ephemeral
lm-evaluation-harness,gsm8k_flexible_extract,f4d4b3de3ee6741a7151a9fe74945ee515262f4c,synthetic-1729-mid_multiple_choice_enumeration-004,truncated,synthetic_truncated,mid_multiple_choice_enumeration,true,,ok,,719,true,,,,,true,captured_ephemeral
lm-evaluation-harness,gsm8k_flexible_extract,f4d4b3de3ee6741a7151a9fe74945ee515262f4c,synthetic-1729-mid_multiple_choice_enumeration-005,truncated,synthetic_truncated,mid_multiple_choice_enumeration,true,,ok,,280,true,,,,,true,captured_ephemeral
lm-evaluation-harness,gsm8k_flexible_extract,f4d4b3de3ee6741a7151a9fe74945ee515262f4c,synthetic-1729-mid_multiple_choice_enumeration-006,truncated,synthetic_truncated,mid_multiple_choice_enumeration,true,,ok,,223,true,,,,,true,captured_ephemeral
lm-evaluation-harness,gsm8k_flexible_extract,f4d4b3de3ee6741a7151a9fe74945ee515262f4c,synthetic-1729-mid_multiple_choice_enumeration-007,truncated,synthetic_truncated,mid_multiple_choice_enumeration,true,,ok,,748,true,,,,,true,captured_ephemeral
lm-evaluation-harness,gsm8k_flexible_extract,f4d4b3de3ee6741a7151a9fe74945ee515262f4c,synthetic-1729-mid_multiple_choice_enumeration-008,truncated,synthetic_truncated,mid_multiple_choice_enumeration,true,,ok,,49,true,,,,,true,captured_ephemeral
lm-evaluation-harness,gsm8k_flexible_extract,f4d4b3de3ee6741a7151a9fe74945ee515262f4c,synthetic-1729-mid_multiple_choice_enumeration-009,truncated,synthetic_truncated,mid_multiple_choice_enumeration,true,,ok,,178,true,,,,,true,captured_ephemeral
lm-evaluation-harness,gsm8k_flexible_extract,f4d4b3de3ee6741a7151a9fe74945ee515262f4c,synthetic-1729-mid_multiple_choice_enumeration-010,truncated,synthetic_truncated,mid_multiple_choice_enumeration,true,,ok,,462,true,,,,,true,captured_ephemeral
lm-evaluation-harness,gsm8k_flexible_extract,f4d4b3de3ee6741a7151a9fe74945ee515262f4c,synthetic-1729-mid_multiple_choice_enumeration-011,truncated,synthetic_truncated,mid_multiple_choice_enumeration,true,,ok,,520,true,,,,,true,captured_ephemeral
lm-evaluation-harness,gsm8k_flexible_extract,f4d4b3de3ee6741a7151a9fe74945ee515262f4c,synthetic-1729-mid_multiple_choice_enumeration-012,truncated,synthetic_truncated,mid_multiple_choice_enumeration,true,,ok,,269,true,,,,,true,captured_ephemeral
lm-evaluation-harness,gsm8k_flexible_extract,f4d4b3de3ee6741a7151a9fe74945ee515262f4c,synthetic-1729-mid_multiple_choice_enumeration-013,truncated,synthetic_truncated,mid_multiple_choice_enumeration,true,,ok,,68,true,,,,,true,captured_ephemeral
lm-evaluation-harness,gsm8k_flexible_extract,f4d4b3de3ee6741a7151a9fe74945ee515262f4c,synthetic-1729-mid_multiple_choice_enumeration-014,truncated,synthetic_truncated,mid_multiple_choice_enumeration,true,,ok,,582,true,,,,,true,captured_ephemeral
lm-evaluation-harness,gsm8k_flexible_extract,f4d4b3de3ee6741a7151a9fe74945ee515262f4c,synthetic-1729-mid_multiple_choice_enumeration-015,truncated,synthetic_truncated,mid_multiple_choice_enumeration,true,,ok,,296,true,,,,,true,captured_ephemeral
lm-evaluation-harness,gsm8k_flexible_extract,f4d4b3de3ee6741a7151a9fe74945ee515262f4c,synthetic-1729-mid_multiple_choice_enumeration-016,truncated,synthetic_truncated,mid_multiple_choice_enumeration,true,,ok,,624,true,,,,,true,captured_ephemeral
lm-evaluation-harness,gsm8k_flexible_extract,f4d4b3de3ee6741a7151a9fe74945ee515262f4c,synthetic-1729-mid_multiple_choice_enumeration-017,truncated,synthetic_truncated,mid_multiple_choice_enumeration,true,,ok,,233,true,,,,,true,captured_ephemeral
lm-evaluation-harness,gsm8k_flexible_extract,f4d4b3de3ee6741a7151a9fe74945ee515262f4c,synthetic-1729-mid_multiple_choice_enumeration-018,truncated,synthetic_truncated,mid_multiple_choice_enumeration,true,,ok,,483,true,,,,,true,captured_ephemeral
lm-evaluation-harness,gsm8k_flexible_extract,f4d4b3de3ee6741a7151a9fe74945ee515262f4c,synthetic-1729-mid_multiple_choice_enumeration-019,truncated,synthetic_truncated,mid_multiple_choice_enumeration,true,,ok,,978,true,,,,,true,captured_ephemeral
lm-evaluation-harness,gsm8k_flexible_extract,f4d4b3de3ee6741a7151a9fe74945ee515262f4c,synthetic-1729-mid_multiple_choice_enumeration-020,truncated,synthetic_truncated,mid_multiple_choice_enumeration,true,,ok,,396,true,,,,,true,captured_ephemeral
lm-evaluation-harness,gsm8k_flexible_extract,f4d4b3de3ee6741a7151a9fe74945ee515262f4c,synthetic-1729-post_final_answer-001,truncated,synthetic_truncated,post_final_answer,true,,ok,,706,true,,,,,true,captured_ephemeral
lm-evaluation-harness,gsm8k_flexible_extract,f4d4b3de3ee6741a7151a9fe74945ee515262f4c,synthetic-1729-post_final_answer-002,truncated,synthetic_truncated,post_final_answer,true,,ok,,750,true,,,,,true,captured_ephemeral
lm-evaluation-harness,gsm8k_flexible_extract,f4d4b3de3ee6741a7151a9fe74945ee515262f4c,synthetic-1729-post_final_answer-003,truncated,synthetic_truncated,post_final_answer,true,,ok,,191,true,,,,,true,captured_ephemeral
lm-evaluation-harness,gsm8k_flexible_extract,f4d4b3de3ee6741a7151a9fe74945ee515262f4c,synthetic-1729-post_final_answer-004,truncated,synthetic_truncated,post_final_answer,true,,ok,,744,true,,,,,true,captured_ephemeral
lm-evaluation-harness,gsm8k_flexible_extract,f4d4b3de3ee6741a7151a9fe74945ee515262f4c,synthetic-1729-post_final_answer-005,truncated,synthetic_truncated,post_final_answer,true,,ok,,894,true,,,,,true,captured_ephemeral
lm-evaluation-harness,gsm8k_flexible_extract,f4d4b3de3ee6741a7151a9fe74945ee515262f4c,synthetic-1729-post_final_answer-006,truncated,synthetic_truncated,post_final_answer,true,,ok,,813,true,,,,,true,captured_ephemeral
lm-evaluation-harness,gsm8k_flexible_extract,f4d4b3de3ee6741a7151a9fe74945ee515262f4c,synthetic-1729-post_final_answer-007,truncated,synthetic_truncated,post_final_answer,true,,ok,,463,true,,,,,true,captured_ephemeral
lm-evaluation-harness,gsm8k_flexible_extract,f4d4b3de3ee6741a7151a9fe74945ee515262f4c,synthetic-1729-post_final_answer-008,truncated,synthetic_truncated,post_final_answer,true,,ok,,398,true,,,,,true,captured_ephemeral
lm-evaluation-harness,gsm8k_flexible_extract,f4d4b3de3ee6741a7151a9fe74945ee515262f4c,synthetic-1729-post_final_answer-009,truncated,synthetic_truncated,post_final_answer,true,,ok,,738,true,,,,,true,captured_ephemeral
lm-evaluation-harness,gsm8k_flexible_extract,f4d4b3de3ee6741a7151a9fe74945ee515262f4c,synthetic-1729-post_final_answer-010,truncated,synthetic_truncated,post_final_answer,true,,ok,,864,true,,,,,true,captured_ephemeral
lm-evaluation-harness,gsm8k_flexible_extract,f4d4b3de3ee6741a7151a9fe74945ee515262f4c,synthetic-1729-post_final_answer-011,truncated,synthetic_truncated,post_final_answer,true,,ok,,183,true,,,,,true,captured_ephemeral
lm-evaluation-harness,gsm8k_flexible_extract,f4d4b3de3ee6741a7151a9fe74945ee515262f4c,synthetic-1729-post_final_answer-012,truncated,synthetic_truncated,post_final_answer,true,,ok,,56,true,,,,,true,captured_ephemeral
lm-evaluation-harness,gsm8k_flexible_extract,f4d4b3de3ee6741a7151a9fe74945ee515262f4c,synthetic-1729-post_final_answer-013,truncated,synthetic_truncated,post_final_answer,true,,ok,,948,true,,,,,true,captured_ephemeral
lm-evaluation-harness,gsm8k_flexible_extract,f4d4b3de3ee6741a7151a9fe74945ee515262f4c,synthetic-1729-post_final_answer-014,truncated,synthetic_truncated,post_final_answer,true,,ok,,376,true,,,,,true,captured_ephemeral
lm-evaluation-harness,gsm8k_flexible_extract,f4d4b3de3ee6741a7151a9fe74945ee515262f4c,synthetic-1729-post_final_answer-015,truncated,synthetic_truncated,post_final_answer,true,,ok,,755,true,,,,,true,captured_ephemeral
lm-evaluation-harness,gsm8k_flexible_extract,f4d4b3de3ee6741a7151a9fe74945ee515262f4c,synthetic-1729-post_final_answer-016,truncated,synthetic_truncated,post_final_answer,true,,ok,,551,true,,,,,true,captured_ephemeral
lm-evaluation-harness,gsm8k_flexible_extract,f4d4b3de3ee6741a7151a9fe74945ee515262f4c,synthetic-1729-post_final_answer-017,truncated,synthetic_truncated,post_final_answer,true,,ok,,741,true,,,,,true,captured_ephemeral
lm-evaluation-harness,gsm8k_flexible_extract,f4d4b3de3ee6741a7151a9fe74945ee515262f4c,synthetic-1729-post_final_answer-018,truncated,synthetic_truncated,post_final_answer,true,,ok,,952,true,,,,,true,captured_ephemeral
lm-evaluation-harness,gsm8k_flexible_extract,f4d4b3de3ee6741a7151a9fe74945ee515262f4c,synthetic-1729-post_final_answer-019,truncated,synthetic_truncated,post_final_answer,true,,ok,,510,true,,,,,true,captured_ephemeral
lm-evaluation-harness,gsm8k_flexible_extract,f4d4b3de3ee6741a7151a9fe74945ee515262f4c,synthetic-1729-post_final_answer-020,truncated,synthetic_truncated,post_final_answer,true,,ok,,45,true,,,,,true,captured_ephemeral
lm-evaluation-harness,gsm8k_flexible_extract,f4d4b3de3ee6741a7151a9fe74945ee515262f4c,synthetic-1729-degeneration_loop_plausible_number-001,truncated,synthetic_truncated,degeneration_loop_plausible_number,true,,ok,,686,true,,,,,false,captured_ephemeral
lm-evaluation-harness,gsm8k_flexible_extract,f4d4b3de3ee6741a7151a9fe74945ee515262f4c,synthetic-1729-degeneration_loop_plausible_number-002,truncated,synthetic_truncated,degeneration_loop_plausible_number,true,,ok,,794,true,,,,,false,captured_ephemeral
lm-evaluation-harness,gsm8k_flexible_extract,f4d4b3de3ee6741a7151a9fe74945ee515262f4c,synthetic-1729-degeneration_loop_plausible_number-003,truncated,synthetic_truncated,degeneration_loop_plausible_number,true,,ok,,187,true,,,,,false,captured_ephemeral
lm-evaluation-harness,gsm8k_flexible_extract,f4d4b3de3ee6741a7151a9fe74945ee515262f4c,synthetic-1729-degeneration_loop_plausible_number-004,truncated,synthetic_truncated,degeneration_loop_plausible_number,true,,ok,,154,true,,,,,false,captured_ephemeral
lm-evaluation-harness,gsm8k_flexible_extract,f4d4b3de3ee6741a7151a9fe74945ee515262f4c,synthetic-1729-degeneration_loop_plausible_number-005,truncated,synthetic_truncated,degeneration_loop_plausible_number,true,,ok,,421,true,,,,,false,captured_ephemeral
lm-evaluation-harness,gsm8k_flexible_extract,f4d4b3de3ee6741a7151a9fe74945ee515262f4c,synthetic-1729-degeneration_loop_plausible_number-006,truncated,synthetic_truncated,degeneration_loop_plausible_number,true,,ok,,851,true,,,,,false,captured_ephemeral
lm-evaluation-harness,gsm8k_flexible_extract,f4d4b3de3ee6741a7151a9fe74945ee515262f4c,synthetic-1729-degeneration_loop_plausible_number-007,truncated,synthetic_truncated,degeneration_loop_plausible_number,true,,ok,,878,true,,,,,false,captured_ephemeral
lm-evaluation-harness,gsm8k_flexible_extract,f4d4b3de3ee6741a7151a9fe74945ee515262f4c,synthetic-1729-degeneration_loop_plausible_number-008,truncated,synthetic_truncated,degeneration_loop_plausible_number,true,,ok,,906,true,,,,,false,captured_ephemeral
lm-evaluation-harness,gsm8k_flexible_extract,f4d4b3de3ee6741a7151a9fe74945ee515262f4c,synthetic-1729-degeneration_loop_plausible_number-009,truncated,synthetic_truncated,degeneration_loop_plausible_number,true,,ok,,569,true,,,,,false,captured_ephemeral
lm-evaluation-harness,gsm8k_flexible_extract,f4d4b3de3ee6741a7151a9fe74945ee515262f4c,synthetic-1729-degeneration_loop_plausible_number-010,truncated,synthetic_truncated,degeneration_loop_plausible_number,true,,ok,,593,true,,,,,false,captured_ephemeral
lm-evaluation-harness,gsm8k_flexible_extract,f4d4b3de3ee6741a7151a9fe74945ee515262f4c,synthetic-1729-degeneration_loop_plausible_number-011,truncated,synthetic_truncated,degeneration_loop_plausible_number,true,,ok,,959,true,,,,,false,captured_ephemeral
lm-evaluation-harness,gsm8k_flexible_extract,f4d4b3de3ee6741a7151a9fe74945ee515262f4c,synthetic-1729-degeneration_loop_plausible_number-012,truncated,synthetic_truncated,degeneration_loop_plausible_number,true,,ok,,887,true,,,,,false,captured_ephemeral
lm-evaluation-harness,gsm8k_flexible_extract,f4d4b3de3ee6741a7151a9fe74945ee515262f4c,synthetic-1729-degeneration_loop_plausible_number-013,truncated,synthetic_truncated,degeneration_loop_plausible_number,true,,ok,,331,true,,,,,false,captured_ephemeral
lm-evaluation-harness,gsm8k_flexible_extract,f4d4b3de3ee6741a7151a9fe74945ee515262f4c,synthetic-1729-degeneration_loop_plausible_number-014,truncated,synthetic_truncated,degeneration_loop_plausible_number,true,,ok,,474,true,,,,,false,captured_ephemeral
lm-evaluation-harness,gsm8k_flexible_extract,f4d4b3de3ee6741a7151a9fe74945ee515262f4c,synthetic-1729-degeneration_loop_plausible_number-015,truncated,synthetic_truncated,degeneration_loop_plausible_number,true,,ok,,555,true,,,,,false,captured_ephemeral
lm-evaluation-harness,gsm8k_flexible_extract,f4d4b3de3ee6741a7151a9fe74945ee515262f4c,synthetic-1729-degeneration_loop_plausible_number-016,truncated,synthetic_truncated,degeneration_loop_plausible_number,true,,ok,,400,true,,,,,false,captured_ephemeral
lm-evaluation-harness,gsm8k_flexible_extract,f4d4b3de3ee6741a7151a9fe74945ee515262f4c,synthetic-1729-degeneration_loop_plausible_number-017,truncated,synthetic_truncated,degeneration_loop_plausible_number,true,,ok,,867,true,,,,,false,captured_ephemeral
lm-evaluation-harness,gsm8k_flexible_extract,f4d4b3de3ee6741a7151a9fe74945ee515262f4c,synthetic-1729-degeneration_loop_plausible_number-018,truncated,synthetic_truncated,degeneration_loop_plausible_number,true,,ok,,945,true,,,,,false,captured_ephemeral
lm-evaluation-harness,gsm8k_flexible_extract,f4d4b3de3ee6741a7151a9fe74945ee515262f4c,synthetic-1729-degeneration_loop_plausible_number-019,truncated,synthetic_truncated,degeneration_loop_plausible_number,true,,ok,,103,true,,,,,false,captured_ephemeral
lm-evaluation-harness,gsm8k_flexible_extract,f4d4b3de3ee6741a7151a9fe74945ee515262f4c,synthetic-1729-degeneration_loop_plausible_number-020,truncated,synthetic_truncated,degeneration_loop_plausible_number,true,,ok,,70,true,,,,,false,captured_ephemeral
lm-evaluation-harness,gsm8k_flexible_extract,f4d4b3de3ee6741a7151a9fe74945ee515262f4c,synthetic-1729-mid_latex_expression-001,truncated,synthetic_truncated,mid_latex_expression,true,,ok,,3,true,,,,,false,captured_ephemeral
lm-evaluation-harness,gsm8k_flexible_extract,f4d4b3de3ee6741a7151a9fe74945ee515262f4c,synthetic-1729-mid_latex_expression-002,truncated,synthetic_truncated,mid_latex_expression,true,,ok,,7,true,,,,,false,captured_ephemeral
lm-evaluation-harness,gsm8k_flexible_extract,f4d4b3de3ee6741a7151a9fe74945ee515262f4c,synthetic-1729-mid_latex_expression-003,truncated,synthetic_truncated,mid_latex_expression,true,,ok,,4,true,,,,,false,captured_ephemeral
lm-evaluation-harness,gsm8k_flexible_extract,f4d4b3de3ee6741a7151a9fe74945ee515262f4c,synthetic-1729-mid_latex_expression-004,truncated,synthetic_truncated,mid_latex_expression,true,,ok,,4,true,,,,,false,captured_ephemeral
lm-evaluation-harness,gsm8k_flexible_extract,f4d4b3de3ee6741a7151a9fe74945ee515262f4c,synthetic-1729-mid_latex_expression-005,truncated,synthetic_truncated,mid_latex_expression,true,,ok,,7,true,,,,,false,captured_ephemeral
lm-evaluation-harness,gsm8k_flexible_extract,f4d4b3de3ee6741a7151a9fe74945ee515262f4c,synthetic-1729-mid_latex_expression-006,truncated,synthetic_truncated,mid_latex_expression,true,,ok,,9,true,,,,,false,captured_ephemeral
lm-evaluation-harness,gsm8k_flexible_extract,f4d4b3de3ee6741a7151a9fe74945ee515262f4c,synthetic-1729-mid_latex_expression-007,truncated,synthetic_truncated,mid_latex_expression,true,,ok,,6,true,,,,,false,captured_ephemeral
lm-evaluation-harness,gsm8k_flexible_extract,f4d4b3de3ee6741a7151a9fe74945ee515262f4c,synthetic-1729-mid_latex_expression-008,truncated,synthetic_truncated,mid_latex_expression,true,,ok,,5,true,,,,,false,captured_ephemeral
lm-evaluation-harness,gsm8k_flexible_extract,f4d4b3de3ee6741a7151a9fe74945ee515262f4c,synthetic-1729-mid_latex_expression-009,truncated,synthetic_truncated,mid_latex_expression,true,,ok,,3,true,,,,,false,captured_ephemeral
lm-evaluation-harness,gsm8k_flexible_extract,f4d4b3de3ee6741a7151a9fe74945ee515262f4c,synthetic-1729-mid_latex_expression-010,truncated,synthetic_truncated,mid_latex_expression,true,,ok,,8,true,,,,,false,captured_ephemeral
lm-evaluation-harness,gsm8k_flexible_extract,f4d4b3de3ee6741a7151a9fe74945ee515262f4c,synthetic-1729-mid_latex_expression-011,truncated,synthetic_truncated,mid_latex_expression,true,,ok,,8,true,,,,,false,captured_ephemeral
lm-evaluation-harness,gsm8k_flexible_extract,f4d4b3de3ee6741a7151a9fe74945ee515262f4c,synthetic-1729-mid_latex_expression-012,truncated,synthetic_truncated,mid_latex_expression,true,,ok,,9,true,,,,,false,captured_ephemeral
lm-evaluation-harness,gsm8k_flexible_extract,f4d4b3de3ee6741a7151a9fe74945ee515262f4c,synthetic-1729-mid_latex_expression-013,truncated,synthetic_truncated,mid_latex_expression,true,,ok,,3,true,,,,,false,captured_ephemeral
lm-evaluation-harness,gsm8k_flexible_extract,f4d4b3de3ee6741a7151a9fe74945ee515262f4c,synthetic-1729-mid_latex_expression-014,truncated,synthetic_truncated,mid_latex_expression,true,,ok,,4,true,,,,,false,captured_ephemeral
lm-evaluation-harness,gsm8k_flexible_extract,f4d4b3de3ee6741a7151a9fe74945ee515262f4c,synthetic-1729-mid_latex_expression-015,truncated,synthetic_truncated,mid_latex_expression,true,,ok,,8,true,,,,,false,captured_ephemeral
lm-evaluation-harness,gsm8k_flexible_extract,f4d4b3de3ee6741a7151a9fe74945ee515262f4c,synthetic-1729-mid_latex_expression-016,truncated,synthetic_truncated,mid_latex_expression,true,,ok,,7,true,,,,,false,captured_ephemeral
lm-evaluation-harness,gsm8k_flexible_extract,f4d4b3de3ee6741a7151a9fe74945ee515262f4c,synthetic-1729-mid_latex_expression-017,truncated,synthetic_truncated,mid_latex_expression,true,,ok,,3,true,,,,,false,captured_ephemeral
lm-evaluation-harness,gsm8k_flexible_extract,f4d4b3de3ee6741a7151a9fe74945ee515262f4c,synthetic-1729-mid_latex_expression-018,truncated,synthetic_truncated,mid_latex_expression,true,,ok,,5,true,,,,,false,captured_ephemeral
lm-evaluation-harness,gsm8k_flexible_extract,f4d4b3de3ee6741a7151a9fe74945ee515262f4c,synthetic-1729-mid_latex_expression-019,truncated,synthetic_truncated,mid_latex_expression,true,,ok,,5,true,,,,,false,captured_ephemeral
lm-evaluation-harness,gsm8k_flexible_extract,f4d4b3de3ee6741a7151a9fe74945ee515262f4c,synthetic-1729-mid_latex_expression-020,truncated,synthetic_truncated,mid_latex_expression,true,,ok,,9,true,,,,,false,captured_ephemeral
lm-evaluation-harness,gsm8k_flexible_extract,f4d4b3de3ee6741a7151a9fe74945ee515262f4c,real-control_correct-89378d7c9af16411-001,control_correct,finished_control,,true,,ok,,$$,true,,,,,false,captured_ephemeral
lm-evaluation-harness,gsm8k_flexible_extract,f4d4b3de3ee6741a7151a9fe74945ee515262f4c,real-control_correct-16e0de893f7ebe3a-001,control_correct,finished_control,,true,,ok,,$$,true,,,,,false,captured_ephemeral
lm-evaluation-harness,gsm8k_flexible_extract,f4d4b3de3ee6741a7151a9fe74945ee515262f4c,real-control_correct-2d3da8c4bfee3c4c-001,control_correct,finished_control,,true,,ok,,396,true,,,,,true,captured_ephemeral
lm-evaluation-harness,gsm8k_flexible_extract,f4d4b3de3ee6741a7151a9fe74945ee515262f4c,real-control_correct-c9f62a5de2de08df-001,control_correct,finished_control,,true,,ok,,396,true,,,,,true,captured_ephemeral
lm-evaluation-harness,gsm8k_flexible_extract,f4d4b3de3ee6741a7151a9fe74945ee515262f4c,real-control_correct-c6ddf5c572a35adb-001,control_correct,finished_control,,true,,ok,,396,true,,,,,true,captured_ephemeral
lm-evaluation-harness,gsm8k_flexible_extract,f4d4b3de3ee6741a7151a9fe74945ee515262f4c,real-control_correct-17d3bfe110828692-001,control_correct,finished_control,,true,,ok,,396,true,,,,,true,captured_ephemeral
lm-evaluation-harness,gsm8k_flexible_extract,f4d4b3de3ee6741a7151a9fe74945ee515262f4c,real-control_correct-61723f102d6ae8a1-001,control_correct,finished_control,,true,,ok,,924,true,,,,,true,captured_ephemeral
lm-evaluation-harness,gsm8k_flexible_extract,f4d4b3de3ee6741a7151a9fe74945ee515262f4c,real-control_correct-255be5d582935302-001,control_correct,finished_control,,true,,ok,,924,true,,,,,true,captured_ephemeral
lm-evaluation-harness,gsm8k_flexible_extract,f4d4b3de3ee6741a7151a9fe74945ee515262f4c,real-control_correct-9e251a1ffea90916-001,control_correct,finished_control,,true,,ok,,924,true,,,,,true,captured_ephemeral
lm-evaluation-harness,gsm8k_flexible_extract,f4d4b3de3ee6741a7151a9fe74945ee515262f4c,real-control_correct-43de6f6db2801086-001,control_correct,finished_control,,true,,ok,,924,true,,,,,true,captured_ephemeral
lm-evaluation-harness,gsm8k_flexible_extract,f4d4b3de3ee6741a7151a9fe74945ee515262f4c,real-control_correct-eeb69bc8e4b6afb6-001,control_correct,finished_control,,true,,ok,,924,true,,,,,true,captured_ephemeral
lm-evaluation-harness,gsm8k_flexible_extract,f4d4b3de3ee6741a7151a9fe74945ee515262f4c,real-control_correct-8e92ff00e3dc8c7f-001,control_correct,finished_control,,true,,ok,,924,true,,,,,true,captured_ephemeral
lm-evaluation-harness,gsm8k_flexible_extract,f4d4b3de3ee6741a7151a9fe74945ee515262f4c,real-control_correct-c2bfbc405396d110-001,control_correct,finished_control,,true,,ok,,924,true,,,,,true,captured_ephemeral
lm-evaluation-harness,gsm8k_flexible_extract,f4d4b3de3ee6741a7151a9fe74945ee515262f4c,real-control_correct-c44a3d80f5ea3ae9-001,control_correct,finished_control,,true,,ok,,924,true,,,,,true,captured_ephemeral
lm-evaluation-harness,gsm8k_flexible_extract,f4d4b3de3ee6741a7151a9fe74945ee515262f4c,real-control_correct-45c33fc7f4b89ab1-001,control_correct,finished_control,,true,,ok,,$$,true,,,,,false,captured_ephemeral
lm-evaluation-harness,gsm8k_flexible_extract,f4d4b3de3ee6741a7151a9fe74945ee515262f4c,real-control_correct-2ec159fcc5ac75cf-001,control_correct,finished_control,,true,,ok,,$$,true,,,,,false,captured_ephemeral
lm-evaluation-harness,gsm8k_flexible_extract,f4d4b3de3ee6741a7151a9fe74945ee515262f4c,real-control_correct-4bc94d1cce22bd8b-001,control_correct,finished_control,,true,,ok,,924,true,,,,,true,captured_ephemeral
lm-evaluation-harness,gsm8k_flexible_extract,f4d4b3de3ee6741a7151a9fe74945ee515262f4c,real-control_correct-02db4d1921acd1d7-001,control_correct,finished_control,,true,,ok,,924,true,,,,,true,captured_ephemeral
lm-evaluation-harness,gsm8k_flexible_extract,f4d4b3de3ee6741a7151a9fe74945ee515262f4c,real-control_correct-0e0bf8d361f29f7c-001,control_correct,finished_control,,true,,ok,,2017,true,,,,,false,captured_ephemeral
lm-evaluation-harness,gsm8k_flexible_extract,f4d4b3de3ee6741a7151a9fe74945ee515262f4c,real-control_correct-585dbca476773d3a-001,control_correct,finished_control,,true,,ok,,26,true,,,,,true,captured_ephemeral
lm-evaluation-harness,gsm8k_flexible_extract,f4d4b3de3ee6741a7151a9fe74945ee515262f4c,real-control_correct-066f81dce4312897-001,control_correct,finished_control,,true,,ok,,23,true,,,,,false,captured_ephemeral
lm-evaluation-harness,gsm8k_flexible_extract,f4d4b3de3ee6741a7151a9fe74945ee515262f4c,real-control_correct-7c345a24b0485152-001,control_correct,finished_control,,true,,ok,,23,true,,,,,false,captured_ephemeral
lm-evaluation-harness,gsm8k_flexible_extract,f4d4b3de3ee6741a7151a9fe74945ee515262f4c,real-control_correct-14b3558563a36d01-001,control_correct,finished_control,,true,,ok,,26,true,,,,,true,captured_ephemeral
lm-evaluation-harness,gsm8k_flexible_extract,f4d4b3de3ee6741a7151a9fe74945ee515262f4c,real-control_correct-52cde770e82e4c2e-001,control_correct,finished_control,,true,,ok,,26,true,,,,,true,captured_ephemeral
lm-evaluation-harness,gsm8k_flexible_extract,f4d4b3de3ee6741a7151a9fe74945ee515262f4c,real-control_correct-a3713e645b1649de-001,control_correct,finished_control,,true,,ok,,23,true,,,,,false,captured_ephemeral
lm-evaluation-harness,gsm8k_flexible_extract,f4d4b3de3ee6741a7151a9fe74945ee515262f4c,real-control_correct-2154392bb16da70b-001,control_correct,finished_control,,true,,ok,,2017,true,,,,,false,captured_ephemeral
lm-evaluation-harness,gsm8k_flexible_extract,f4d4b3de3ee6741a7151a9fe74945ee515262f4c,real-control_correct-58e45e3809bf2724-001,control_correct,finished_control,,true,,ok,,2017,true,,,,,false,captured_ephemeral
lm-evaluation-harness,gsm8k_flexible_extract,f4d4b3de3ee6741a7151a9fe74945ee515262f4c,real-control_correct-ef625c1ebfd1e6d8-001,control_correct,finished_control,,true,,ok,,26,true,,,,,true,captured_ephemeral
lm-evaluation-harness,gsm8k_flexible_extract,f4d4b3de3ee6741a7151a9fe74945ee515262f4c,real-control_correct-fc4941cec6e2d7b3-001,control_correct,finished_control,,true,,ok,,2017,true,,,,,false,captured_ephemeral
lm-evaluation-harness,gsm8k_flexible_extract,f4d4b3de3ee6741a7151a9fe74945ee515262f4c,real-control_correct-14a0b724276c5caa-001,control_correct,finished_control,,true,,ok,,2017,true,,,,,false,captured_ephemeral
lm-evaluation-harness,gsm8k_flexible_extract,f4d4b3de3ee6741a7151a9fe74945ee515262f4c,real-control_correct-5aba32f1a8311a80-001,control_correct,finished_control,,true,,ok,,2017,true,,,,,false,captured_ephemeral
lm-evaluation-harness,gsm8k_flexible_extract,f4d4b3de3ee6741a7151a9fe74945ee515262f4c,real-control_correct-2efd83efcd01279f-001,control_correct,finished_control,,true,,ok,,26,true,,,,,true,captured_ephemeral
lm-evaluation-harness,gsm8k_flexible_extract,f4d4b3de3ee6741a7151a9fe74945ee515262f4c,real-control_correct-c4ae4e148917ebf3-001,control_correct,finished_control,,true,,ok,,23,true,,,,,false,captured_ephemeral
lm-evaluation-harness,gsm8k_flexible_extract,f4d4b3de3ee6741a7151a9fe74945ee515262f4c,real-control_correct-d2716747c59bfdd8-001,control_correct,finished_control,,true,,ok,,23,true,,,,,false,captured_ephemeral
lm-evaluation-harness,gsm8k_flexible_extract,f4d4b3de3ee6741a7151a9fe74945ee515262f4c,real-control_correct-62093781aed9b537-001,control_correct,finished_control,,true,,ok,,23,true,,,,,false,captured_ephemeral
lm-evaluation-harness,gsm8k_flexible_extract,f4d4b3de3ee6741a7151a9fe74945ee515262f4c,real-control_correct-b286790a32a1fbe8-001,control_correct,finished_control,,true,,ok,,2017,true,,,,,false,captured_ephemeral
lm-evaluation-harness,gsm8k_flexible_extract,f4d4b3de3ee6741a7151a9fe74945ee515262f4c,real-control_correct-d18b4c82b12f0306-001,control_correct,finished_control,,true,,ok,,2017,true,,,,,false,captured_ephemeral
lm-evaluation-harness,gsm8k_flexible_extract,f4d4b3de3ee6741a7151a9fe74945ee515262f4c,real-control_correct-96dfc10499a820c6-001,control_correct,finished_control,,true,,ok,,2025,true,,,,,false,captured_ephemeral
lm-evaluation-harness,gsm8k_flexible_extract,f4d4b3de3ee6741a7151a9fe74945ee515262f4c,real-control_correct-3ec3306f5f7bc543-001,control_correct,finished_control,,true,,ok,,23,true,,,,,false,captured_ephemeral
lm-evaluation-harness,gsm8k_flexible_extract,f4d4b3de3ee6741a7151a9fe74945ee515262f4c,real-control_correct-337848c60cd45f12-001,control_correct,finished_control,,true,,ok,,23,true,,,,,false,captured_ephemeral
lm-evaluation-harness,gsm8k_flexible_extract,f4d4b3de3ee6741a7151a9fe74945ee515262f4c,real-control_correct-8494ad4e58faefe9-001,control_correct,finished_control,,true,,ok,,23,true,,,,,false,captured_ephemeral
lm-evaluation-harness,gsm8k_flexible_extract,f4d4b3de3ee6741a7151a9fe74945ee515262f4c,real-control_correct-0f0941eab1767f38-001,control_correct,finished_control,,true,,ok,,23,true,,,,,false,captured_ephemeral
lm-evaluation-harness,gsm8k_flexible_extract,f4d4b3de3ee6741a7151a9fe74945ee515262f4c,real-control_correct-beea208faf3d4bf4-001,control_correct,finished_control,,true,,ok,,26,true,,,,,true,captured_ephemeral
lm-evaluation-harness,gsm8k_flexible_extract,f4d4b3de3ee6741a7151a9fe74945ee515262f4c,real-control_correct-49c6c44114b703fb-001,control_correct,finished_control,,true,,ok,,26,true,,,,,true,captured_ephemeral
lm-evaluation-harness,gsm8k_flexible_extract,f4d4b3de3ee6741a7151a9fe74945ee515262f4c,real-control_correct-7e4dcc5a2d2dc94f-001,control_correct,finished_control,,true,,ok,,$$,true,,,,,false,captured_ephemeral
lm-evaluation-harness,gsm8k_flexible_extract,f4d4b3de3ee6741a7151a9fe74945ee515262f4c,real-control_correct-f3c4bd0f7b512e57-001,control_correct,finished_control,,true,,ok,,$$,true,,,,,false,captured_ephemeral
lm-evaluation-harness,gsm8k_flexible_extract,f4d4b3de3ee6741a7151a9fe74945ee515262f4c,real-control_correct-77dca34ea2834915-001,control_correct,finished_control,,true,,ok,,$$,true,,,,,false,captured_ephemeral
lm-evaluation-harness,gsm8k_flexible_extract,f4d4b3de3ee6741a7151a9fe74945ee515262f4c,real-control_correct-f61d7cc8e44486cd-001,control_correct,finished_control,,true,,ok,,$$,true,,,,,false,captured_ephemeral
lm-evaluation-harness,gsm8k_flexible_extract,f4d4b3de3ee6741a7151a9fe74945ee515262f4c,real-control_correct-83db8adebe9798de-001,control_correct,finished_control,,true,,ok,,23,true,,,,,false,captured_ephemeral
lm-evaluation-harness,gsm8k_flexible_extract,f4d4b3de3ee6741a7151a9fe74945ee515262f4c,real-control_correct-b745903bf49608cc-001,control_correct,finished_control,,true,,ok,,26,true,,,,,true,captured_ephemeral
lm-evaluation-harness,gsm8k_flexible_extract,f4d4b3de3ee6741a7151a9fe74945ee515262f4c,real-control_correct-2c758d44ca541778-001,control_correct,finished_control,,true,,ok,,23,true,,,,,false,captured_ephemeral
lm-evaluation-harness,gsm8k_flexible_extract,f4d4b3de3ee6741a7151a9fe74945ee515262f4c,real-control_correct-4a3fdef251946148-001,control_correct,finished_control,,true,,ok,,23,true,,,,,false,captured_ephemeral
lm-evaluation-harness,gsm8k_flexible_extract,f4d4b3de3ee6741a7151a9fe74945ee515262f4c,real-control_correct-0ec44c79139c33e2-001,control_correct,finished_control,,true,,ok,,2017,true,,,,,false,captured_ephemeral
lm-evaluation-harness,gsm8k_flexible_extract,f4d4b3de3ee6741a7151a9fe74945ee515262f4c,real-control_correct-81b17ec6e1a7d1a8-001,control_correct,finished_control,,true,,ok,,2017,true,,,,,false,captured_ephemeral
lm-evaluation-harness,gsm8k_flexible_extract,f4d4b3de3ee6741a7151a9fe74945ee515262f4c,real-control_correct-0e5f87e242720bf2-001,control_correct,finished_control,,true,,ok,,$$,true,,,,,false,captured_ephemeral
lm-evaluation-harness,gsm8k_flexible_extract,f4d4b3de3ee6741a7151a9fe74945ee515262f4c,real-control_correct-593135bb2de509c3-001,control_correct,finished_control,,true,,ok,,$$,true,,,,,false,captured_ephemeral
lm-evaluation-harness,gsm8k_flexible_extract,f4d4b3de3ee6741a7151a9fe74945ee515262f4c,real-control_correct-c56c011273c6c234-001,control_correct,finished_control,,true,,ok,,3,true,,,,,false,captured_ephemeral
lm-evaluation-harness,gsm8k_flexible_extract,f4d4b3de3ee6741a7151a9fe74945ee515262f4c,real-control_correct-29005d671726f869-001,control_correct,finished_control,,true,,ok,,3,true,,,,,false,captured_ephemeral
lm-evaluation-harness,gsm8k_flexible_extract,f4d4b3de3ee6741a7151a9fe74945ee515262f4c,real-control_correct-67c0cfb485b8e0e1-001,control_correct,finished_control,,true,,ok,,9,true,,,,,false,captured_ephemeral
lm-evaluation-harness,gsm8k_flexible_extract,f4d4b3de3ee6741a7151a9fe74945ee515262f4c,real-control_correct-afc87305e9694a73-001,control_correct,finished_control,,true,,ok,,9,true,,,,,false,captured_ephemeral
lm-evaluation-harness,gsm8k_flexible_extract,f4d4b3de3ee6741a7151a9fe74945ee515262f4c,real-control_correct-e7d166d098fcef41-001,control_correct,finished_control,,true,,ok,,3840,true,,,,,true,captured_ephemeral
lm-evaluation-harness,gsm8k_flexible_extract,f4d4b3de3ee6741a7151a9fe74945ee515262f4c,real-control_correct-c377b550ceb9090b-001,control_correct,finished_control,,true,,ok,,3840,true,,,,,true,captured_ephemeral
lm-evaluation-harness,gsm8k_flexible_extract,f4d4b3de3ee6741a7151a9fe74945ee515262f4c,real-control_correct-b4137beeac8ed865-001,control_correct,finished_control,,true,,ok,,3,true,,,,,false,captured_ephemeral
lm-evaluation-harness,gsm8k_flexible_extract,f4d4b3de3ee6741a7151a9fe74945ee515262f4c,real-control_correct-8124daee9eec1012-001,control_correct,finished_control,,true,,ok,,3,true,,,,,false,captured_ephemeral
opencompass,gsm8k_last_number,96263b1a16899260586c8e945eea06934c43c225,real-truncated-aa20e7ac6246feb9-001,truncated,real_truncated,,true,,import_failed,ModuleNotFoundError: No module named 'rouge_score',,,,,,,,captured_ephemeral
opencompass,gsm8k_last_number,96263b1a16899260586c8e945eea06934c43c225,real-truncated-aa20e7ac6246feb9-002,truncated,real_truncated,,true,,import_failed,ModuleNotFoundError: No module named 'rouge_score',,,,,,,,captured_ephemeral
opencompass,gsm8k_last_number,96263b1a16899260586c8e945eea06934c43c225,real-truncated-aa20e7ac6246feb9-003,truncated,real_truncated,,true,,import_failed,ModuleNotFoundError: No module named 'rouge_score',,,,,,,,captured_ephemeral
opencompass,gsm8k_last_number,96263b1a16899260586c8e945eea06934c43c225,real-truncated-aa20e7ac6246feb9-004,truncated,real_truncated,,true,,import_failed,ModuleNotFoundError: No module named 'rouge_score',,,,,,,,captured_ephemeral
opencompass,gsm8k_last_number,96263b1a16899260586c8e945eea06934c43c225,real-truncated-6cbbd1fc624eeadc-001,truncated,real_truncated,,true,,import_failed,ModuleNotFoundError: No module named 'rouge_score',,,,,,,,captured_ephemeral
opencompass,gsm8k_last_number,96263b1a16899260586c8e945eea06934c43c225,real-truncated-bd664f49bf0e323e-001,truncated,real_truncated,,true,,import_failed,ModuleNotFoundError: No module named 'rouge_score',,,,,,,,captured_ephemeral
opencompass,gsm8k_last_number,96263b1a16899260586c8e945eea06934c43c225,real-truncated-491eccf133b25a22-001,truncated,real_truncated,,true,,import_failed,ModuleNotFoundError: No module named 'rouge_score',,,,,,,,captured_ephemeral
opencompass,gsm8k_last_number,96263b1a16899260586c8e945eea06934c43c225,real-truncated-6a67539058b9830a-001,truncated,real_truncated,,true,,import_failed,ModuleNotFoundError: No module named 'rouge_score',,,,,,,,captured_ephemeral
opencompass,gsm8k_last_number,96263b1a16899260586c8e945eea06934c43c225,real-truncated-80007a0418241777-001,truncated,real_truncated,,true,,import_failed,ModuleNotFoundError: No module named 'rouge_score',,,,,,,,captured_ephemeral
opencompass,gsm8k_last_number,96263b1a16899260586c8e945eea06934c43c225,real-truncated-3e5a56704b99efaf-001,truncated,real_truncated,,true,,import_failed,ModuleNotFoundError: No module named 'rouge_score',,,,,,,,captured_ephemeral
opencompass,gsm8k_last_number,96263b1a16899260586c8e945eea06934c43c225,real-truncated-0f801e8936e3e652-001,truncated,real_truncated,,true,,import_failed,ModuleNotFoundError: No module named 'rouge_score',,,,,,,,captured_ephemeral
opencompass,gsm8k_last_number,96263b1a16899260586c8e945eea06934c43c225,real-truncated-64dca569eb2179ee-001,truncated,real_truncated,,true,,import_failed,ModuleNotFoundError: No module named 'rouge_score',,,,,,,,captured_ephemeral
opencompass,gsm8k_last_number,96263b1a16899260586c8e945eea06934c43c225,real-truncated-62f658f8621431bd-001,truncated,real_truncated,,true,,import_failed,ModuleNotFoundError: No module named 'rouge_score',,,,,,,,captured_ephemeral
opencompass,gsm8k_last_number,96263b1a16899260586c8e945eea06934c43c225,real-truncated-d1c8cfdc97ccfed3-001,truncated,real_truncated,,true,,import_failed,ModuleNotFoundError: No module named 'rouge_score',,,,,,,,captured_ephemeral
opencompass,gsm8k_last_number,96263b1a16899260586c8e945eea06934c43c225,real-truncated-11ac842eba29ce66-001,truncated,real_truncated,,true,,import_failed,ModuleNotFoundError: No module named 'rouge_score',,,,,,,,captured_ephemeral
opencompass,gsm8k_last_number,96263b1a16899260586c8e945eea06934c43c225,real-truncated-7d4dcc415df8964c-001,truncated,real_truncated,,true,,import_failed,ModuleNotFoundError: No module named 'rouge_score',,,,,,,,captured_ephemeral
opencompass,gsm8k_last_number,96263b1a16899260586c8e945eea06934c43c225,real-truncated-40b63e4bb8bc1fc2-001,truncated,real_truncated,,true,,import_failed,ModuleNotFoundError: No module named 'rouge_score',,,,,,,,captured_ephemeral
opencompass,gsm8k_last_number,96263b1a16899260586c8e945eea06934c43c225,real-truncated-e4cb8ed5052dcd59-001,truncated,real_truncated,,true,,import_failed,ModuleNotFoundError: No module named 'rouge_score',,,,,,,,captured_ephemeral
opencompass,gsm8k_last_number,96263b1a16899260586c8e945eea06934c43c225,real-truncated-5f94257404611a94-001,truncated,real_truncated,,true,,import_failed,ModuleNotFoundError: No module named 'rouge_score',,,,,,,,captured_ephemeral
opencompass,gsm8k_last_number,96263b1a16899260586c8e945eea06934c43c225,real-truncated-cac6cd311f4a62d6-001,truncated,real_truncated,,true,,import_failed,ModuleNotFoundError: No module named 'rouge_score',,,,,,,,captured_ephemeral
opencompass,gsm8k_last_number,96263b1a16899260586c8e945eea06934c43c225,real-truncated-d8a68b2d62a0e37e-001,truncated,real_truncated,,true,,import_failed,ModuleNotFoundError: No module named 'rouge_score',,,,,,,,captured_ephemeral
opencompass,gsm8k_last_number,96263b1a16899260586c8e945eea06934c43c225,real-truncated-6313122c5f9da4b8-001,truncated,real_truncated,,true,,import_failed,ModuleNotFoundError: No module named 'rouge_score',,,,,,,,captured_ephemeral
opencompass,gsm8k_last_number,96263b1a16899260586c8e945eea06934c43c225,real-truncated-9880d7c411a9144e-001,truncated,real_truncated,,true,,import_failed,ModuleNotFoundError: No module named 'rouge_score',,,,,,,,captured_ephemeral
opencompass,gsm8k_last_number,96263b1a16899260586c8e945eea06934c43c225,real-truncated-c4dd38bcc0c31ad8-001,truncated,real_truncated,,true,,import_failed,ModuleNotFoundError: No module named 'rouge_score',,,,,,,,captured_ephemeral
opencompass,gsm8k_last_number,96263b1a16899260586c8e945eea06934c43c225,real-truncated-c7a933a4b57b2cee-001,truncated,real_truncated,,true,,import_failed,ModuleNotFoundError: No module named 'rouge_score',,,,,,,,captured_ephemeral
opencompass,gsm8k_last_number,96263b1a16899260586c8e945eea06934c43c225,real-truncated-7ae317e50e0d73c5-001,truncated,real_truncated,,true,,import_failed,ModuleNotFoundError: No module named 'rouge_score',,,,,,,,captured_ephemeral
opencompass,gsm8k_last_number,96263b1a16899260586c8e945eea06934c43c225,real-truncated-9ecfc35fcefae241-001,truncated,real_truncated,,true,,import_failed,ModuleNotFoundError: No module named 'rouge_score',,,,,,,,captured_ephemeral
opencompass,gsm8k_last_number,96263b1a16899260586c8e945eea06934c43c225,real-truncated-acb3a5295c56829c-001,truncated,real_truncated,,true,,import_failed,ModuleNotFoundError: No module named 'rouge_score',,,,,,,,captured_ephemeral
opencompass,gsm8k_last_number,96263b1a16899260586c8e945eea06934c43c225,real-truncated-25007c1e26d4eeb2-001,truncated,real_truncated,,true,,import_failed,ModuleNotFoundError: No module named 'rouge_score',,,,,,,,captured_ephemeral
opencompass,gsm8k_last_number,96263b1a16899260586c8e945eea06934c43c225,real-truncated-ba728ce1826746c2-001,truncated,real_truncated,,true,,import_failed,ModuleNotFoundError: No module named 'rouge_score',,,,,,,,captured_ephemeral
opencompass,gsm8k_last_number,96263b1a16899260586c8e945eea06934c43c225,real-truncated-707f12f62e6d4cef-001,truncated,real_truncated,,true,,import_failed,ModuleNotFoundError: No module named 'rouge_score',,,,,,,,captured_ephemeral
opencompass,gsm8k_last_number,96263b1a16899260586c8e945eea06934c43c225,real-truncated-d2e93ae35a6c6929-001,truncated,real_truncated,,true,,import_failed,ModuleNotFoundError: No module named 'rouge_score',,,,,,,,captured_ephemeral
opencompass,gsm8k_last_number,96263b1a16899260586c8e945eea06934c43c225,real-truncated-062cf1ffe5b924fa-001,truncated,real_truncated,,true,,import_failed,ModuleNotFoundError: No module named 'rouge_score',,,,,,,,captured_ephemeral
opencompass,gsm8k_last_number,96263b1a16899260586c8e945eea06934c43c225,real-truncated-805630023b55e371-001,truncated,real_truncated,,true,,import_failed,ModuleNotFoundError: No module named 'rouge_score',,,,,,,,captured_ephemeral
opencompass,gsm8k_last_number,96263b1a16899260586c8e945eea06934c43c225,real-truncated-3eacef22437fd915-001,truncated,real_truncated,,true,,import_failed,ModuleNotFoundError: No module named 'rouge_score',,,,,,,,captured_ephemeral
opencompass,gsm8k_last_number,96263b1a16899260586c8e945eea06934c43c225,real-truncated-5da13db78fc0a540-001,truncated,real_truncated,,true,,import_failed,ModuleNotFoundError: No module named 'rouge_score',,,,,,,,captured_ephemeral
opencompass,gsm8k_last_number,96263b1a16899260586c8e945eea06934c43c225,real-truncated-4480e573ba66416f-001,truncated,real_truncated,,true,,import_failed,ModuleNotFoundError: No module named 'rouge_score',,,,,,,,captured_ephemeral
opencompass,gsm8k_last_number,96263b1a16899260586c8e945eea06934c43c225,real-truncated-5f4343c0d4868050-001,truncated,real_truncated,,true,,import_failed,ModuleNotFoundError: No module named 'rouge_score',,,,,,,,captured_ephemeral
opencompass,gsm8k_last_number,96263b1a16899260586c8e945eea06934c43c225,real-truncated-4749817223a7201d-001,truncated,real_truncated,,true,,import_failed,ModuleNotFoundError: No module named 'rouge_score',,,,,,,,captured_ephemeral
opencompass,gsm8k_last_number,96263b1a16899260586c8e945eea06934c43c225,real-truncated-bba38d303fcf87eb-001,truncated,real_truncated,,true,,import_failed,ModuleNotFoundError: No module named 'rouge_score',,,,,,,,captured_ephemeral
opencompass,gsm8k_last_number,96263b1a16899260586c8e945eea06934c43c225,real-truncated-d85d90aaf4cc1ca6-001,truncated,real_truncated,,true,,import_failed,ModuleNotFoundError: No module named 'rouge_score',,,,,,,,captured_ephemeral
opencompass,gsm8k_last_number,96263b1a16899260586c8e945eea06934c43c225,real-truncated-525ccd1eb6fbf139-001,truncated,real_truncated,,true,,import_failed,ModuleNotFoundError: No module named 'rouge_score',,,,,,,,captured_ephemeral
opencompass,gsm8k_last_number,96263b1a16899260586c8e945eea06934c43c225,real-truncated-e1572c89e32df953-001,truncated,real_truncated,,true,,import_failed,ModuleNotFoundError: No module named 'rouge_score',,,,,,,,captured_ephemeral
opencompass,gsm8k_last_number,96263b1a16899260586c8e945eea06934c43c225,real-truncated-247556f85b1c55a4-001,truncated,real_truncated,,true,,import_failed,ModuleNotFoundError: No module named 'rouge_score',,,,,,,,captured_ephemeral
opencompass,gsm8k_last_number,96263b1a16899260586c8e945eea06934c43c225,real-truncated-75443d7e611f2187-001,truncated,real_truncated,,true,,import_failed,ModuleNotFoundError: No module named 'rouge_score',,,,,,,,captured_ephemeral
opencompass,gsm8k_last_number,96263b1a16899260586c8e945eea06934c43c225,real-truncated-35be201956f48fd0-001,truncated,real_truncated,,true,,import_failed,ModuleNotFoundError: No module named 'rouge_score',,,,,,,,captured_ephemeral
opencompass,gsm8k_last_number,96263b1a16899260586c8e945eea06934c43c225,real-truncated-9bb1434201a768b2-001,truncated,real_truncated,,true,,import_failed,ModuleNotFoundError: No module named 'rouge_score',,,,,,,,captured_ephemeral
opencompass,gsm8k_last_number,96263b1a16899260586c8e945eea06934c43c225,real-truncated-95b8c4379b5dc2e4-001,truncated,real_truncated,,true,,import_failed,ModuleNotFoundError: No module named 'rouge_score',,,,,,,,captured_ephemeral
opencompass,gsm8k_last_number,96263b1a16899260586c8e945eea06934c43c225,real-truncated-770210b9f8b54309-001,truncated,real_truncated,,true,,import_failed,ModuleNotFoundError: No module named 'rouge_score',,,,,,,,captured_ephemeral
opencompass,gsm8k_last_number,96263b1a16899260586c8e945eea06934c43c225,real-truncated-89322f67b05ffd2c-001,truncated,real_truncated,,true,,import_failed,ModuleNotFoundError: No module named 'rouge_score',,,,,,,,captured_ephemeral
opencompass,gsm8k_last_number,96263b1a16899260586c8e945eea06934c43c225,real-truncated-1f7af8c0564d30c0-001,truncated,real_truncated,,true,,import_failed,ModuleNotFoundError: No module named 'rouge_score',,,,,,,,captured_ephemeral
opencompass,gsm8k_last_number,96263b1a16899260586c8e945eea06934c43c225,real-truncated-0f4e8f3e7a20e1ab-001,truncated,real_truncated,,true,,import_failed,ModuleNotFoundError: No module named 'rouge_score',,,,,,,,captured_ephemeral
opencompass,gsm8k_last_number,96263b1a16899260586c8e945eea06934c43c225,real-truncated-88da8be5be46715d-001,truncated,real_truncated,,true,,import_failed,ModuleNotFoundError: No module named 'rouge_score',,,,,,,,captured_ephemeral
opencompass,gsm8k_last_number,96263b1a16899260586c8e945eea06934c43c225,real-truncated-6082a79b2216cc1e-001,truncated,real_truncated,,true,,import_failed,ModuleNotFoundError: No module named 'rouge_score',,,,,,,,captured_ephemeral
opencompass,gsm8k_last_number,96263b1a16899260586c8e945eea06934c43c225,real-truncated-798d25ae0b5abad7-001,truncated,real_truncated,,true,,import_failed,ModuleNotFoundError: No module named 'rouge_score',,,,,,,,captured_ephemeral
opencompass,gsm8k_last_number,96263b1a16899260586c8e945eea06934c43c225,real-truncated-b92076fc9cd5e016-001,truncated,real_truncated,,true,,import_failed,ModuleNotFoundError: No module named 'rouge_score',,,,,,,,captured_ephemeral
opencompass,gsm8k_last_number,96263b1a16899260586c8e945eea06934c43c225,real-truncated-aaa0d7f68b704bec-001,truncated,real_truncated,,true,,import_failed,ModuleNotFoundError: No module named 'rouge_score',,,,,,,,captured_ephemeral
opencompass,gsm8k_last_number,96263b1a16899260586c8e945eea06934c43c225,real-truncated-55417c12215c3d52-001,truncated,real_truncated,,true,,import_failed,ModuleNotFoundError: No module named 'rouge_score',,,,,,,,captured_ephemeral
opencompass,gsm8k_last_number,96263b1a16899260586c8e945eea06934c43c225,real-truncated-7119848ec423bf7a-001,truncated,real_truncated,,true,,import_failed,ModuleNotFoundError: No module named 'rouge_score',,,,,,,,captured_ephemeral
opencompass,gsm8k_last_number,96263b1a16899260586c8e945eea06934c43c225,real-truncated-99187b20ecf0bdb9-001,truncated,real_truncated,,true,,import_failed,ModuleNotFoundError: No module named 'rouge_score',,,,,,,,captured_ephemeral
opencompass,gsm8k_last_number,96263b1a16899260586c8e945eea06934c43c225,real-truncated-7734823d0e946fc4-001,truncated,real_truncated,,true,,import_failed,ModuleNotFoundError: No module named 'rouge_score',,,,,,,,captured_ephemeral
opencompass,gsm8k_last_number,96263b1a16899260586c8e945eea06934c43c225,real-truncated-a1cc1d1204da2de1-001,truncated,real_truncated,,true,,import_failed,ModuleNotFoundError: No module named 'rouge_score',,,,,,,,captured_ephemeral
opencompass,gsm8k_last_number,96263b1a16899260586c8e945eea06934c43c225,real-truncated-8ccb63cb04064591-001,truncated,real_truncated,,true,,import_failed,ModuleNotFoundError: No module named 'rouge_score',,,,,,,,captured_ephemeral
opencompass,gsm8k_last_number,96263b1a16899260586c8e945eea06934c43c225,real-truncated-ef7b1a56c6749a3f-001,truncated,real_truncated,,true,,import_failed,ModuleNotFoundError: No module named 'rouge_score',,,,,,,,captured_ephemeral
opencompass,gsm8k_last_number,96263b1a16899260586c8e945eea06934c43c225,real-truncated-4d3201f20fa1bbd7-001,truncated,real_truncated,,true,,import_failed,ModuleNotFoundError: No module named 'rouge_score',,,,,,,,captured_ephemeral
opencompass,gsm8k_last_number,96263b1a16899260586c8e945eea06934c43c225,real-truncated-268a568ac4786f87-001,truncated,real_truncated,,true,,import_failed,ModuleNotFoundError: No module named 'rouge_score',,,,,,,,captured_ephemeral
opencompass,gsm8k_last_number,96263b1a16899260586c8e945eea06934c43c225,real-truncated-fe7eed6c63be702d-001,truncated,real_truncated,,true,,import_failed,ModuleNotFoundError: No module named 'rouge_score',,,,,,,,captured_ephemeral
opencompass,gsm8k_last_number,96263b1a16899260586c8e945eea06934c43c225,real-truncated-e730046d14071b1b-001,truncated,real_truncated,,true,,import_failed,ModuleNotFoundError: No module named 'rouge_score',,,,,,,,captured_ephemeral
opencompass,gsm8k_last_number,96263b1a16899260586c8e945eea06934c43c225,real-truncated-22d120ff2613fb3c-001,truncated,real_truncated,,true,,import_failed,ModuleNotFoundError: No module named 'rouge_score',,,,,,,,captured_ephemeral
opencompass,gsm8k_last_number,96263b1a16899260586c8e945eea06934c43c225,real-truncated-44a1889a65c89a98-001,truncated,real_truncated,,true,,import_failed,ModuleNotFoundError: No module named 'rouge_score',,,,,,,,captured_ephemeral
opencompass,gsm8k_last_number,96263b1a16899260586c8e945eea06934c43c225,real-truncated-3044f9e5b658cf47-001,truncated,real_truncated,,true,,import_failed,ModuleNotFoundError: No module named 'rouge_score',,,,,,,,captured_ephemeral
opencompass,gsm8k_last_number,96263b1a16899260586c8e945eea06934c43c225,real-truncated-9dba0a611623ccce-001,truncated,real_truncated,,true,,import_failed,ModuleNotFoundError: No module named 'rouge_score',,,,,,,,captured_ephemeral
opencompass,gsm8k_last_number,96263b1a16899260586c8e945eea06934c43c225,real-truncated-56ad692d3950a6ae-001,truncated,real_truncated,,true,,import_failed,ModuleNotFoundError: No module named 'rouge_score',,,,,,,,captured_ephemeral
opencompass,gsm8k_last_number,96263b1a16899260586c8e945eea06934c43c225,real-truncated-6279f7b6b01ea2e2-001,truncated,real_truncated,,true,,import_failed,ModuleNotFoundError: No module named 'rouge_score',,,,,,,,captured_ephemeral
opencompass,gsm8k_last_number,96263b1a16899260586c8e945eea06934c43c225,real-truncated-210fbcf5ff0f49e9-001,truncated,real_truncated,,true,,import_failed,ModuleNotFoundError: No module named 'rouge_score',,,,,,,,captured_ephemeral
opencompass,gsm8k_last_number,96263b1a16899260586c8e945eea06934c43c225,real-truncated-8b88e292ba1b4c5c-001,truncated,real_truncated,,true,,import_failed,ModuleNotFoundError: No module named 'rouge_score',,,,,,,,captured_ephemeral
opencompass,gsm8k_last_number,96263b1a16899260586c8e945eea06934c43c225,real-truncated-bc0e37aef7f95216-001,truncated,real_truncated,,true,,import_failed,ModuleNotFoundError: No module named 'rouge_score',,,,,,,,captured_ephemeral
opencompass,gsm8k_last_number,96263b1a16899260586c8e945eea06934c43c225,real-truncated-af0577d51fd778a1-001,truncated,real_truncated,,true,,import_failed,ModuleNotFoundError: No module named 'rouge_score',,,,,,,,captured_ephemeral
opencompass,gsm8k_last_number,96263b1a16899260586c8e945eea06934c43c225,real-truncated-8ee42cd3eba12ec6-001,truncated,real_truncated,,true,,import_failed,ModuleNotFoundError: No module named 'rouge_score',,,,,,,,captured_ephemeral
opencompass,gsm8k_last_number,96263b1a16899260586c8e945eea06934c43c225,real-truncated-11779f2fc604d057-001,truncated,real_truncated,,true,,import_failed,ModuleNotFoundError: No module named 'rouge_score',,,,,,,,captured_ephemeral
opencompass,gsm8k_last_number,96263b1a16899260586c8e945eea06934c43c225,real-truncated-eface0049132e97d-001,truncated,real_truncated,,true,,import_failed,ModuleNotFoundError: No module named 'rouge_score',,,,,,,,captured_ephemeral
opencompass,gsm8k_last_number,96263b1a16899260586c8e945eea06934c43c225,real-truncated-5713bc6fb1dfa8d0-001,truncated,real_truncated,,true,,import_failed,ModuleNotFoundError: No module named 'rouge_score',,,,,,,,captured_ephemeral
opencompass,gsm8k_last_number,96263b1a16899260586c8e945eea06934c43c225,real-truncated-505bc873a129bcd1-001,truncated,real_truncated,,true,,import_failed,ModuleNotFoundError: No module named 'rouge_score',,,,,,,,captured_ephemeral
opencompass,gsm8k_last_number,96263b1a16899260586c8e945eea06934c43c225,real-truncated-6853bba8299795d5-001,truncated,real_truncated,,true,,import_failed,ModuleNotFoundError: No module named 'rouge_score',,,,,,,,captured_ephemeral
opencompass,gsm8k_last_number,96263b1a16899260586c8e945eea06934c43c225,real-truncated-20f1e0708a19abc4-001,truncated,real_truncated,,true,,import_failed,ModuleNotFoundError: No module named 'rouge_score',,,,,,,,captured_ephemeral
opencompass,gsm8k_last_number,96263b1a16899260586c8e945eea06934c43c225,real-truncated-6e4eb7af77ed2ff8-001,truncated,real_truncated,,true,,import_failed,ModuleNotFoundError: No module named 'rouge_score',,,,,,,,captured_ephemeral
opencompass,gsm8k_last_number,96263b1a16899260586c8e945eea06934c43c225,real-truncated-8ea28fa7707b3025-001,truncated,real_truncated,,true,,import_failed,ModuleNotFoundError: No module named 'rouge_score',,,,,,,,captured_ephemeral
opencompass,gsm8k_last_number,96263b1a16899260586c8e945eea06934c43c225,real-truncated-d8eeb7b64dd7015a-001,truncated,real_truncated,,true,,import_failed,ModuleNotFoundError: No module named 'rouge_score',,,,,,,,captured_ephemeral
opencompass,gsm8k_last_number,96263b1a16899260586c8e945eea06934c43c225,real-truncated-fb10e3776314a519-001,truncated,real_truncated,,true,,import_failed,ModuleNotFoundError: No module named 'rouge_score',,,,,,,,captured_ephemeral
opencompass,gsm8k_last_number,96263b1a16899260586c8e945eea06934c43c225,real-truncated-ccd8a323f6c2b744-001,truncated,real_truncated,,true,,import_failed,ModuleNotFoundError: No module named 'rouge_score',,,,,,,,captured_ephemeral
opencompass,gsm8k_last_number,96263b1a16899260586c8e945eea06934c43c225,real-truncated-1828f5a31563f6e3-001,truncated,real_truncated,,true,,import_failed,ModuleNotFoundError: No module named 'rouge_score',,,,,,,,captured_ephemeral
opencompass,gsm8k_last_number,96263b1a16899260586c8e945eea06934c43c225,real-truncated-a5460d50cb8daafc-001,truncated,real_truncated,,true,,import_failed,ModuleNotFoundError: No module named 'rouge_score',,,,,,,,captured_ephemeral
opencompass,gsm8k_last_number,96263b1a16899260586c8e945eea06934c43c225,real-truncated-e7536ddc4697865a-001,truncated,real_truncated,,true,,import_failed,ModuleNotFoundError: No module named 'rouge_score',,,,,,,,captured_ephemeral
opencompass,gsm8k_last_number,96263b1a16899260586c8e945eea06934c43c225,real-truncated-3b6b5e2e07c8adab-001,truncated,real_truncated,,true,,import_failed,ModuleNotFoundError: No module named 'rouge_score',,,,,,,,captured_ephemeral
opencompass,gsm8k_last_number,96263b1a16899260586c8e945eea06934c43c225,real-truncated-45fd9dd0b16def99-001,truncated,real_truncated,,true,,import_failed,ModuleNotFoundError: No module named 'rouge_score',,,,,,,,captured_ephemeral
opencompass,gsm8k_last_number,96263b1a16899260586c8e945eea06934c43c225,real-truncated-390931de8b8a68ae-001,truncated,real_truncated,,true,,import_failed,ModuleNotFoundError: No module named 'rouge_score',,,,,,,,captured_ephemeral
opencompass,gsm8k_last_number,96263b1a16899260586c8e945eea06934c43c225,real-truncated-23c7087e22382c85-001,truncated,real_truncated,,true,,import_failed,ModuleNotFoundError: No module named 'rouge_score',,,,,,,,captured_ephemeral
opencompass,gsm8k_last_number,96263b1a16899260586c8e945eea06934c43c225,real-truncated-740acaaa5658c524-001,truncated,real_truncated,,true,,import_failed,ModuleNotFoundError: No module named 'rouge_score',,,,,,,,captured_ephemeral
opencompass,gsm8k_last_number,96263b1a16899260586c8e945eea06934c43c225,real-truncated-e6a7555e64fb1fc8-001,truncated,real_truncated,,true,,import_failed,ModuleNotFoundError: No module named 'rouge_score',,,,,,,,captured_ephemeral
opencompass,gsm8k_last_number,96263b1a16899260586c8e945eea06934c43c225,real-truncated-d4aec9cd22f44d16-001,truncated,real_truncated,,true,,import_failed,ModuleNotFoundError: No module named 'rouge_score',,,,,,,,captured_ephemeral
opencompass,gsm8k_last_number,96263b1a16899260586c8e945eea06934c43c225,real-truncated-4ea3c98b3c90e29e-001,truncated,real_truncated,,true,,import_failed,ModuleNotFoundError: No module named 'rouge_score',,,,,,,,captured_ephemeral
opencompass,gsm8k_last_number,96263b1a16899260586c8e945eea06934c43c225,real-truncated-f9eaa5fd29415a58-001,truncated,real_truncated,,true,,import_failed,ModuleNotFoundError: No module named 'rouge_score',,,,,,,,captured_ephemeral
opencompass,gsm8k_last_number,96263b1a16899260586c8e945eea06934c43c225,real-truncated-85c7b95581c097ef-001,truncated,real_truncated,,true,,import_failed,ModuleNotFoundError: No module named 'rouge_score',,,,,,,,captured_ephemeral
opencompass,gsm8k_last_number,96263b1a16899260586c8e945eea06934c43c225,real-truncated-aa1b94cca1993363-001,truncated,real_truncated,,true,,import_failed,ModuleNotFoundError: No module named 'rouge_score',,,,,,,,captured_ephemeral
opencompass,gsm8k_last_number,96263b1a16899260586c8e945eea06934c43c225,real-truncated-6ee8443d1d436cf6-001,truncated,real_truncated,,true,,import_failed,ModuleNotFoundError: No module named 'rouge_score',,,,,,,,captured_ephemeral
opencompass,gsm8k_last_number,96263b1a16899260586c8e945eea06934c43c225,real-truncated-6ee8443d1d436cf6-002,truncated,real_truncated,,true,,import_failed,ModuleNotFoundError: No module named 'rouge_score',,,,,,,,captured_ephemeral
opencompass,gsm8k_last_number,96263b1a16899260586c8e945eea06934c43c225,real-truncated-6ee8443d1d436cf6-003,truncated,real_truncated,,true,,import_failed,ModuleNotFoundError: No module named 'rouge_score',,,,,,,,captured_ephemeral
opencompass,gsm8k_last_number,96263b1a16899260586c8e945eea06934c43c225,real-truncated-5281b3506686a184-001,truncated,real_truncated,,true,,import_failed,ModuleNotFoundError: No module named 'rouge_score',,,,,,,,captured_ephemeral
opencompass,gsm8k_last_number,96263b1a16899260586c8e945eea06934c43c225,real-truncated-5281b3506686a184-002,truncated,real_truncated,,true,,import_failed,ModuleNotFoundError: No module named 'rouge_score',,,,,,,,captured_ephemeral
opencompass,gsm8k_last_number,96263b1a16899260586c8e945eea06934c43c225,real-truncated-5281b3506686a184-003,truncated,real_truncated,,true,,import_failed,ModuleNotFoundError: No module named 'rouge_score',,,,,,,,captured_ephemeral
opencompass,gsm8k_last_number,96263b1a16899260586c8e945eea06934c43c225,real-truncated-abb81d1b8c4db67a-001,truncated,real_truncated,,true,,import_failed,ModuleNotFoundError: No module named 'rouge_score',,,,,,,,captured_ephemeral
opencompass,gsm8k_last_number,96263b1a16899260586c8e945eea06934c43c225,real-truncated-a79daf5eab47793c-001,truncated,real_truncated,,true,,import_failed,ModuleNotFoundError: No module named 'rouge_score',,,,,,,,captured_ephemeral
opencompass,gsm8k_last_number,96263b1a16899260586c8e945eea06934c43c225,real-truncated-16277ed40a76d930-001,truncated,real_truncated,,true,,import_failed,ModuleNotFoundError: No module named 'rouge_score',,,,,,,,captured_ephemeral
opencompass,gsm8k_last_number,96263b1a16899260586c8e945eea06934c43c225,real-truncated-e4e046aee036728b-001,truncated,real_truncated,,true,,import_failed,ModuleNotFoundError: No module named 'rouge_score',,,,,,,,captured_ephemeral
opencompass,gsm8k_last_number,96263b1a16899260586c8e945eea06934c43c225,real-truncated-6dd1f374f6ed08df-001,truncated,real_truncated,,true,,import_failed,ModuleNotFoundError: No module named 'rouge_score',,,,,,,,captured_ephemeral
opencompass,gsm8k_last_number,96263b1a16899260586c8e945eea06934c43c225,real-truncated-0d2658ccd619147a-001,truncated,real_truncated,,true,,import_failed,ModuleNotFoundError: No module named 'rouge_score',,,,,,,,captured_ephemeral
opencompass,gsm8k_last_number,96263b1a16899260586c8e945eea06934c43c225,real-truncated-74696bb1b2b136e8-001,truncated,real_truncated,,true,,import_failed,ModuleNotFoundError: No module named 'rouge_score',,,,,,,,captured_ephemeral
opencompass,gsm8k_last_number,96263b1a16899260586c8e945eea06934c43c225,real-truncated-fdfa2be691dea487-001,truncated,real_truncated,,true,,import_failed,ModuleNotFoundError: No module named 'rouge_score',,,,,,,,captured_ephemeral
opencompass,gsm8k_last_number,96263b1a16899260586c8e945eea06934c43c225,real-truncated-075bf5961ff00993-001,truncated,real_truncated,,true,,import_failed,ModuleNotFoundError: No module named 'rouge_score',,,,,,,,captured_ephemeral
opencompass,gsm8k_last_number,96263b1a16899260586c8e945eea06934c43c225,real-truncated-075bf5961ff00993-002,truncated,real_truncated,,true,,import_failed,ModuleNotFoundError: No module named 'rouge_score',,,,,,,,captured_ephemeral
opencompass,gsm8k_last_number,96263b1a16899260586c8e945eea06934c43c225,real-truncated-17eebdd1a966e5f0-001,truncated,real_truncated,,true,,import_failed,ModuleNotFoundError: No module named 'rouge_score',,,,,,,,captured_ephemeral
opencompass,gsm8k_last_number,96263b1a16899260586c8e945eea06934c43c225,real-truncated-a4bb63b5ba4a773e-001,truncated,real_truncated,,true,,import_failed,ModuleNotFoundError: No module named 'rouge_score',,,,,,,,captured_ephemeral
opencompass,gsm8k_last_number,96263b1a16899260586c8e945eea06934c43c225,real-truncated-a4bb63b5ba4a773e-002,truncated,real_truncated,,true,,import_failed,ModuleNotFoundError: No module named 'rouge_score',,,,,,,,captured_ephemeral
opencompass,gsm8k_last_number,96263b1a16899260586c8e945eea06934c43c225,real-truncated-a4bb63b5ba4a773e-003,truncated,real_truncated,,true,,import_failed,ModuleNotFoundError: No module named 'rouge_score',,,,,,,,captured_ephemeral
opencompass,gsm8k_last_number,96263b1a16899260586c8e945eea06934c43c225,real-truncated-355520fb8f2104ec-001,truncated,real_truncated,,true,,import_failed,ModuleNotFoundError: No module named 'rouge_score',,,,,,,,captured_ephemeral
opencompass,gsm8k_last_number,96263b1a16899260586c8e945eea06934c43c225,real-truncated-49565e194413328d-001,truncated,real_truncated,,true,,import_failed,ModuleNotFoundError: No module named 'rouge_score',,,,,,,,captured_ephemeral
opencompass,gsm8k_last_number,96263b1a16899260586c8e945eea06934c43c225,real-truncated-85f19c1e57445cde-001,truncated,real_truncated,,true,,import_failed,ModuleNotFoundError: No module named 'rouge_score',,,,,,,,captured_ephemeral
opencompass,gsm8k_last_number,96263b1a16899260586c8e945eea06934c43c225,real-truncated-bd836ccf84464689-001,truncated,real_truncated,,true,,import_failed,ModuleNotFoundError: No module named 'rouge_score',,,,,,,,captured_ephemeral
opencompass,gsm8k_last_number,96263b1a16899260586c8e945eea06934c43c225,real-truncated-b881db2f3106d76e-001,truncated,real_truncated,,true,,import_failed,ModuleNotFoundError: No module named 'rouge_score',,,,,,,,captured_ephemeral
opencompass,gsm8k_last_number,96263b1a16899260586c8e945eea06934c43c225,real-truncated-58796eda234de823-001,truncated,real_truncated,,true,,import_failed,ModuleNotFoundError: No module named 'rouge_score',,,,,,,,captured_ephemeral
opencompass,gsm8k_last_number,96263b1a16899260586c8e945eea06934c43c225,real-truncated-d876807b9ced546e-001,truncated,real_truncated,,true,,import_failed,ModuleNotFoundError: No module named 'rouge_score',,,,,,,,captured_ephemeral
opencompass,gsm8k_last_number,96263b1a16899260586c8e945eea06934c43c225,synthetic-1729-mid_box-001,truncated,synthetic_truncated,mid_box,true,,import_failed,ModuleNotFoundError: No module named 'rouge_score',,,,,,,,captured_ephemeral
opencompass,gsm8k_last_number,96263b1a16899260586c8e945eea06934c43c225,synthetic-1729-mid_box-002,truncated,synthetic_truncated,mid_box,true,,import_failed,ModuleNotFoundError: No module named 'rouge_score',,,,,,,,captured_ephemeral
opencompass,gsm8k_last_number,96263b1a16899260586c8e945eea06934c43c225,synthetic-1729-mid_box-003,truncated,synthetic_truncated,mid_box,true,,import_failed,ModuleNotFoundError: No module named 'rouge_score',,,,,,,,captured_ephemeral
opencompass,gsm8k_last_number,96263b1a16899260586c8e945eea06934c43c225,synthetic-1729-mid_box-004,truncated,synthetic_truncated,mid_box,true,,import_failed,ModuleNotFoundError: No module named 'rouge_score',,,,,,,,captured_ephemeral
opencompass,gsm8k_last_number,96263b1a16899260586c8e945eea06934c43c225,synthetic-1729-mid_box-005,truncated,synthetic_truncated,mid_box,true,,import_failed,ModuleNotFoundError: No module named 'rouge_score',,,,,,,,captured_ephemeral
opencompass,gsm8k_last_number,96263b1a16899260586c8e945eea06934c43c225,synthetic-1729-mid_box-006,truncated,synthetic_truncated,mid_box,true,,import_failed,ModuleNotFoundError: No module named 'rouge_score',,,,,,,,captured_ephemeral
opencompass,gsm8k_last_number,96263b1a16899260586c8e945eea06934c43c225,synthetic-1729-mid_box-007,truncated,synthetic_truncated,mid_box,true,,import_failed,ModuleNotFoundError: No module named 'rouge_score',,,,,,,,captured_ephemeral
opencompass,gsm8k_last_number,96263b1a16899260586c8e945eea06934c43c225,synthetic-1729-mid_box-008,truncated,synthetic_truncated,mid_box,true,,import_failed,ModuleNotFoundError: No module named 'rouge_score',,,,,,,,captured_ephemeral
opencompass,gsm8k_last_number,96263b1a16899260586c8e945eea06934c43c225,synthetic-1729-mid_box-009,truncated,synthetic_truncated,mid_box,true,,import_failed,ModuleNotFoundError: No module named 'rouge_score',,,,,,,,captured_ephemeral
opencompass,gsm8k_last_number,96263b1a16899260586c8e945eea06934c43c225,synthetic-1729-mid_box-010,truncated,synthetic_truncated,mid_box,true,,import_failed,ModuleNotFoundError: No module named 'rouge_score',,,,,,,,captured_ephemeral
opencompass,gsm8k_last_number,96263b1a16899260586c8e945eea06934c43c225,synthetic-1729-mid_box-011,truncated,synthetic_truncated,mid_box,true,,import_failed,ModuleNotFoundError: No module named 'rouge_score',,,,,,,,captured_ephemeral
opencompass,gsm8k_last_number,96263b1a16899260586c8e945eea06934c43c225,synthetic-1729-mid_box-012,truncated,synthetic_truncated,mid_box,true,,import_failed,ModuleNotFoundError: No module named 'rouge_score',,,,,,,,captured_ephemeral
opencompass,gsm8k_last_number,96263b1a16899260586c8e945eea06934c43c225,synthetic-1729-mid_box-013,truncated,synthetic_truncated,mid_box,true,,import_failed,ModuleNotFoundError: No module named 'rouge_score',,,,,,,,captured_ephemeral
opencompass,gsm8k_last_number,96263b1a16899260586c8e945eea06934c43c225,synthetic-1729-mid_box-014,truncated,synthetic_truncated,mid_box,true,,import_failed,ModuleNotFoundError: No module named 'rouge_score',,,,,,,,captured_ephemeral
opencompass,gsm8k_last_number,96263b1a16899260586c8e945eea06934c43c225,synthetic-1729-mid_box-015,truncated,synthetic_truncated,mid_box,true,,import_failed,ModuleNotFoundError: No module named 'rouge_score',,,,,,,,captured_ephemeral
opencompass,gsm8k_last_number,96263b1a16899260586c8e945eea06934c43c225,synthetic-1729-mid_box-016,truncated,synthetic_truncated,mid_box,true,,import_failed,ModuleNotFoundError: No module named 'rouge_score',,,,,,,,captured_ephemeral
opencompass,gsm8k_last_number,96263b1a16899260586c8e945eea06934c43c225,synthetic-1729-mid_box-017,truncated,synthetic_truncated,mid_box,true,,import_failed,ModuleNotFoundError: No module named 'rouge_score',,,,,,,,captured_ephemeral
opencompass,gsm8k_last_number,96263b1a16899260586c8e945eea06934c43c225,synthetic-1729-mid_box-018,truncated,synthetic_truncated,mid_box,true,,import_failed,ModuleNotFoundError: No module named 'rouge_score',,,,,,,,captured_ephemeral
opencompass,gsm8k_last_number,96263b1a16899260586c8e945eea06934c43c225,synthetic-1729-mid_box-019,truncated,synthetic_truncated,mid_box,true,,import_failed,ModuleNotFoundError: No module named 'rouge_score',,,,,,,,captured_ephemeral
opencompass,gsm8k_last_number,96263b1a16899260586c8e945eea06934c43c225,synthetic-1729-mid_box-020,truncated,synthetic_truncated,mid_box,true,,import_failed,ModuleNotFoundError: No module named 'rouge_score',,,,,,,,captured_ephemeral
opencompass,gsm8k_last_number,96263b1a16899260586c8e945eea06934c43c225,synthetic-1729-mid_multiple_choice_enumeration-001,truncated,synthetic_truncated,mid_multiple_choice_enumeration,true,,import_failed,ModuleNotFoundError: No module named 'rouge_score',,,,,,,,captured_ephemeral
opencompass,gsm8k_last_number,96263b1a16899260586c8e945eea06934c43c225,synthetic-1729-mid_multiple_choice_enumeration-002,truncated,synthetic_truncated,mid_multiple_choice_enumeration,true,,import_failed,ModuleNotFoundError: No module named 'rouge_score',,,,,,,,captured_ephemeral
opencompass,gsm8k_last_number,96263b1a16899260586c8e945eea06934c43c225,synthetic-1729-mid_multiple_choice_enumeration-003,truncated,synthetic_truncated,mid_multiple_choice_enumeration,true,,import_failed,ModuleNotFoundError: No module named 'rouge_score',,,,,,,,captured_ephemeral
opencompass,gsm8k_last_number,96263b1a16899260586c8e945eea06934c43c225,synthetic-1729-mid_multiple_choice_enumeration-004,truncated,synthetic_truncated,mid_multiple_choice_enumeration,true,,import_failed,ModuleNotFoundError: No module named 'rouge_score',,,,,,,,captured_ephemeral
opencompass,gsm8k_last_number,96263b1a16899260586c8e945eea06934c43c225,synthetic-1729-mid_multiple_choice_enumeration-005,truncated,synthetic_truncated,mid_multiple_choice_enumeration,true,,import_failed,ModuleNotFoundError: No module named 'rouge_score',,,,,,,,captured_ephemeral
opencompass,gsm8k_last_number,96263b1a16899260586c8e945eea06934c43c225,synthetic-1729-mid_multiple_choice_enumeration-006,truncated,synthetic_truncated,mid_multiple_choice_enumeration,true,,import_failed,ModuleNotFoundError: No module named 'rouge_score',,,,,,,,captured_ephemeral
opencompass,gsm8k_last_number,96263b1a16899260586c8e945eea06934c43c225,synthetic-1729-mid_multiple_choice_enumeration-007,truncated,synthetic_truncated,mid_multiple_choice_enumeration,true,,import_failed,ModuleNotFoundError: No module named 'rouge_score',,,,,,,,captured_ephemeral
opencompass,gsm8k_last_number,96263b1a16899260586c8e945eea06934c43c225,synthetic-1729-mid_multiple_choice_enumeration-008,truncated,synthetic_truncated,mid_multiple_choice_enumeration,true,,import_failed,ModuleNotFoundError: No module named 'rouge_score',,,,,,,,captured_ephemeral
opencompass,gsm8k_last_number,96263b1a16899260586c8e945eea06934c43c225,synthetic-1729-mid_multiple_choice_enumeration-009,truncated,synthetic_truncated,mid_multiple_choice_enumeration,true,,import_failed,ModuleNotFoundError: No module named 'rouge_score',,,,,,,,captured_ephemeral
opencompass,gsm8k_last_number,96263b1a16899260586c8e945eea06934c43c225,synthetic-1729-mid_multiple_choice_enumeration-010,truncated,synthetic_truncated,mid_multiple_choice_enumeration,true,,import_failed,ModuleNotFoundError: No module named 'rouge_score',,,,,,,,captured_ephemeral
opencompass,gsm8k_last_number,96263b1a16899260586c8e945eea06934c43c225,synthetic-1729-mid_multiple_choice_enumeration-011,truncated,synthetic_truncated,mid_multiple_choice_enumeration,true,,import_failed,ModuleNotFoundError: No module named 'rouge_score',,,,,,,,captured_ephemeral
opencompass,gsm8k_last_number,96263b1a16899260586c8e945eea06934c43c225,synthetic-1729-mid_multiple_choice_enumeration-012,truncated,synthetic_truncated,mid_multiple_choice_enumeration,true,,import_failed,ModuleNotFoundError: No module named 'rouge_score',,,,,,,,captured_ephemeral
opencompass,gsm8k_last_number,96263b1a16899260586c8e945eea06934c43c225,synthetic-1729-mid_multiple_choice_enumeration-013,truncated,synthetic_truncated,mid_multiple_choice_enumeration,true,,import_failed,ModuleNotFoundError: No module named 'rouge_score',,,,,,,,captured_ephemeral
opencompass,gsm8k_last_number,96263b1a16899260586c8e945eea06934c43c225,synthetic-1729-mid_multiple_choice_enumeration-014,truncated,synthetic_truncated,mid_multiple_choice_enumeration,true,,import_failed,ModuleNotFoundError: No module named 'rouge_score',,,,,,,,captured_ephemeral
opencompass,gsm8k_last_number,96263b1a16899260586c8e945eea06934c43c225,synthetic-1729-mid_multiple_choice_enumeration-015,truncated,synthetic_truncated,mid_multiple_choice_enumeration,true,,import_failed,ModuleNotFoundError: No module named 'rouge_score',,,,,,,,captured_ephemeral
opencompass,gsm8k_last_number,96263b1a16899260586c8e945eea06934c43c225,synthetic-1729-mid_multiple_choice_enumeration-016,truncated,synthetic_truncated,mid_multiple_choice_enumeration,true,,import_failed,ModuleNotFoundError: No module named 'rouge_score',,,,,,,,captured_ephemeral
opencompass,gsm8k_last_number,96263b1a16899260586c8e945eea06934c43c225,synthetic-1729-mid_multiple_choice_enumeration-017,truncated,synthetic_truncated,mid_multiple_choice_enumeration,true,,import_failed,ModuleNotFoundError: No module named 'rouge_score',,,,,,,,captured_ephemeral
opencompass,gsm8k_last_number,96263b1a16899260586c8e945eea06934c43c225,synthetic-1729-mid_multiple_choice_enumeration-018,truncated,synthetic_truncated,mid_multiple_choice_enumeration,true,,import_failed,ModuleNotFoundError: No module named 'rouge_score',,,,,,,,captured_ephemeral
opencompass,gsm8k_last_number,96263b1a16899260586c8e945eea06934c43c225,synthetic-1729-mid_multiple_choice_enumeration-019,truncated,synthetic_truncated,mid_multiple_choice_enumeration,true,,import_failed,ModuleNotFoundError: No module named 'rouge_score',,,,,,,,captured_ephemeral
opencompass,gsm8k_last_number,96263b1a16899260586c8e945eea06934c43c225,synthetic-1729-mid_multiple_choice_enumeration-020,truncated,synthetic_truncated,mid_multiple_choice_enumeration,true,,import_failed,ModuleNotFoundError: No module named 'rouge_score',,,,,,,,captured_ephemeral
opencompass,gsm8k_last_number,96263b1a16899260586c8e945eea06934c43c225,synthetic-1729-post_final_answer-001,truncated,synthetic_truncated,post_final_answer,true,,import_failed,ModuleNotFoundError: No module named 'rouge_score',,,,,,,,captured_ephemeral
opencompass,gsm8k_last_number,96263b1a16899260586c8e945eea06934c43c225,synthetic-1729-post_final_answer-002,truncated,synthetic_truncated,post_final_answer,true,,import_failed,ModuleNotFoundError: No module named 'rouge_score',,,,,,,,captured_ephemeral
opencompass,gsm8k_last_number,96263b1a16899260586c8e945eea06934c43c225,synthetic-1729-post_final_answer-003,truncated,synthetic_truncated,post_final_answer,true,,import_failed,ModuleNotFoundError: No module named 'rouge_score',,,,,,,,captured_ephemeral
opencompass,gsm8k_last_number,96263b1a16899260586c8e945eea06934c43c225,synthetic-1729-post_final_answer-004,truncated,synthetic_truncated,post_final_answer,true,,import_failed,ModuleNotFoundError: No module named 'rouge_score',,,,,,,,captured_ephemeral
opencompass,gsm8k_last_number,96263b1a16899260586c8e945eea06934c43c225,synthetic-1729-post_final_answer-005,truncated,synthetic_truncated,post_final_answer,true,,import_failed,ModuleNotFoundError: No module named 'rouge_score',,,,,,,,captured_ephemeral
opencompass,gsm8k_last_number,96263b1a16899260586c8e945eea06934c43c225,synthetic-1729-post_final_answer-006,truncated,synthetic_truncated,post_final_answer,true,,import_failed,ModuleNotFoundError: No module named 'rouge_score',,,,,,,,captured_ephemeral
opencompass,gsm8k_last_number,96263b1a16899260586c8e945eea06934c43c225,synthetic-1729-post_final_answer-007,truncated,synthetic_truncated,post_final_answer,true,,import_failed,ModuleNotFoundError: No module named 'rouge_score',,,,,,,,captured_ephemeral
opencompass,gsm8k_last_number,96263b1a16899260586c8e945eea06934c43c225,synthetic-1729-post_final_answer-008,truncated,synthetic_truncated,post_final_answer,true,,import_failed,ModuleNotFoundError: No module named 'rouge_score',,,,,,,,captured_ephemeral
opencompass,gsm8k_last_number,96263b1a16899260586c8e945eea06934c43c225,synthetic-1729-post_final_answer-009,truncated,synthetic_truncated,post_final_answer,true,,import_failed,ModuleNotFoundError: No module named 'rouge_score',,,,,,,,captured_ephemeral
opencompass,gsm8k_last_number,96263b1a16899260586c8e945eea06934c43c225,synthetic-1729-post_final_answer-010,truncated,synthetic_truncated,post_final_answer,true,,import_failed,ModuleNotFoundError: No module named 'rouge_score',,,,,,,,captured_ephemeral
opencompass,gsm8k_last_number,96263b1a16899260586c8e945eea06934c43c225,synthetic-1729-post_final_answer-011,truncated,synthetic_truncated,post_final_answer,true,,import_failed,ModuleNotFoundError: No module named 'rouge_score',,,,,,,,captured_ephemeral
opencompass,gsm8k_last_number,96263b1a16899260586c8e945eea06934c43c225,synthetic-1729-post_final_answer-012,truncated,synthetic_truncated,post_final_answer,true,,import_failed,ModuleNotFoundError: No module named 'rouge_score',,,,,,,,captured_ephemeral
opencompass,gsm8k_last_number,96263b1a16899260586c8e945eea06934c43c225,synthetic-1729-post_final_answer-013,truncated,synthetic_truncated,post_final_answer,true,,import_failed,ModuleNotFoundError: No module named 'rouge_score',,,,,,,,captured_ephemeral
opencompass,gsm8k_last_number,96263b1a16899260586c8e945eea06934c43c225,synthetic-1729-post_final_answer-014,truncated,synthetic_truncated,post_final_answer,true,,import_failed,ModuleNotFoundError: No module named 'rouge_score',,,,,,,,captured_ephemeral
opencompass,gsm8k_last_number,96263b1a16899260586c8e945eea06934c43c225,synthetic-1729-post_final_answer-015,truncated,synthetic_truncated,post_final_answer,true,,import_failed,ModuleNotFoundError: No module named 'rouge_score',,,,,,,,captured_ephemeral
opencompass,gsm8k_last_number,96263b1a16899260586c8e945eea06934c43c225,synthetic-1729-post_final_answer-016,truncated,synthetic_truncated,post_final_answer,true,,import_failed,ModuleNotFoundError: No module named 'rouge_score',,,,,,,,captured_ephemeral
opencompass,gsm8k_last_number,96263b1a16899260586c8e945eea06934c43c225,synthetic-1729-post_final_answer-017,truncated,synthetic_truncated,post_final_answer,true,,import_failed,ModuleNotFoundError: No module named 'rouge_score',,,,,,,,captured_ephemeral
opencompass,gsm8k_last_number,96263b1a16899260586c8e945eea06934c43c225,synthetic-1729-post_final_answer-018,truncated,synthetic_truncated,post_final_answer,true,,import_failed,ModuleNotFoundError: No module named 'rouge_score',,,,,,,,captured_ephemeral
opencompass,gsm8k_last_number,96263b1a16899260586c8e945eea06934c43c225,synthetic-1729-post_final_answer-019,truncated,synthetic_truncated,post_final_answer,true,,import_failed,ModuleNotFoundError: No module named 'rouge_score',,,,,,,,captured_ephemeral
opencompass,gsm8k_last_number,96263b1a16899260586c8e945eea06934c43c225,synthetic-1729-post_final_answer-020,truncated,synthetic_truncated,post_final_answer,true,,import_failed,ModuleNotFoundError: No module named 'rouge_score',,,,,,,,captured_ephemeral
opencompass,gsm8k_last_number,96263b1a16899260586c8e945eea06934c43c225,synthetic-1729-degeneration_loop_plausible_number-001,truncated,synthetic_truncated,degeneration_loop_plausible_number,true,,import_failed,ModuleNotFoundError: No module named 'rouge_score',,,,,,,,captured_ephemeral
opencompass,gsm8k_last_number,96263b1a16899260586c8e945eea06934c43c225,synthetic-1729-degeneration_loop_plausible_number-002,truncated,synthetic_truncated,degeneration_loop_plausible_number,true,,import_failed,ModuleNotFoundError: No module named 'rouge_score',,,,,,,,captured_ephemeral
opencompass,gsm8k_last_number,96263b1a16899260586c8e945eea06934c43c225,synthetic-1729-degeneration_loop_plausible_number-003,truncated,synthetic_truncated,degeneration_loop_plausible_number,true,,import_failed,ModuleNotFoundError: No module named 'rouge_score',,,,,,,,captured_ephemeral
opencompass,gsm8k_last_number,96263b1a16899260586c8e945eea06934c43c225,synthetic-1729-degeneration_loop_plausible_number-004,truncated,synthetic_truncated,degeneration_loop_plausible_number,true,,import_failed,ModuleNotFoundError: No module named 'rouge_score',,,,,,,,captured_ephemeral
opencompass,gsm8k_last_number,96263b1a16899260586c8e945eea06934c43c225,synthetic-1729-degeneration_loop_plausible_number-005,truncated,synthetic_truncated,degeneration_loop_plausible_number,true,,import_failed,ModuleNotFoundError: No module named 'rouge_score',,,,,,,,captured_ephemeral
opencompass,gsm8k_last_number,96263b1a16899260586c8e945eea06934c43c225,synthetic-1729-degeneration_loop_plausible_number-006,truncated,synthetic_truncated,degeneration_loop_plausible_number,true,,import_failed,ModuleNotFoundError: No module named 'rouge_score',,,,,,,,captured_ephemeral
opencompass,gsm8k_last_number,96263b1a16899260586c8e945eea06934c43c225,synthetic-1729-degeneration_loop_plausible_number-007,truncated,synthetic_truncated,degeneration_loop_plausible_number,true,,import_failed,ModuleNotFoundError: No module named 'rouge_score',,,,,,,,captured_ephemeral
opencompass,gsm8k_last_number,96263b1a16899260586c8e945eea06934c43c225,synthetic-1729-degeneration_loop_plausible_number-008,truncated,synthetic_truncated,degeneration_loop_plausible_number,true,,import_failed,ModuleNotFoundError: No module named 'rouge_score',,,,,,,,captured_ephemeral
opencompass,gsm8k_last_number,96263b1a16899260586c8e945eea06934c43c225,synthetic-1729-degeneration_loop_plausible_number-009,truncated,synthetic_truncated,degeneration_loop_plausible_number,true,,import_failed,ModuleNotFoundError: No module named 'rouge_score',,,,,,,,captured_ephemeral
opencompass,gsm8k_last_number,96263b1a16899260586c8e945eea06934c43c225,synthetic-1729-degeneration_loop_plausible_number-010,truncated,synthetic_truncated,degeneration_loop_plausible_number,true,,import_failed,ModuleNotFoundError: No module named 'rouge_score',,,,,,,,captured_ephemeral
opencompass,gsm8k_last_number,96263b1a16899260586c8e945eea06934c43c225,synthetic-1729-degeneration_loop_plausible_number-011,truncated,synthetic_truncated,degeneration_loop_plausible_number,true,,import_failed,ModuleNotFoundError: No module named 'rouge_score',,,,,,,,captured_ephemeral
opencompass,gsm8k_last_number,96263b1a16899260586c8e945eea06934c43c225,synthetic-1729-degeneration_loop_plausible_number-012,truncated,synthetic_truncated,degeneration_loop_plausible_number,true,,import_failed,ModuleNotFoundError: No module named 'rouge_score',,,,,,,,captured_ephemeral
opencompass,gsm8k_last_number,96263b1a16899260586c8e945eea06934c43c225,synthetic-1729-degeneration_loop_plausible_number-013,truncated,synthetic_truncated,degeneration_loop_plausible_number,true,,import_failed,ModuleNotFoundError: No module named 'rouge_score',,,,,,,,captured_ephemeral
opencompass,gsm8k_last_number,96263b1a16899260586c8e945eea06934c43c225,synthetic-1729-degeneration_loop_plausible_number-014,truncated,synthetic_truncated,degeneration_loop_plausible_number,true,,import_failed,ModuleNotFoundError: No module named 'rouge_score',,,,,,,,captured_ephemeral
opencompass,gsm8k_last_number,96263b1a16899260586c8e945eea06934c43c225,synthetic-1729-degeneration_loop_plausible_number-015,truncated,synthetic_truncated,degeneration_loop_plausible_number,true,,import_failed,ModuleNotFoundError: No module named 'rouge_score',,,,,,,,captured_ephemeral
opencompass,gsm8k_last_number,96263b1a16899260586c8e945eea06934c43c225,synthetic-1729-degeneration_loop_plausible_number-016,truncated,synthetic_truncated,degeneration_loop_plausible_number,true,,import_failed,ModuleNotFoundError: No module named 'rouge_score',,,,,,,,captured_ephemeral
opencompass,gsm8k_last_number,96263b1a16899260586c8e945eea06934c43c225,synthetic-1729-degeneration_loop_plausible_number-017,truncated,synthetic_truncated,degeneration_loop_plausible_number,true,,import_failed,ModuleNotFoundError: No module named 'rouge_score',,,,,,,,captured_ephemeral
opencompass,gsm8k_last_number,96263b1a16899260586c8e945eea06934c43c225,synthetic-1729-degeneration_loop_plausible_number-018,truncated,synthetic_truncated,degeneration_loop_plausible_number,true,,import_failed,ModuleNotFoundError: No module named 'rouge_score',,,,,,,,captured_ephemeral
opencompass,gsm8k_last_number,96263b1a16899260586c8e945eea06934c43c225,synthetic-1729-degeneration_loop_plausible_number-019,truncated,synthetic_truncated,degeneration_loop_plausible_number,true,,import_failed,ModuleNotFoundError: No module named 'rouge_score',,,,,,,,captured_ephemeral
opencompass,gsm8k_last_number,96263b1a16899260586c8e945eea06934c43c225,synthetic-1729-degeneration_loop_plausible_number-020,truncated,synthetic_truncated,degeneration_loop_plausible_number,true,,import_failed,ModuleNotFoundError: No module named 'rouge_score',,,,,,,,captured_ephemeral
opencompass,gsm8k_last_number,96263b1a16899260586c8e945eea06934c43c225,synthetic-1729-mid_latex_expression-001,truncated,synthetic_truncated,mid_latex_expression,true,,import_failed,ModuleNotFoundError: No module named 'rouge_score',,,,,,,,captured_ephemeral
opencompass,gsm8k_last_number,96263b1a16899260586c8e945eea06934c43c225,synthetic-1729-mid_latex_expression-002,truncated,synthetic_truncated,mid_latex_expression,true,,import_failed,ModuleNotFoundError: No module named 'rouge_score',,,,,,,,captured_ephemeral
opencompass,gsm8k_last_number,96263b1a16899260586c8e945eea06934c43c225,synthetic-1729-mid_latex_expression-003,truncated,synthetic_truncated,mid_latex_expression,true,,import_failed,ModuleNotFoundError: No module named 'rouge_score',,,,,,,,captured_ephemeral
opencompass,gsm8k_last_number,96263b1a16899260586c8e945eea06934c43c225,synthetic-1729-mid_latex_expression-004,truncated,synthetic_truncated,mid_latex_expression,true,,import_failed,ModuleNotFoundError: No module named 'rouge_score',,,,,,,,captured_ephemeral
opencompass,gsm8k_last_number,96263b1a16899260586c8e945eea06934c43c225,synthetic-1729-mid_latex_expression-005,truncated,synthetic_truncated,mid_latex_expression,true,,import_failed,ModuleNotFoundError: No module named 'rouge_score',,,,,,,,captured_ephemeral
opencompass,gsm8k_last_number,96263b1a16899260586c8e945eea06934c43c225,synthetic-1729-mid_latex_expression-006,truncated,synthetic_truncated,mid_latex_expression,true,,import_failed,ModuleNotFoundError: No module named 'rouge_score',,,,,,,,captured_ephemeral
opencompass,gsm8k_last_number,96263b1a16899260586c8e945eea06934c43c225,synthetic-1729-mid_latex_expression-007,truncated,synthetic_truncated,mid_latex_expression,true,,import_failed,ModuleNotFoundError: No module named 'rouge_score',,,,,,,,captured_ephemeral
opencompass,gsm8k_last_number,96263b1a16899260586c8e945eea06934c43c225,synthetic-1729-mid_latex_expression-008,truncated,synthetic_truncated,mid_latex_expression,true,,import_failed,ModuleNotFoundError: No module named 'rouge_score',,,,,,,,captured_ephemeral
opencompass,gsm8k_last_number,96263b1a16899260586c8e945eea06934c43c225,synthetic-1729-mid_latex_expression-009,truncated,synthetic_truncated,mid_latex_expression,true,,import_failed,ModuleNotFoundError: No module named 'rouge_score',,,,,,,,captured_ephemeral
opencompass,gsm8k_last_number,96263b1a16899260586c8e945eea06934c43c225,synthetic-1729-mid_latex_expression-010,truncated,synthetic_truncated,mid_latex_expression,true,,import_failed,ModuleNotFoundError: No module named 'rouge_score',,,,,,,,captured_ephemeral
opencompass,gsm8k_last_number,96263b1a16899260586c8e945eea06934c43c225,synthetic-1729-mid_latex_expression-011,truncated,synthetic_truncated,mid_latex_expression,true,,import_failed,ModuleNotFoundError: No module named 'rouge_score',,,,,,,,captured_ephemeral
opencompass,gsm8k_last_number,96263b1a16899260586c8e945eea06934c43c225,synthetic-1729-mid_latex_expression-012,truncated,synthetic_truncated,mid_latex_expression,true,,import_failed,ModuleNotFoundError: No module named 'rouge_score',,,,,,,,captured_ephemeral
opencompass,gsm8k_last_number,96263b1a16899260586c8e945eea06934c43c225,synthetic-1729-mid_latex_expression-013,truncated,synthetic_truncated,mid_latex_expression,true,,import_failed,ModuleNotFoundError: No module named 'rouge_score',,,,,,,,captured_ephemeral
opencompass,gsm8k_last_number,96263b1a16899260586c8e945eea06934c43c225,synthetic-1729-mid_latex_expression-014,truncated,synthetic_truncated,mid_latex_expression,true,,import_failed,ModuleNotFoundError: No module named 'rouge_score',,,,,,,,captured_ephemeral
opencompass,gsm8k_last_number,96263b1a16899260586c8e945eea06934c43c225,synthetic-1729-mid_latex_expression-015,truncated,synthetic_truncated,mid_latex_expression,true,,import_failed,ModuleNotFoundError: No module named 'rouge_score',,,,,,,,captured_ephemeral
opencompass,gsm8k_last_number,96263b1a16899260586c8e945eea06934c43c225,synthetic-1729-mid_latex_expression-016,truncated,synthetic_truncated,mid_latex_expression,true,,import_failed,ModuleNotFoundError: No module named 'rouge_score',,,,,,,,captured_ephemeral
opencompass,gsm8k_last_number,96263b1a16899260586c8e945eea06934c43c225,synthetic-1729-mid_latex_expression-017,truncated,synthetic_truncated,mid_latex_expression,true,,import_failed,ModuleNotFoundError: No module named 'rouge_score',,,,,,,,captured_ephemeral
opencompass,gsm8k_last_number,96263b1a16899260586c8e945eea06934c43c225,synthetic-1729-mid_latex_expression-018,truncated,synthetic_truncated,mid_latex_expression,true,,import_failed,ModuleNotFoundError: No module named 'rouge_score',,,,,,,,captured_ephemeral
opencompass,gsm8k_last_number,96263b1a16899260586c8e945eea06934c43c225,synthetic-1729-mid_latex_expression-019,truncated,synthetic_truncated,mid_latex_expression,true,,import_failed,ModuleNotFoundError: No module named 'rouge_score',,,,,,,,captured_ephemeral
opencompass,gsm8k_last_number,96263b1a16899260586c8e945eea06934c43c225,synthetic-1729-mid_latex_expression-020,truncated,synthetic_truncated,mid_latex_expression,true,,import_failed,ModuleNotFoundError: No module named 'rouge_score',,,,,,,,captured_ephemeral
opencompass,gsm8k_last_number,96263b1a16899260586c8e945eea06934c43c225,real-control_correct-89378d7c9af16411-001,control_correct,finished_control,,true,,import_failed,ModuleNotFoundError: No module named 'rouge_score',,,,,,,,captured_ephemeral
opencompass,gsm8k_last_number,96263b1a16899260586c8e945eea06934c43c225,real-control_correct-16e0de893f7ebe3a-001,control_correct,finished_control,,true,,import_failed,ModuleNotFoundError: No module named 'rouge_score',,,,,,,,captured_ephemeral
opencompass,gsm8k_last_number,96263b1a16899260586c8e945eea06934c43c225,real-control_correct-2d3da8c4bfee3c4c-001,control_correct,finished_control,,true,,import_failed,ModuleNotFoundError: No module named 'rouge_score',,,,,,,,captured_ephemeral
opencompass,gsm8k_last_number,96263b1a16899260586c8e945eea06934c43c225,real-control_correct-c9f62a5de2de08df-001,control_correct,finished_control,,true,,import_failed,ModuleNotFoundError: No module named 'rouge_score',,,,,,,,captured_ephemeral
opencompass,gsm8k_last_number,96263b1a16899260586c8e945eea06934c43c225,real-control_correct-c6ddf5c572a35adb-001,control_correct,finished_control,,true,,import_failed,ModuleNotFoundError: No module named 'rouge_score',,,,,,,,captured_ephemeral
opencompass,gsm8k_last_number,96263b1a16899260586c8e945eea06934c43c225,real-control_correct-17d3bfe110828692-001,control_correct,finished_control,,true,,import_failed,ModuleNotFoundError: No module named 'rouge_score',,,,,,,,captured_ephemeral
opencompass,gsm8k_last_number,96263b1a16899260586c8e945eea06934c43c225,real-control_correct-61723f102d6ae8a1-001,control_correct,finished_control,,true,,import_failed,ModuleNotFoundError: No module named 'rouge_score',,,,,,,,captured_ephemeral
opencompass,gsm8k_last_number,96263b1a16899260586c8e945eea06934c43c225,real-control_correct-255be5d582935302-001,control_correct,finished_control,,true,,import_failed,ModuleNotFoundError: No module named 'rouge_score',,,,,,,,captured_ephemeral
opencompass,gsm8k_last_number,96263b1a16899260586c8e945eea06934c43c225,real-control_correct-9e251a1ffea90916-001,control_correct,finished_control,,true,,import_failed,ModuleNotFoundError: No module named 'rouge_score',,,,,,,,captured_ephemeral
opencompass,gsm8k_last_number,96263b1a16899260586c8e945eea06934c43c225,real-control_correct-43de6f6db2801086-001,control_correct,finished_control,,true,,import_failed,ModuleNotFoundError: No module named 'rouge_score',,,,,,,,captured_ephemeral
opencompass,gsm8k_last_number,96263b1a16899260586c8e945eea06934c43c225,real-control_correct-eeb69bc8e4b6afb6-001,control_correct,finished_control,,true,,import_failed,ModuleNotFoundError: No module named 'rouge_score',,,,,,,,captured_ephemeral
opencompass,gsm8k_last_number,96263b1a16899260586c8e945eea06934c43c225,real-control_correct-8e92ff00e3dc8c7f-001,control_correct,finished_control,,true,,import_failed,ModuleNotFoundError: No module named 'rouge_score',,,,,,,,captured_ephemeral
opencompass,gsm8k_last_number,96263b1a16899260586c8e945eea06934c43c225,real-control_correct-c2bfbc405396d110-001,control_correct,finished_control,,true,,import_failed,ModuleNotFoundError: No module named 'rouge_score',,,,,,,,captured_ephemeral
opencompass,gsm8k_last_number,96263b1a16899260586c8e945eea06934c43c225,real-control_correct-c44a3d80f5ea3ae9-001,control_correct,finished_control,,true,,import_failed,ModuleNotFoundError: No module named 'rouge_score',,,,,,,,captured_ephemeral
opencompass,gsm8k_last_number,96263b1a16899260586c8e945eea06934c43c225,real-control_correct-45c33fc7f4b89ab1-001,control_correct,finished_control,,true,,import_failed,ModuleNotFoundError: No module named 'rouge_score',,,,,,,,captured_ephemeral
opencompass,gsm8k_last_number,96263b1a16899260586c8e945eea06934c43c225,real-control_correct-2ec159fcc5ac75cf-001,control_correct,finished_control,,true,,import_failed,ModuleNotFoundError: No module named 'rouge_score',,,,,,,,captured_ephemeral
opencompass,gsm8k_last_number,96263b1a16899260586c8e945eea06934c43c225,real-control_correct-4bc94d1cce22bd8b-001,control_correct,finished_control,,true,,import_failed,ModuleNotFoundError: No module named 'rouge_score',,,,,,,,captured_ephemeral
opencompass,gsm8k_last_number,96263b1a16899260586c8e945eea06934c43c225,real-control_correct-02db4d1921acd1d7-001,control_correct,finished_control,,true,,import_failed,ModuleNotFoundError: No module named 'rouge_score',,,,,,,,captured_ephemeral
opencompass,gsm8k_last_number,96263b1a16899260586c8e945eea06934c43c225,real-control_correct-0e0bf8d361f29f7c-001,control_correct,finished_control,,true,,import_failed,ModuleNotFoundError: No module named 'rouge_score',,,,,,,,captured_ephemeral
opencompass,gsm8k_last_number,96263b1a16899260586c8e945eea06934c43c225,real-control_correct-585dbca476773d3a-001,control_correct,finished_control,,true,,import_failed,ModuleNotFoundError: No module named 'rouge_score',,,,,,,,captured_ephemeral
opencompass,gsm8k_last_number,96263b1a16899260586c8e945eea06934c43c225,real-control_correct-066f81dce4312897-001,control_correct,finished_control,,true,,import_failed,ModuleNotFoundError: No module named 'rouge_score',,,,,,,,captured_ephemeral
opencompass,gsm8k_last_number,96263b1a16899260586c8e945eea06934c43c225,real-control_correct-7c345a24b0485152-001,control_correct,finished_control,,true,,import_failed,ModuleNotFoundError: No module named 'rouge_score',,,,,,,,captured_ephemeral
opencompass,gsm8k_last_number,96263b1a16899260586c8e945eea06934c43c225,real-control_correct-14b3558563a36d01-001,control_correct,finished_control,,true,,import_failed,ModuleNotFoundError: No module named 'rouge_score',,,,,,,,captured_ephemeral
opencompass,gsm8k_last_number,96263b1a16899260586c8e945eea06934c43c225,real-control_correct-52cde770e82e4c2e-001,control_correct,finished_control,,true,,import_failed,ModuleNotFoundError: No module named 'rouge_score',,,,,,,,captured_ephemeral
opencompass,gsm8k_last_number,96263b1a16899260586c8e945eea06934c43c225,real-control_correct-a3713e645b1649de-001,control_correct,finished_control,,true,,import_failed,ModuleNotFoundError: No module named 'rouge_score',,,,,,,,captured_ephemeral
opencompass,gsm8k_last_number,96263b1a16899260586c8e945eea06934c43c225,real-control_correct-2154392bb16da70b-001,control_correct,finished_control,,true,,import_failed,ModuleNotFoundError: No module named 'rouge_score',,,,,,,,captured_ephemeral
opencompass,gsm8k_last_number,96263b1a16899260586c8e945eea06934c43c225,real-control_correct-58e45e3809bf2724-001,control_correct,finished_control,,true,,import_failed,ModuleNotFoundError: No module named 'rouge_score',,,,,,,,captured_ephemeral
opencompass,gsm8k_last_number,96263b1a16899260586c8e945eea06934c43c225,real-control_correct-ef625c1ebfd1e6d8-001,control_correct,finished_control,,true,,import_failed,ModuleNotFoundError: No module named 'rouge_score',,,,,,,,captured_ephemeral
opencompass,gsm8k_last_number,96263b1a16899260586c8e945eea06934c43c225,real-control_correct-fc4941cec6e2d7b3-001,control_correct,finished_control,,true,,import_failed,ModuleNotFoundError: No module named 'rouge_score',,,,,,,,captured_ephemeral
opencompass,gsm8k_last_number,96263b1a16899260586c8e945eea06934c43c225,real-control_correct-14a0b724276c5caa-001,control_correct,finished_control,,true,,import_failed,ModuleNotFoundError: No module named 'rouge_score',,,,,,,,captured_ephemeral
opencompass,gsm8k_last_number,96263b1a16899260586c8e945eea06934c43c225,real-control_correct-5aba32f1a8311a80-001,control_correct,finished_control,,true,,import_failed,ModuleNotFoundError: No module named 'rouge_score',,,,,,,,captured_ephemeral
opencompass,gsm8k_last_number,96263b1a16899260586c8e945eea06934c43c225,real-control_correct-2efd83efcd01279f-001,control_correct,finished_control,,true,,import_failed,ModuleNotFoundError: No module named 'rouge_score',,,,,,,,captured_ephemeral
opencompass,gsm8k_last_number,96263b1a16899260586c8e945eea06934c43c225,real-control_correct-c4ae4e148917ebf3-001,control_correct,finished_control,,true,,import_failed,ModuleNotFoundError: No module named 'rouge_score',,,,,,,,captured_ephemeral
opencompass,gsm8k_last_number,96263b1a16899260586c8e945eea06934c43c225,real-control_correct-d2716747c59bfdd8-001,control_correct,finished_control,,true,,import_failed,ModuleNotFoundError: No module named 'rouge_score',,,,,,,,captured_ephemeral
opencompass,gsm8k_last_number,96263b1a16899260586c8e945eea06934c43c225,real-control_correct-62093781aed9b537-001,control_correct,finished_control,,true,,import_failed,ModuleNotFoundError: No module named 'rouge_score',,,,,,,,captured_ephemeral
opencompass,gsm8k_last_number,96263b1a16899260586c8e945eea06934c43c225,real-control_correct-b286790a32a1fbe8-001,control_correct,finished_control,,true,,import_failed,ModuleNotFoundError: No module named 'rouge_score',,,,,,,,captured_ephemeral
opencompass,gsm8k_last_number,96263b1a16899260586c8e945eea06934c43c225,real-control_correct-d18b4c82b12f0306-001,control_correct,finished_control,,true,,import_failed,ModuleNotFoundError: No module named 'rouge_score',,,,,,,,captured_ephemeral
opencompass,gsm8k_last_number,96263b1a16899260586c8e945eea06934c43c225,real-control_correct-96dfc10499a820c6-001,control_correct,finished_control,,true,,import_failed,ModuleNotFoundError: No module named 'rouge_score',,,,,,,,captured_ephemeral
opencompass,gsm8k_last_number,96263b1a16899260586c8e945eea06934c43c225,real-control_correct-3ec3306f5f7bc543-001,control_correct,finished_control,,true,,import_failed,ModuleNotFoundError: No module named 'rouge_score',,,,,,,,captured_ephemeral
opencompass,gsm8k_last_number,96263b1a16899260586c8e945eea06934c43c225,real-control_correct-337848c60cd45f12-001,control_correct,finished_control,,true,,import_failed,ModuleNotFoundError: No module named 'rouge_score',,,,,,,,captured_ephemeral
opencompass,gsm8k_last_number,96263b1a16899260586c8e945eea06934c43c225,real-control_correct-8494ad4e58faefe9-001,control_correct,finished_control,,true,,import_failed,ModuleNotFoundError: No module named 'rouge_score',,,,,,,,captured_ephemeral
opencompass,gsm8k_last_number,96263b1a16899260586c8e945eea06934c43c225,real-control_correct-0f0941eab1767f38-001,control_correct,finished_control,,true,,import_failed,ModuleNotFoundError: No module named 'rouge_score',,,,,,,,captured_ephemeral
opencompass,gsm8k_last_number,96263b1a16899260586c8e945eea06934c43c225,real-control_correct-beea208faf3d4bf4-001,control_correct,finished_control,,true,,import_failed,ModuleNotFoundError: No module named 'rouge_score',,,,,,,,captured_ephemeral
opencompass,gsm8k_last_number,96263b1a16899260586c8e945eea06934c43c225,real-control_correct-49c6c44114b703fb-001,control_correct,finished_control,,true,,import_failed,ModuleNotFoundError: No module named 'rouge_score',,,,,,,,captured_ephemeral
opencompass,gsm8k_last_number,96263b1a16899260586c8e945eea06934c43c225,real-control_correct-7e4dcc5a2d2dc94f-001,control_correct,finished_control,,true,,import_failed,ModuleNotFoundError: No module named 'rouge_score',,,,,,,,captured_ephemeral
opencompass,gsm8k_last_number,96263b1a16899260586c8e945eea06934c43c225,real-control_correct-f3c4bd0f7b512e57-001,control_correct,finished_control,,true,,import_failed,ModuleNotFoundError: No module named 'rouge_score',,,,,,,,captured_ephemeral
opencompass,gsm8k_last_number,96263b1a16899260586c8e945eea06934c43c225,real-control_correct-77dca34ea2834915-001,control_correct,finished_control,,true,,import_failed,ModuleNotFoundError: No module named 'rouge_score',,,,,,,,captured_ephemeral
opencompass,gsm8k_last_number,96263b1a16899260586c8e945eea06934c43c225,real-control_correct-f61d7cc8e44486cd-001,control_correct,finished_control,,true,,import_failed,ModuleNotFoundError: No module named 'rouge_score',,,,,,,,captured_ephemeral
opencompass,gsm8k_last_number,96263b1a16899260586c8e945eea06934c43c225,real-control_correct-83db8adebe9798de-001,control_correct,finished_control,,true,,import_failed,ModuleNotFoundError: No module named 'rouge_score',,,,,,,,captured_ephemeral
opencompass,gsm8k_last_number,96263b1a16899260586c8e945eea06934c43c225,real-control_correct-b745903bf49608cc-001,control_correct,finished_control,,true,,import_failed,ModuleNotFoundError: No module named 'rouge_score',,,,,,,,captured_ephemeral
opencompass,gsm8k_last_number,96263b1a16899260586c8e945eea06934c43c225,real-control_correct-2c758d44ca541778-001,control_correct,finished_control,,true,,import_failed,ModuleNotFoundError: No module named 'rouge_score',,,,,,,,captured_ephemeral
opencompass,gsm8k_last_number,96263b1a16899260586c8e945eea06934c43c225,real-control_correct-4a3fdef251946148-001,control_correct,finished_control,,true,,import_failed,ModuleNotFoundError: No module named 'rouge_score',,,,,,,,captured_ephemeral
opencompass,gsm8k_last_number,96263b1a16899260586c8e945eea06934c43c225,real-control_correct-0ec44c79139c33e2-001,control_correct,finished_control,,true,,import_failed,ModuleNotFoundError: No module named 'rouge_score',,,,,,,,captured_ephemeral
opencompass,gsm8k_last_number,96263b1a16899260586c8e945eea06934c43c225,real-control_correct-81b17ec6e1a7d1a8-001,control_correct,finished_control,,true,,import_failed,ModuleNotFoundError: No module named 'rouge_score',,,,,,,,captured_ephemeral
opencompass,gsm8k_last_number,96263b1a16899260586c8e945eea06934c43c225,real-control_correct-0e5f87e242720bf2-001,control_correct,finished_control,,true,,import_failed,ModuleNotFoundError: No module named 'rouge_score',,,,,,,,captured_ephemeral
opencompass,gsm8k_last_number,96263b1a16899260586c8e945eea06934c43c225,real-control_correct-593135bb2de509c3-001,control_correct,finished_control,,true,,import_failed,ModuleNotFoundError: No module named 'rouge_score',,,,,,,,captured_ephemeral
opencompass,gsm8k_last_number,96263b1a16899260586c8e945eea06934c43c225,real-control_correct-c56c011273c6c234-001,control_correct,finished_control,,true,,import_failed,ModuleNotFoundError: No module named 'rouge_score',,,,,,,,captured_ephemeral
opencompass,gsm8k_last_number,96263b1a16899260586c8e945eea06934c43c225,real-control_correct-29005d671726f869-001,control_correct,finished_control,,true,,import_failed,ModuleNotFoundError: No module named 'rouge_score',,,,,,,,captured_ephemeral
opencompass,gsm8k_last_number,96263b1a16899260586c8e945eea06934c43c225,real-control_correct-67c0cfb485b8e0e1-001,control_correct,finished_control,,true,,import_failed,ModuleNotFoundError: No module named 'rouge_score',,,,,,,,captured_ephemeral
opencompass,gsm8k_last_number,96263b1a16899260586c8e945eea06934c43c225,real-control_correct-afc87305e9694a73-001,control_correct,finished_control,,true,,import_failed,ModuleNotFoundError: No module named 'rouge_score',,,,,,,,captured_ephemeral
opencompass,gsm8k_last_number,96263b1a16899260586c8e945eea06934c43c225,real-control_correct-e7d166d098fcef41-001,control_correct,finished_control,,true,,import_failed,ModuleNotFoundError: No module named 'rouge_score',,,,,,,,captured_ephemeral
opencompass,gsm8k_last_number,96263b1a16899260586c8e945eea06934c43c225,real-control_correct-c377b550ceb9090b-001,control_correct,finished_control,,true,,import_failed,ModuleNotFoundError: No module named 'rouge_score',,,,,,,,captured_ephemeral
opencompass,gsm8k_last_number,96263b1a16899260586c8e945eea06934c43c225,real-control_correct-b4137beeac8ed865-001,control_correct,finished_control,,true,,import_failed,ModuleNotFoundError: No module named 'rouge_score',,,,,,,,captured_ephemeral
opencompass,gsm8k_last_number,96263b1a16899260586c8e945eea06934c43c225,real-control_correct-8124daee9eec1012-001,control_correct,finished_control,,true,,import_failed,ModuleNotFoundError: No module named 'rouge_score',,,,,,,,captured_ephemeral
helm,math_chain_of_thought,63754d05db6f874e41a395880fb573890a13e791,real-truncated-aa20e7ac6246feb9-001,truncated,real_truncated,,true,,ok,,,false,,,,,false,captured_ephemeral
helm,math_chain_of_thought,63754d05db6f874e41a395880fb573890a13e791,real-truncated-aa20e7ac6246feb9-002,truncated,real_truncated,,true,,ok,,,false,,,,,false,captured_ephemeral
helm,math_chain_of_thought,63754d05db6f874e41a395880fb573890a13e791,real-truncated-aa20e7ac6246feb9-003,truncated,real_truncated,,true,,ok,,,false,,,,,false,captured_ephemeral
helm,math_chain_of_thought,63754d05db6f874e41a395880fb573890a13e791,real-truncated-aa20e7ac6246feb9-004,truncated,real_truncated,,true,,ok,,,false,,,,,false,captured_ephemeral
helm,math_chain_of_thought,63754d05db6f874e41a395880fb573890a13e791,real-truncated-6cbbd1fc624eeadc-001,truncated,real_truncated,,true,,ok,,,false,,,,,false,captured_ephemeral
helm,math_chain_of_thought,63754d05db6f874e41a395880fb573890a13e791,real-truncated-bd664f49bf0e323e-001,truncated,real_truncated,,true,,ok,,,false,,,,,false,captured_ephemeral
helm,math_chain_of_thought,63754d05db6f874e41a395880fb573890a13e791,real-truncated-491eccf133b25a22-001,truncated,real_truncated,,true,,ok,,,false,,,,,false,captured_ephemeral
helm,math_chain_of_thought,63754d05db6f874e41a395880fb573890a13e791,real-truncated-6a67539058b9830a-001,truncated,real_truncated,,true,,ok,,,false,,,,,false,captured_ephemeral
helm,math_chain_of_thought,63754d05db6f874e41a395880fb573890a13e791,real-truncated-80007a0418241777-001,truncated,real_truncated,,true,,ok,,,false,,,,,false,captured_ephemeral
helm,math_chain_of_thought,63754d05db6f874e41a395880fb573890a13e791,real-truncated-3e5a56704b99efaf-001,truncated,real_truncated,,true,,ok,,,false,,,,,false,captured_ephemeral
helm,math_chain_of_thought,63754d05db6f874e41a395880fb573890a13e791,real-truncated-0f801e8936e3e652-001,truncated,real_truncated,,true,,ok,,,false,,,,,false,captured_ephemeral
helm,math_chain_of_thought,63754d05db6f874e41a395880fb573890a13e791,real-truncated-64dca569eb2179ee-001,truncated,real_truncated,,true,,ok,,,false,,,,,false,captured_ephemeral
helm,math_chain_of_thought,63754d05db6f874e41a395880fb573890a13e791,real-truncated-62f658f8621431bd-001,truncated,real_truncated,,true,,ok,,,false,,,,,false,captured_ephemeral
helm,math_chain_of_thought,63754d05db6f874e41a395880fb573890a13e791,real-truncated-d1c8cfdc97ccfed3-001,truncated,real_truncated,,true,,ok,,,false,,,,,false,captured_ephemeral
helm,math_chain_of_thought,63754d05db6f874e41a395880fb573890a13e791,real-truncated-11ac842eba29ce66-001,truncated,real_truncated,,true,,ok,,,false,,,,,false,captured_ephemeral
helm,math_chain_of_thought,63754d05db6f874e41a395880fb573890a13e791,real-truncated-7d4dcc415df8964c-001,truncated,real_truncated,,true,,ok,,,false,,,,,false,captured_ephemeral
helm,math_chain_of_thought,63754d05db6f874e41a395880fb573890a13e791,real-truncated-40b63e4bb8bc1fc2-001,truncated,real_truncated,,true,,ok,,,false,,,,,false,captured_ephemeral
helm,math_chain_of_thought,63754d05db6f874e41a395880fb573890a13e791,real-truncated-e4cb8ed5052dcd59-001,truncated,real_truncated,,true,,ok,,,false,,,,,false,captured_ephemeral
helm,math_chain_of_thought,63754d05db6f874e41a395880fb573890a13e791,real-truncated-5f94257404611a94-001,truncated,real_truncated,,true,,ok,,,false,,,,,false,captured_ephemeral
helm,math_chain_of_thought,63754d05db6f874e41a395880fb573890a13e791,real-truncated-cac6cd311f4a62d6-001,truncated,real_truncated,,true,,ok,,product,true,,,,,false,captured_ephemeral
helm,math_chain_of_thought,63754d05db6f874e41a395880fb573890a13e791,real-truncated-d8a68b2d62a0e37e-001,truncated,real_truncated,,true,,ok,,,false,,,,,false,captured_ephemeral
helm,math_chain_of_thought,63754d05db6f874e41a395880fb573890a13e791,real-truncated-6313122c5f9da4b8-001,truncated,real_truncated,,true,,ok,,,false,,,,,false,captured_ephemeral
helm,math_chain_of_thought,63754d05db6f874e41a395880fb573890a13e791,real-truncated-9880d7c411a9144e-001,truncated,real_truncated,,true,,ok,,,false,,,,,false,captured_ephemeral
helm,math_chain_of_thought,63754d05db6f874e41a395880fb573890a13e791,real-truncated-c4dd38bcc0c31ad8-001,truncated,real_truncated,,true,,ok,,,false,,,,,false,captured_ephemeral
helm,math_chain_of_thought,63754d05db6f874e41a395880fb573890a13e791,real-truncated-c7a933a4b57b2cee-001,truncated,real_truncated,,true,,ok,,12,true,,,,,false,captured_ephemeral
helm,math_chain_of_thought,63754d05db6f874e41a395880fb573890a13e791,real-truncated-7ae317e50e0d73c5-001,truncated,real_truncated,,true,,ok,,,false,,,,,false,captured_ephemeral
helm,math_chain_of_thought,63754d05db6f874e41a395880fb573890a13e791,real-truncated-9ecfc35fcefae241-001,truncated,real_truncated,,true,,ok,,,false,,,,,false,captured_ephemeral
helm,math_chain_of_thought,63754d05db6f874e41a395880fb573890a13e791,real-truncated-acb3a5295c56829c-001,truncated,real_truncated,,true,,ok,,,false,,,,,false,captured_ephemeral
helm,math_chain_of_thought,63754d05db6f874e41a395880fb573890a13e791,real-truncated-25007c1e26d4eeb2-001,truncated,real_truncated,,true,,ok,,,false,,,,,false,captured_ephemeral
helm,math_chain_of_thought,63754d05db6f874e41a395880fb573890a13e791,real-truncated-ba728ce1826746c2-001,truncated,real_truncated,,true,,ok,,XP = \sqrt{23} - 2\sqrt{3},true,,,,,false,captured_ephemeral
helm,math_chain_of_thought,63754d05db6f874e41a395880fb573890a13e791,real-truncated-707f12f62e6d4cef-001,truncated,real_truncated,,true,,ok,,\dfrac{77}{2},true,,,,,false,captured_ephemeral
helm,math_chain_of_thought,63754d05db6f874e41a395880fb573890a13e791,real-truncated-d2e93ae35a6c6929-001,truncated,real_truncated,,true,,ok,,,false,,,,,false,captured_ephemeral
helm,math_chain_of_thought,63754d05db6f874e41a395880fb573890a13e791,real-truncated-062cf1ffe5b924fa-001,truncated,real_truncated,,true,,ok,,,false,,,,,false,captured_ephemeral
helm,math_chain_of_thought,63754d05db6f874e41a395880fb573890a13e791,real-truncated-805630023b55e371-001,truncated,real_truncated,,true,,ok,,No solution,true,,,,,false,captured_ephemeral
helm,math_chain_of_thought,63754d05db6f874e41a395880fb573890a13e791,real-truncated-3eacef22437fd915-001,truncated,real_truncated,,true,,ok,,,false,,,,,false,captured_ephemeral
helm,math_chain_of_thought,63754d05db6f874e41a395880fb573890a13e791,real-truncated-5da13db78fc0a540-001,truncated,real_truncated,,true,,ok,,,false,,,,,false,captured_ephemeral
helm,math_chain_of_thought,63754d05db6f874e41a395880fb573890a13e791,real-truncated-4480e573ba66416f-001,truncated,real_truncated,,true,,ok,,,false,,,,,false,captured_ephemeral
helm,math_chain_of_thought,63754d05db6f874e41a395880fb573890a13e791,real-truncated-5f4343c0d4868050-001,truncated,real_truncated,,true,,ok,,,false,,,,,false,captured_ephemeral
helm,math_chain_of_thought,63754d05db6f874e41a395880fb573890a13e791,real-truncated-4749817223a7201d-001,truncated,real_truncated,,true,,ok,,,false,,,,,false,captured_ephemeral
helm,math_chain_of_thought,63754d05db6f874e41a395880fb573890a13e791,real-truncated-bba38d303fcf87eb-001,truncated,real_truncated,,true,,ok,,,false,,,,,false,captured_ephemeral
helm,math_chain_of_thought,63754d05db6f874e41a395880fb573890a13e791,real-truncated-d85d90aaf4cc1ca6-001,truncated,real_truncated,,true,,ok,,10,true,,,,,false,captured_ephemeral
helm,math_chain_of_thought,63754d05db6f874e41a395880fb573890a13e791,real-truncated-525ccd1eb6fbf139-001,truncated,real_truncated,,true,,ok,,,false,,,,,false,captured_ephemeral
helm,math_chain_of_thought,63754d05db6f874e41a395880fb573890a13e791,real-truncated-e1572c89e32df953-001,truncated,real_truncated,,true,,ok,,,false,,,,,false,captured_ephemeral
helm,math_chain_of_thought,63754d05db6f874e41a395880fb573890a13e791,real-truncated-247556f85b1c55a4-001,truncated,real_truncated,,true,,ok,,,false,,,,,false,captured_ephemeral
helm,math_chain_of_thought,63754d05db6f874e41a395880fb573890a13e791,real-truncated-75443d7e611f2187-001,truncated,real_truncated,,true,,ok,,,false,,,,,false,captured_ephemeral
helm,math_chain_of_thought,63754d05db6f874e41a395880fb573890a13e791,real-truncated-35be201956f48fd0-001,truncated,real_truncated,,true,,ok,,,false,,,,,false,captured_ephemeral
helm,math_chain_of_thought,63754d05db6f874e41a395880fb573890a13e791,real-truncated-9bb1434201a768b2-001,truncated,real_truncated,,true,,ok,,,false,,,,,false,captured_ephemeral
helm,math_chain_of_thought,63754d05db6f874e41a395880fb573890a13e791,real-truncated-95b8c4379b5dc2e4-001,truncated,real_truncated,,true,,ok,,,false,,,,,false,captured_ephemeral
helm,math_chain_of_thought,63754d05db6f874e41a395880fb573890a13e791,real-truncated-770210b9f8b54309-001,truncated,real_truncated,,true,,ok,,,false,,,,,false,captured_ephemeral
helm,math_chain_of_thought,63754d05db6f874e41a395880fb573890a13e791,real-truncated-89322f67b05ffd2c-001,truncated,real_truncated,,true,,ok,,44,true,,,,,false,captured_ephemeral
helm,math_chain_of_thought,63754d05db6f874e41a395880fb573890a13e791,real-truncated-1f7af8c0564d30c0-001,truncated,real_truncated,,true,,ok,,,false,,,,,false,captured_ephemeral
helm,math_chain_of_thought,63754d05db6f874e41a395880fb573890a13e791,real-truncated-0f4e8f3e7a20e1ab-001,truncated,real_truncated,,true,,ok,,,false,,,,,false,captured_ephemeral
helm,math_chain_of_thought,63754d05db6f874e41a395880fb573890a13e791,real-truncated-88da8be5be46715d-001,truncated,real_truncated,,true,,ok,,,false,,,,,false,captured_ephemeral
helm,math_chain_of_thought,63754d05db6f874e41a395880fb573890a13e791,real-truncated-6082a79b2216cc1e-001,truncated,real_truncated,,true,,ok,,,false,,,,,false,captured_ephemeral
helm,math_chain_of_thought,63754d05db6f874e41a395880fb573890a13e791,real-truncated-798d25ae0b5abad7-001,truncated,real_truncated,,true,,ok,,,false,,,,,false,captured_ephemeral
helm,math_chain_of_thought,63754d05db6f874e41a395880fb573890a13e791,real-truncated-b92076fc9cd5e016-001,truncated,real_truncated,,true,,ok,,,false,,,,,false,captured_ephemeral
helm,math_chain_of_thought,63754d05db6f874e41a395880fb573890a13e791,real-truncated-aaa0d7f68b704bec-001,truncated,real_truncated,,true,,ok,,,false,,,,,false,captured_ephemeral
helm,math_chain_of_thought,63754d05db6f874e41a395880fb573890a13e791,real-truncated-55417c12215c3d52-001,truncated,real_truncated,,true,,ok,,,false,,,,,false,captured_ephemeral
helm,math_chain_of_thought,63754d05db6f874e41a395880fb573890a13e791,real-truncated-7119848ec423bf7a-001,truncated,real_truncated,,true,,ok,,,false,,,,,false,captured_ephemeral
helm,math_chain_of_thought,63754d05db6f874e41a395880fb573890a13e791,real-truncated-99187b20ecf0bdb9-001,truncated,real_truncated,,true,,ok,,,false,,,,,false,captured_ephemeral
helm,math_chain_of_thought,63754d05db6f874e41a395880fb573890a13e791,real-truncated-7734823d0e946fc4-001,truncated,real_truncated,,true,,ok,,,false,,,,,false,captured_ephemeral
helm,math_chain_of_thought,63754d05db6f874e41a395880fb573890a13e791,real-truncated-a1cc1d1204da2de1-001,truncated,real_truncated,,true,,ok,,,false,,,,,false,captured_ephemeral
helm,math_chain_of_thought,63754d05db6f874e41a395880fb573890a13e791,real-truncated-8ccb63cb04064591-001,truncated,real_truncated,,true,,ok,,,false,,,,,false,captured_ephemeral
helm,math_chain_of_thought,63754d05db6f874e41a395880fb573890a13e791,real-truncated-ef7b1a56c6749a3f-001,truncated,real_truncated,,true,,ok,,,false,,,,,false,captured_ephemeral
helm,math_chain_of_thought,63754d05db6f874e41a395880fb573890a13e791,real-truncated-4d3201f20fa1bbd7-001,truncated,real_truncated,,true,,ok,,,false,,,,,false,captured_ephemeral
helm,math_chain_of_thought,63754d05db6f874e41a395880fb573890a13e791,real-truncated-268a568ac4786f87-001,truncated,real_truncated,,true,,ok,,\sqrt{\frac{13\sqrt{13}+15}{6}},true,,,,,false,captured_ephemeral
helm,math_chain_of_thought,63754d05db6f874e41a395880fb573890a13e791,real-truncated-fe7eed6c63be702d-001,truncated,real_truncated,,true,,ok,,\frac{\sqrt{1691}}{4\sqrt{30}},true,,,,,false,captured_ephemeral
helm,math_chain_of_thought,63754d05db6f874e41a395880fb573890a13e791,real-truncated-e730046d14071b1b-001,truncated,real_truncated,,true,,ok,,,false,,,,,false,captured_ephemeral
helm,math_chain_of_thought,63754d05db6f874e41a395880fb573890a13e791,real-truncated-22d120ff2613fb3c-001,truncated,real_truncated,,true,,ok,,"2^5\cdot3^2\cdot7\prod_{\substack{q\text{ prime}\\ 11\le q\le2025, q\neq2017}}q",true,,,,,false,captured_ephemeral
helm,math_chain_of_thought,63754d05db6f874e41a395880fb573890a13e791,real-truncated-44a1889a65c89a98-001,truncated,real_truncated,,true,,ok,,5040,true,,,,,false,captured_ephemeral
helm,math_chain_of_thought,63754d05db6f874e41a395880fb573890a13e791,real-truncated-3044f9e5b658cf47-001,truncated,real_truncated,,true,,ok,,200,true,,,,,false,captured_ephemeral
helm,math_chain_of_thought,63754d05db6f874e41a395880fb573890a13e791,real-truncated-9dba0a611623ccce-001,truncated,real_truncated,,true,,ok,,,false,,,,,false,captured_ephemeral
helm,math_chain_of_thought,63754d05db6f874e41a395880fb573890a13e791,real-truncated-56ad692d3950a6ae-001,truncated,real_truncated,,true,,ok,,,false,,,,,false,captured_ephemeral
helm,math_chain_of_thought,63754d05db6f874e41a395880fb573890a13e791,real-truncated-6279f7b6b01ea2e2-001,truncated,real_truncated,,true,,ok,,30\sqrt{2},true,,,,,false,captured_ephemeral
helm,math_chain_of_thought,63754d05db6f874e41a395880fb573890a13e791,real-truncated-210fbcf5ff0f49e9-001,truncated,real_truncated,,true,,ok,,,false,,,,,false,captured_ephemeral
helm,math_chain_of_thought,63754d05db6f874e41a395880fb573890a13e791,real-truncated-8b88e292ba1b4c5c-001,truncated,real_truncated,,true,,ok,,,false,,,,,false,captured_ephemeral
helm,math_chain_of_thought,63754d05db6f874e41a395880fb573890a13e791,real-truncated-bc0e37aef7f95216-001,truncated,real_truncated,,true,,ok,,,false,,,,,false,captured_ephemeral
helm,math_chain_of_thought,63754d05db6f874e41a395880fb573890a13e791,real-truncated-af0577d51fd778a1-001,truncated,real_truncated,,true,,ok,,,false,,,,,false,captured_ephemeral
helm,math_chain_of_thought,63754d05db6f874e41a395880fb573890a13e791,real-truncated-8ee42cd3eba12ec6-001,truncated,real_truncated,,true,,ok,,,false,,,,,false,captured_ephemeral
helm,math_chain_of_thought,63754d05db6f874e41a395880fb573890a13e791,real-truncated-11779f2fc604d057-001,truncated,real_truncated,,true,,ok,,,false,,,,,false,captured_ephemeral
helm,math_chain_of_thought,63754d05db6f874e41a395880fb573890a13e791,real-truncated-eface0049132e97d-001,truncated,real_truncated,,true,,ok,,,false,,,,,false,captured_ephemeral
helm,math_chain_of_thought,63754d05db6f874e41a395880fb573890a13e791,real-truncated-5713bc6fb1dfa8d0-001,truncated,real_truncated,,true,,ok,,,false,,,,,false,captured_ephemeral
helm,math_chain_of_thought,63754d05db6f874e41a395880fb573890a13e791,real-truncated-505bc873a129bcd1-001,truncated,real_truncated,,true,,ok,,,false,,,,,false,captured_ephemeral
helm,math_chain_of_thought,63754d05db6f874e41a395880fb573890a13e791,real-truncated-6853bba8299795d5-001,truncated,real_truncated,,true,,ok,,,false,,,,,false,captured_ephemeral
helm,math_chain_of_thought,63754d05db6f874e41a395880fb573890a13e791,real-truncated-20f1e0708a19abc4-001,truncated,real_truncated,,true,,ok,,,false,,,,,false,captured_ephemeral
helm,math_chain_of_thought,63754d05db6f874e41a395880fb573890a13e791,real-truncated-6e4eb7af77ed2ff8-001,truncated,real_truncated,,true,,ok,,,false,,,,,false,captured_ephemeral
helm,math_chain_of_thought,63754d05db6f874e41a395880fb573890a13e791,real-truncated-8ea28fa7707b3025-001,truncated,real_truncated,,true,,ok,,,false,,,,,false,captured_ephemeral
helm,math_chain_of_thought,63754d05db6f874e41a395880fb573890a13e791,real-truncated-d8eeb7b64dd7015a-001,truncated,real_truncated,,true,,ok,,20,true,,,,,false,captured_ephemeral
helm,math_chain_of_thought,63754d05db6f874e41a395880fb573890a13e791,real-truncated-fb10e3776314a519-001,truncated,real_truncated,,true,,ok,,,false,,,,,false,captured_ephemeral
helm,math_chain_of_thought,63754d05db6f874e41a395880fb573890a13e791,real-truncated-ccd8a323f6c2b744-001,truncated,real_truncated,,true,,ok,,10,true,,,,,false,captured_ephemeral
helm,math_chain_of_thought,63754d05db6f874e41a395880fb573890a13e791,real-truncated-1828f5a31563f6e3-001,truncated,real_truncated,,true,,ok,,,false,,,,,false,captured_ephemeral
helm,math_chain_of_thought,63754d05db6f874e41a395880fb573890a13e791,real-truncated-a5460d50cb8daafc-001,truncated,real_truncated,,true,,ok,,,false,,,,,false,captured_ephemeral
helm,math_chain_of_thought,63754d05db6f874e41a395880fb573890a13e791,real-truncated-e7536ddc4697865a-001,truncated,real_truncated,,true,,ok,,,false,,,,,false,captured_ephemeral
helm,math_chain_of_thought,63754d05db6f874e41a395880fb573890a13e791,real-truncated-3b6b5e2e07c8adab-001,truncated,real_truncated,,true,,ok,,3,true,,,,,false,captured_ephemeral
helm,math_chain_of_thought,63754d05db6f874e41a395880fb573890a13e791,real-truncated-45fd9dd0b16def99-001,truncated,real_truncated,,true,,ok,,,false,,,,,false,captured_ephemeral
helm,math_chain_of_thought,63754d05db6f874e41a395880fb573890a13e791,real-truncated-390931de8b8a68ae-001,truncated,real_truncated,,true,,ok,,,false,,,,,false,captured_ephemeral
helm,math_chain_of_thought,63754d05db6f874e41a395880fb573890a13e791,real-truncated-23c7087e22382c85-001,truncated,real_truncated,,true,,ok,,,false,,,,,false,captured_ephemeral
helm,math_chain_of_thought,63754d05db6f874e41a395880fb573890a13e791,real-truncated-740acaaa5658c524-001,truncated,real_truncated,,true,,ok,,,false,,,,,false,captured_ephemeral
helm,math_chain_of_thought,63754d05db6f874e41a395880fb573890a13e791,real-truncated-e6a7555e64fb1fc8-001,truncated,real_truncated,,true,,ok,,,false,,,,,false,captured_ephemeral
helm,math_chain_of_thought,63754d05db6f874e41a395880fb573890a13e791,real-truncated-d4aec9cd22f44d16-001,truncated,real_truncated,,true,,ok,,,false,,,,,false,captured_ephemeral
helm,math_chain_of_thought,63754d05db6f874e41a395880fb573890a13e791,real-truncated-4ea3c98b3c90e29e-001,truncated,real_truncated,,true,,ok,,,false,,,,,false,captured_ephemeral
helm,math_chain_of_thought,63754d05db6f874e41a395880fb573890a13e791,real-truncated-f9eaa5fd29415a58-001,truncated,real_truncated,,true,,ok,,,false,,,,,false,captured_ephemeral
helm,math_chain_of_thought,63754d05db6f874e41a395880fb573890a13e791,real-truncated-85c7b95581c097ef-001,truncated,real_truncated,,true,,ok,,,false,,,,,false,captured_ephemeral
helm,math_chain_of_thought,63754d05db6f874e41a395880fb573890a13e791,real-truncated-aa1b94cca1993363-001,truncated,real_truncated,,true,,ok,,,false,,,,,false,captured_ephemeral
helm,math_chain_of_thought,63754d05db6f874e41a395880fb573890a13e791,real-truncated-6ee8443d1d436cf6-001,truncated,real_truncated,,true,,ok,,,false,,,,,false,captured_ephemeral
helm,math_chain_of_thought,63754d05db6f874e41a395880fb573890a13e791,real-truncated-6ee8443d1d436cf6-002,truncated,real_truncated,,true,,ok,,,false,,,,,false,captured_ephemeral
helm,math_chain_of_thought,63754d05db6f874e41a395880fb573890a13e791,real-truncated-6ee8443d1d436cf6-003,truncated,real_truncated,,true,,ok,,,false,,,,,false,captured_ephemeral
helm,math_chain_of_thought,63754d05db6f874e41a395880fb573890a13e791,real-truncated-5281b3506686a184-001,truncated,real_truncated,,true,,ok,,,false,,,,,false,captured_ephemeral
helm,math_chain_of_thought,63754d05db6f874e41a395880fb573890a13e791,real-truncated-5281b3506686a184-002,truncated,real_truncated,,true,,ok,,,false,,,,,false,captured_ephemeral
helm,math_chain_of_thought,63754d05db6f874e41a395880fb573890a13e791,real-truncated-5281b3506686a184-003,truncated,real_truncated,,true,,ok,,,false,,,,,false,captured_ephemeral
helm,math_chain_of_thought,63754d05db6f874e41a395880fb573890a13e791,real-truncated-abb81d1b8c4db67a-001,truncated,real_truncated,,true,,ok,,,false,,,,,false,captured_ephemeral
helm,math_chain_of_thought,63754d05db6f874e41a395880fb573890a13e791,real-truncated-a79daf5eab47793c-001,truncated,real_truncated,,true,,ok,,,false,,,,,false,captured_ephemeral
helm,math_chain_of_thought,63754d05db6f874e41a395880fb573890a13e791,real-truncated-16277ed40a76d930-001,truncated,real_truncated,,true,,ok,,,false,,,,,false,captured_ephemeral
helm,math_chain_of_thought,63754d05db6f874e41a395880fb573890a13e791,real-truncated-e4e046aee036728b-001,truncated,real_truncated,,true,,ok,,,false,,,,,false,captured_ephemeral
helm,math_chain_of_thought,63754d05db6f874e41a395880fb573890a13e791,real-truncated-6dd1f374f6ed08df-001,truncated,real_truncated,,true,,ok,,,false,,,,,false,captured_ephemeral
helm,math_chain_of_thought,63754d05db6f874e41a395880fb573890a13e791,real-truncated-0d2658ccd619147a-001,truncated,real_truncated,,true,,ok,,63,true,,,,,true,captured_ephemeral
helm,math_chain_of_thought,63754d05db6f874e41a395880fb573890a13e791,real-truncated-74696bb1b2b136e8-001,truncated,real_truncated,,true,,ok,,4,true,,,,,false,captured_ephemeral
helm,math_chain_of_thought,63754d05db6f874e41a395880fb573890a13e791,real-truncated-fdfa2be691dea487-001,truncated,real_truncated,,true,,ok,,4,true,,,,,false,captured_ephemeral
helm,math_chain_of_thought,63754d05db6f874e41a395880fb573890a13e791,real-truncated-075bf5961ff00993-001,truncated,real_truncated,,true,,ok,,,false,,,,,false,captured_ephemeral
helm,math_chain_of_thought,63754d05db6f874e41a395880fb573890a13e791,real-truncated-075bf5961ff00993-002,truncated,real_truncated,,true,,ok,,,false,,,,,false,captured_ephemeral
helm,math_chain_of_thought,63754d05db6f874e41a395880fb573890a13e791,real-truncated-17eebdd1a966e5f0-001,truncated,real_truncated,,true,,ok,,,false,,,,,false,captured_ephemeral
helm,math_chain_of_thought,63754d05db6f874e41a395880fb573890a13e791,real-truncated-a4bb63b5ba4a773e-001,truncated,real_truncated,,true,,ok,,,false,,,,,false,captured_ephemeral
helm,math_chain_of_thought,63754d05db6f874e41a395880fb573890a13e791,real-truncated-a4bb63b5ba4a773e-002,truncated,real_truncated,,true,,ok,,,false,,,,,false,captured_ephemeral
helm,math_chain_of_thought,63754d05db6f874e41a395880fb573890a13e791,real-truncated-a4bb63b5ba4a773e-003,truncated,real_truncated,,true,,ok,,,false,,,,,false,captured_ephemeral
helm,math_chain_of_thought,63754d05db6f874e41a395880fb573890a13e791,real-truncated-355520fb8f2104ec-001,truncated,real_truncated,,true,,ok,,2\sqrt{6},true,,,,,false,captured_ephemeral
helm,math_chain_of_thought,63754d05db6f874e41a395880fb573890a13e791,real-truncated-49565e194413328d-001,truncated,real_truncated,,true,,ok,,...,true,,,,,false,captured_ephemeral
helm,math_chain_of_thought,63754d05db6f874e41a395880fb573890a13e791,real-truncated-85f19c1e57445cde-001,truncated,real_truncated,,true,,ok,,2\sqrt{5},true,,,,,false,captured_ephemeral
helm,math_chain_of_thought,63754d05db6f874e41a395880fb573890a13e791,real-truncated-bd836ccf84464689-001,truncated,real_truncated,,true,,ok,,2\sqrt{5},true,,,,,false,captured_ephemeral
helm,math_chain_of_thought,63754d05db6f874e41a395880fb573890a13e791,real-truncated-b881db2f3106d76e-001,truncated,real_truncated,,true,,ok,,,false,,,,,false,captured_ephemeral
helm,math_chain_of_thought,63754d05db6f874e41a395880fb573890a13e791,real-truncated-58796eda234de823-001,truncated,real_truncated,,true,,ok,,,false,,,,,false,captured_ephemeral
helm,math_chain_of_thought,63754d05db6f874e41a395880fb573890a13e791,real-truncated-d876807b9ced546e-001,truncated,real_truncated,,true,,ok,,,false,,,,,false,captured_ephemeral
helm,math_chain_of_thought,63754d05db6f874e41a395880fb573890a13e791,synthetic-1729-mid_box-001,truncated,synthetic_truncated,mid_box,true,,ok,,,false,,,,,false,captured_ephemeral
helm,math_chain_of_thought,63754d05db6f874e41a395880fb573890a13e791,synthetic-1729-mid_box-002,truncated,synthetic_truncated,mid_box,true,,ok,,,false,,,,,false,captured_ephemeral
helm,math_chain_of_thought,63754d05db6f874e41a395880fb573890a13e791,synthetic-1729-mid_box-003,truncated,synthetic_truncated,mid_box,true,,ok,,,false,,,,,false,captured_ephemeral
helm,math_chain_of_thought,63754d05db6f874e41a395880fb573890a13e791,synthetic-1729-mid_box-004,truncated,synthetic_truncated,mid_box,true,,ok,,,false,,,,,false,captured_ephemeral
helm,math_chain_of_thought,63754d05db6f874e41a395880fb573890a13e791,synthetic-1729-mid_box-005,truncated,synthetic_truncated,mid_box,true,,ok,,,false,,,,,false,captured_ephemeral
helm,math_chain_of_thought,63754d05db6f874e41a395880fb573890a13e791,synthetic-1729-mid_box-006,truncated,synthetic_truncated,mid_box,true,,ok,,,false,,,,,false,captured_ephemeral
helm,math_chain_of_thought,63754d05db6f874e41a395880fb573890a13e791,synthetic-1729-mid_box-007,truncated,synthetic_truncated,mid_box,true,,ok,,,false,,,,,false,captured_ephemeral
helm,math_chain_of_thought,63754d05db6f874e41a395880fb573890a13e791,synthetic-1729-mid_box-008,truncated,synthetic_truncated,mid_box,true,,ok,,,false,,,,,false,captured_ephemeral
helm,math_chain_of_thought,63754d05db6f874e41a395880fb573890a13e791,synthetic-1729-mid_box-009,truncated,synthetic_truncated,mid_box,true,,ok,,,false,,,,,false,captured_ephemeral
helm,math_chain_of_thought,63754d05db6f874e41a395880fb573890a13e791,synthetic-1729-mid_box-010,truncated,synthetic_truncated,mid_box,true,,ok,,,false,,,,,false,captured_ephemeral
helm,math_chain_of_thought,63754d05db6f874e41a395880fb573890a13e791,synthetic-1729-mid_box-011,truncated,synthetic_truncated,mid_box,true,,ok,,,false,,,,,false,captured_ephemeral
helm,math_chain_of_thought,63754d05db6f874e41a395880fb573890a13e791,synthetic-1729-mid_box-012,truncated,synthetic_truncated,mid_box,true,,ok,,,false,,,,,false,captured_ephemeral
helm,math_chain_of_thought,63754d05db6f874e41a395880fb573890a13e791,synthetic-1729-mid_box-013,truncated,synthetic_truncated,mid_box,true,,ok,,,false,,,,,false,captured_ephemeral
helm,math_chain_of_thought,63754d05db6f874e41a395880fb573890a13e791,synthetic-1729-mid_box-014,truncated,synthetic_truncated,mid_box,true,,ok,,,false,,,,,false,captured_ephemeral
helm,math_chain_of_thought,63754d05db6f874e41a395880fb573890a13e791,synthetic-1729-mid_box-015,truncated,synthetic_truncated,mid_box,true,,ok,,,false,,,,,false,captured_ephemeral
helm,math_chain_of_thought,63754d05db6f874e41a395880fb573890a13e791,synthetic-1729-mid_box-016,truncated,synthetic_truncated,mid_box,true,,ok,,,false,,,,,false,captured_ephemeral
helm,math_chain_of_thought,63754d05db6f874e41a395880fb573890a13e791,synthetic-1729-mid_box-017,truncated,synthetic_truncated,mid_box,true,,ok,,,false,,,,,false,captured_ephemeral
helm,math_chain_of_thought,63754d05db6f874e41a395880fb573890a13e791,synthetic-1729-mid_box-018,truncated,synthetic_truncated,mid_box,true,,ok,,,false,,,,,false,captured_ephemeral
helm,math_chain_of_thought,63754d05db6f874e41a395880fb573890a13e791,synthetic-1729-mid_box-019,truncated,synthetic_truncated,mid_box,true,,ok,,,false,,,,,false,captured_ephemeral
helm,math_chain_of_thought,63754d05db6f874e41a395880fb573890a13e791,synthetic-1729-mid_box-020,truncated,synthetic_truncated,mid_box,true,,ok,,,false,,,,,false,captured_ephemeral
helm,math_chain_of_thought,63754d05db6f874e41a395880fb573890a13e791,synthetic-1729-mid_multiple_choice_enumeration-001,truncated,synthetic_truncated,mid_multiple_choice_enumeration,true,,ok,,,false,,,,,false,captured_ephemeral
helm,math_chain_of_thought,63754d05db6f874e41a395880fb573890a13e791,synthetic-1729-mid_multiple_choice_enumeration-002,truncated,synthetic_truncated,mid_multiple_choice_enumeration,true,,ok,,,false,,,,,false,captured_ephemeral
helm,math_chain_of_thought,63754d05db6f874e41a395880fb573890a13e791,synthetic-1729-mid_multiple_choice_enumeration-003,truncated,synthetic_truncated,mid_multiple_choice_enumeration,true,,ok,,,false,,,,,false,captured_ephemeral
helm,math_chain_of_thought,63754d05db6f874e41a395880fb573890a13e791,synthetic-1729-mid_multiple_choice_enumeration-004,truncated,synthetic_truncated,mid_multiple_choice_enumeration,true,,ok,,,false,,,,,false,captured_ephemeral
helm,math_chain_of_thought,63754d05db6f874e41a395880fb573890a13e791,synthetic-1729-mid_multiple_choice_enumeration-005,truncated,synthetic_truncated,mid_multiple_choice_enumeration,true,,ok,,,false,,,,,false,captured_ephemeral
helm,math_chain_of_thought,63754d05db6f874e41a395880fb573890a13e791,synthetic-1729-mid_multiple_choice_enumeration-006,truncated,synthetic_truncated,mid_multiple_choice_enumeration,true,,ok,,,false,,,,,false,captured_ephemeral
helm,math_chain_of_thought,63754d05db6f874e41a395880fb573890a13e791,synthetic-1729-mid_multiple_choice_enumeration-007,truncated,synthetic_truncated,mid_multiple_choice_enumeration,true,,ok,,,false,,,,,false,captured_ephemeral
helm,math_chain_of_thought,63754d05db6f874e41a395880fb573890a13e791,synthetic-1729-mid_multiple_choice_enumeration-008,truncated,synthetic_truncated,mid_multiple_choice_enumeration,true,,ok,,,false,,,,,false,captured_ephemeral
helm,math_chain_of_thought,63754d05db6f874e41a395880fb573890a13e791,synthetic-1729-mid_multiple_choice_enumeration-009,truncated,synthetic_truncated,mid_multiple_choice_enumeration,true,,ok,,,false,,,,,false,captured_ephemeral
helm,math_chain_of_thought,63754d05db6f874e41a395880fb573890a13e791,synthetic-1729-mid_multiple_choice_enumeration-010,truncated,synthetic_truncated,mid_multiple_choice_enumeration,true,,ok,,,false,,,,,false,captured_ephemeral
helm,math_chain_of_thought,63754d05db6f874e41a395880fb573890a13e791,synthetic-1729-mid_multiple_choice_enumeration-011,truncated,synthetic_truncated,mid_multiple_choice_enumeration,true,,ok,,,false,,,,,false,captured_ephemeral
helm,math_chain_of_thought,63754d05db6f874e41a395880fb573890a13e791,synthetic-1729-mid_multiple_choice_enumeration-012,truncated,synthetic_truncated,mid_multiple_choice_enumeration,true,,ok,,,false,,,,,false,captured_ephemeral
helm,math_chain_of_thought,63754d05db6f874e41a395880fb573890a13e791,synthetic-1729-mid_multiple_choice_enumeration-013,truncated,synthetic_truncated,mid_multiple_choice_enumeration,true,,ok,,,false,,,,,false,captured_ephemeral
helm,math_chain_of_thought,63754d05db6f874e41a395880fb573890a13e791,synthetic-1729-mid_multiple_choice_enumeration-014,truncated,synthetic_truncated,mid_multiple_choice_enumeration,true,,ok,,,false,,,,,false,captured_ephemeral
helm,math_chain_of_thought,63754d05db6f874e41a395880fb573890a13e791,synthetic-1729-mid_multiple_choice_enumeration-015,truncated,synthetic_truncated,mid_multiple_choice_enumeration,true,,ok,,,false,,,,,false,captured_ephemeral
helm,math_chain_of_thought,63754d05db6f874e41a395880fb573890a13e791,synthetic-1729-mid_multiple_choice_enumeration-016,truncated,synthetic_truncated,mid_multiple_choice_enumeration,true,,ok,,,false,,,,,false,captured_ephemeral
helm,math_chain_of_thought,63754d05db6f874e41a395880fb573890a13e791,synthetic-1729-mid_multiple_choice_enumeration-017,truncated,synthetic_truncated,mid_multiple_choice_enumeration,true,,ok,,,false,,,,,false,captured_ephemeral
helm,math_chain_of_thought,63754d05db6f874e41a395880fb573890a13e791,synthetic-1729-mid_multiple_choice_enumeration-018,truncated,synthetic_truncated,mid_multiple_choice_enumeration,true,,ok,,,false,,,,,false,captured_ephemeral
helm,math_chain_of_thought,63754d05db6f874e41a395880fb573890a13e791,synthetic-1729-mid_multiple_choice_enumeration-019,truncated,synthetic_truncated,mid_multiple_choice_enumeration,true,,ok,,,false,,,,,false,captured_ephemeral
helm,math_chain_of_thought,63754d05db6f874e41a395880fb573890a13e791,synthetic-1729-mid_multiple_choice_enumeration-020,truncated,synthetic_truncated,mid_multiple_choice_enumeration,true,,ok,,,false,,,,,false,captured_ephemeral
helm,math_chain_of_thought,63754d05db6f874e41a395880fb573890a13e791,synthetic-1729-post_final_answer-001,truncated,synthetic_truncated,post_final_answer,true,,ok,,,false,,,,,false,captured_ephemeral
helm,math_chain_of_thought,63754d05db6f874e41a395880fb573890a13e791,synthetic-1729-post_final_answer-002,truncated,synthetic_truncated,post_final_answer,true,,ok,,,false,,,,,false,captured_ephemeral
helm,math_chain_of_thought,63754d05db6f874e41a395880fb573890a13e791,synthetic-1729-post_final_answer-003,truncated,synthetic_truncated,post_final_answer,true,,ok,,,false,,,,,false,captured_ephemeral
helm,math_chain_of_thought,63754d05db6f874e41a395880fb573890a13e791,synthetic-1729-post_final_answer-004,truncated,synthetic_truncated,post_final_answer,true,,ok,,,false,,,,,false,captured_ephemeral
helm,math_chain_of_thought,63754d05db6f874e41a395880fb573890a13e791,synthetic-1729-post_final_answer-005,truncated,synthetic_truncated,post_final_answer,true,,ok,,,false,,,,,false,captured_ephemeral
helm,math_chain_of_thought,63754d05db6f874e41a395880fb573890a13e791,synthetic-1729-post_final_answer-006,truncated,synthetic_truncated,post_final_answer,true,,ok,,,false,,,,,false,captured_ephemeral
helm,math_chain_of_thought,63754d05db6f874e41a395880fb573890a13e791,synthetic-1729-post_final_answer-007,truncated,synthetic_truncated,post_final_answer,true,,ok,,,false,,,,,false,captured_ephemeral
helm,math_chain_of_thought,63754d05db6f874e41a395880fb573890a13e791,synthetic-1729-post_final_answer-008,truncated,synthetic_truncated,post_final_answer,true,,ok,,,false,,,,,false,captured_ephemeral
helm,math_chain_of_thought,63754d05db6f874e41a395880fb573890a13e791,synthetic-1729-post_final_answer-009,truncated,synthetic_truncated,post_final_answer,true,,ok,,,false,,,,,false,captured_ephemeral
helm,math_chain_of_thought,63754d05db6f874e41a395880fb573890a13e791,synthetic-1729-post_final_answer-010,truncated,synthetic_truncated,post_final_answer,true,,ok,,,false,,,,,false,captured_ephemeral
helm,math_chain_of_thought,63754d05db6f874e41a395880fb573890a13e791,synthetic-1729-post_final_answer-011,truncated,synthetic_truncated,post_final_answer,true,,ok,,,false,,,,,false,captured_ephemeral
helm,math_chain_of_thought,63754d05db6f874e41a395880fb573890a13e791,synthetic-1729-post_final_answer-012,truncated,synthetic_truncated,post_final_answer,true,,ok,,,false,,,,,false,captured_ephemeral
helm,math_chain_of_thought,63754d05db6f874e41a395880fb573890a13e791,synthetic-1729-post_final_answer-013,truncated,synthetic_truncated,post_final_answer,true,,ok,,,false,,,,,false,captured_ephemeral
helm,math_chain_of_thought,63754d05db6f874e41a395880fb573890a13e791,synthetic-1729-post_final_answer-014,truncated,synthetic_truncated,post_final_answer,true,,ok,,,false,,,,,false,captured_ephemeral
helm,math_chain_of_thought,63754d05db6f874e41a395880fb573890a13e791,synthetic-1729-post_final_answer-015,truncated,synthetic_truncated,post_final_answer,true,,ok,,,false,,,,,false,captured_ephemeral
helm,math_chain_of_thought,63754d05db6f874e41a395880fb573890a13e791,synthetic-1729-post_final_answer-016,truncated,synthetic_truncated,post_final_answer,true,,ok,,,false,,,,,false,captured_ephemeral
helm,math_chain_of_thought,63754d05db6f874e41a395880fb573890a13e791,synthetic-1729-post_final_answer-017,truncated,synthetic_truncated,post_final_answer,true,,ok,,,false,,,,,false,captured_ephemeral
helm,math_chain_of_thought,63754d05db6f874e41a395880fb573890a13e791,synthetic-1729-post_final_answer-018,truncated,synthetic_truncated,post_final_answer,true,,ok,,,false,,,,,false,captured_ephemeral
helm,math_chain_of_thought,63754d05db6f874e41a395880fb573890a13e791,synthetic-1729-post_final_answer-019,truncated,synthetic_truncated,post_final_answer,true,,ok,,,false,,,,,false,captured_ephemeral
helm,math_chain_of_thought,63754d05db6f874e41a395880fb573890a13e791,synthetic-1729-post_final_answer-020,truncated,synthetic_truncated,post_final_answer,true,,ok,,,false,,,,,false,captured_ephemeral
helm,math_chain_of_thought,63754d05db6f874e41a395880fb573890a13e791,synthetic-1729-degeneration_loop_plausible_number-001,truncated,synthetic_truncated,degeneration_loop_plausible_number,true,,ok,,,false,,,,,false,captured_ephemeral
helm,math_chain_of_thought,63754d05db6f874e41a395880fb573890a13e791,synthetic-1729-degeneration_loop_plausible_number-002,truncated,synthetic_truncated,degeneration_loop_plausible_number,true,,ok,,,false,,,,,false,captured_ephemeral
helm,math_chain_of_thought,63754d05db6f874e41a395880fb573890a13e791,synthetic-1729-degeneration_loop_plausible_number-003,truncated,synthetic_truncated,degeneration_loop_plausible_number,true,,ok,,,false,,,,,false,captured_ephemeral
helm,math_chain_of_thought,63754d05db6f874e41a395880fb573890a13e791,synthetic-1729-degeneration_loop_plausible_number-004,truncated,synthetic_truncated,degeneration_loop_plausible_number,true,,ok,,,false,,,,,false,captured_ephemeral
helm,math_chain_of_thought,63754d05db6f874e41a395880fb573890a13e791,synthetic-1729-degeneration_loop_plausible_number-005,truncated,synthetic_truncated,degeneration_loop_plausible_number,true,,ok,,,false,,,,,false,captured_ephemeral
helm,math_chain_of_thought,63754d05db6f874e41a395880fb573890a13e791,synthetic-1729-degeneration_loop_plausible_number-006,truncated,synthetic_truncated,degeneration_loop_plausible_number,true,,ok,,,false,,,,,false,captured_ephemeral
helm,math_chain_of_thought,63754d05db6f874e41a395880fb573890a13e791,synthetic-1729-degeneration_loop_plausible_number-007,truncated,synthetic_truncated,degeneration_loop_plausible_number,true,,ok,,,false,,,,,false,captured_ephemeral
helm,math_chain_of_thought,63754d05db6f874e41a395880fb573890a13e791,synthetic-1729-degeneration_loop_plausible_number-008,truncated,synthetic_truncated,degeneration_loop_plausible_number,true,,ok,,,false,,,,,false,captured_ephemeral
helm,math_chain_of_thought,63754d05db6f874e41a395880fb573890a13e791,synthetic-1729-degeneration_loop_plausible_number-009,truncated,synthetic_truncated,degeneration_loop_plausible_number,true,,ok,,,false,,,,,false,captured_ephemeral
helm,math_chain_of_thought,63754d05db6f874e41a395880fb573890a13e791,synthetic-1729-degeneration_loop_plausible_number-010,truncated,synthetic_truncated,degeneration_loop_plausible_number,true,,ok,,,false,,,,,false,captured_ephemeral
helm,math_chain_of_thought,63754d05db6f874e41a395880fb573890a13e791,synthetic-1729-degeneration_loop_plausible_number-011,truncated,synthetic_truncated,degeneration_loop_plausible_number,true,,ok,,,false,,,,,false,captured_ephemeral
helm,math_chain_of_thought,63754d05db6f874e41a395880fb573890a13e791,synthetic-1729-degeneration_loop_plausible_number-012,truncated,synthetic_truncated,degeneration_loop_plausible_number,true,,ok,,,false,,,,,false,captured_ephemeral
helm,math_chain_of_thought,63754d05db6f874e41a395880fb573890a13e791,synthetic-1729-degeneration_loop_plausible_number-013,truncated,synthetic_truncated,degeneration_loop_plausible_number,true,,ok,,,false,,,,,false,captured_ephemeral
helm,math_chain_of_thought,63754d05db6f874e41a395880fb573890a13e791,synthetic-1729-degeneration_loop_plausible_number-014,truncated,synthetic_truncated,degeneration_loop_plausible_number,true,,ok,,,false,,,,,false,captured_ephemeral
helm,math_chain_of_thought,63754d05db6f874e41a395880fb573890a13e791,synthetic-1729-degeneration_loop_plausible_number-015,truncated,synthetic_truncated,degeneration_loop_plausible_number,true,,ok,,,false,,,,,false,captured_ephemeral
helm,math_chain_of_thought,63754d05db6f874e41a395880fb573890a13e791,synthetic-1729-degeneration_loop_plausible_number-016,truncated,synthetic_truncated,degeneration_loop_plausible_number,true,,ok,,,false,,,,,false,captured_ephemeral
helm,math_chain_of_thought,63754d05db6f874e41a395880fb573890a13e791,synthetic-1729-degeneration_loop_plausible_number-017,truncated,synthetic_truncated,degeneration_loop_plausible_number,true,,ok,,,false,,,,,false,captured_ephemeral
helm,math_chain_of_thought,63754d05db6f874e41a395880fb573890a13e791,synthetic-1729-degeneration_loop_plausible_number-018,truncated,synthetic_truncated,degeneration_loop_plausible_number,true,,ok,,,false,,,,,false,captured_ephemeral
helm,math_chain_of_thought,63754d05db6f874e41a395880fb573890a13e791,synthetic-1729-degeneration_loop_plausible_number-019,truncated,synthetic_truncated,degeneration_loop_plausible_number,true,,ok,,,false,,,,,false,captured_ephemeral
helm,math_chain_of_thought,63754d05db6f874e41a395880fb573890a13e791,synthetic-1729-degeneration_loop_plausible_number-020,truncated,synthetic_truncated,degeneration_loop_plausible_number,true,,ok,,,false,,,,,false,captured_ephemeral
helm,math_chain_of_thought,63754d05db6f874e41a395880fb573890a13e791,synthetic-1729-mid_latex_expression-001,truncated,synthetic_truncated,mid_latex_expression,true,,ok,,,false,,,,,false,captured_ephemeral
helm,math_chain_of_thought,63754d05db6f874e41a395880fb573890a13e791,synthetic-1729-mid_latex_expression-002,truncated,synthetic_truncated,mid_latex_expression,true,,ok,,,false,,,,,false,captured_ephemeral
helm,math_chain_of_thought,63754d05db6f874e41a395880fb573890a13e791,synthetic-1729-mid_latex_expression-003,truncated,synthetic_truncated,mid_latex_expression,true,,ok,,,false,,,,,false,captured_ephemeral
helm,math_chain_of_thought,63754d05db6f874e41a395880fb573890a13e791,synthetic-1729-mid_latex_expression-004,truncated,synthetic_truncated,mid_latex_expression,true,,ok,,,false,,,,,false,captured_ephemeral
helm,math_chain_of_thought,63754d05db6f874e41a395880fb573890a13e791,synthetic-1729-mid_latex_expression-005,truncated,synthetic_truncated,mid_latex_expression,true,,ok,,,false,,,,,false,captured_ephemeral
helm,math_chain_of_thought,63754d05db6f874e41a395880fb573890a13e791,synthetic-1729-mid_latex_expression-006,truncated,synthetic_truncated,mid_latex_expression,true,,ok,,,false,,,,,false,captured_ephemeral
helm,math_chain_of_thought,63754d05db6f874e41a395880fb573890a13e791,synthetic-1729-mid_latex_expression-007,truncated,synthetic_truncated,mid_latex_expression,true,,ok,,,false,,,,,false,captured_ephemeral
helm,math_chain_of_thought,63754d05db6f874e41a395880fb573890a13e791,synthetic-1729-mid_latex_expression-008,truncated,synthetic_truncated,mid_latex_expression,true,,ok,,,false,,,,,false,captured_ephemeral
helm,math_chain_of_thought,63754d05db6f874e41a395880fb573890a13e791,synthetic-1729-mid_latex_expression-009,truncated,synthetic_truncated,mid_latex_expression,true,,ok,,,false,,,,,false,captured_ephemeral
helm,math_chain_of_thought,63754d05db6f874e41a395880fb573890a13e791,synthetic-1729-mid_latex_expression-010,truncated,synthetic_truncated,mid_latex_expression,true,,ok,,,false,,,,,false,captured_ephemeral
helm,math_chain_of_thought,63754d05db6f874e41a395880fb573890a13e791,synthetic-1729-mid_latex_expression-011,truncated,synthetic_truncated,mid_latex_expression,true,,ok,,,false,,,,,false,captured_ephemeral
helm,math_chain_of_thought,63754d05db6f874e41a395880fb573890a13e791,synthetic-1729-mid_latex_expression-012,truncated,synthetic_truncated,mid_latex_expression,true,,ok,,,false,,,,,false,captured_ephemeral
helm,math_chain_of_thought,63754d05db6f874e41a395880fb573890a13e791,synthetic-1729-mid_latex_expression-013,truncated,synthetic_truncated,mid_latex_expression,true,,ok,,,false,,,,,false,captured_ephemeral
helm,math_chain_of_thought,63754d05db6f874e41a395880fb573890a13e791,synthetic-1729-mid_latex_expression-014,truncated,synthetic_truncated,mid_latex_expression,true,,ok,,,false,,,,,false,captured_ephemeral
helm,math_chain_of_thought,63754d05db6f874e41a395880fb573890a13e791,synthetic-1729-mid_latex_expression-015,truncated,synthetic_truncated,mid_latex_expression,true,,ok,,,false,,,,,false,captured_ephemeral
helm,math_chain_of_thought,63754d05db6f874e41a395880fb573890a13e791,synthetic-1729-mid_latex_expression-016,truncated,synthetic_truncated,mid_latex_expression,true,,ok,,,false,,,,,false,captured_ephemeral
helm,math_chain_of_thought,63754d05db6f874e41a395880fb573890a13e791,synthetic-1729-mid_latex_expression-017,truncated,synthetic_truncated,mid_latex_expression,true,,ok,,,false,,,,,false,captured_ephemeral
helm,math_chain_of_thought,63754d05db6f874e41a395880fb573890a13e791,synthetic-1729-mid_latex_expression-018,truncated,synthetic_truncated,mid_latex_expression,true,,ok,,,false,,,,,false,captured_ephemeral
helm,math_chain_of_thought,63754d05db6f874e41a395880fb573890a13e791,synthetic-1729-mid_latex_expression-019,truncated,synthetic_truncated,mid_latex_expression,true,,ok,,,false,,,,,false,captured_ephemeral
helm,math_chain_of_thought,63754d05db6f874e41a395880fb573890a13e791,synthetic-1729-mid_latex_expression-020,truncated,synthetic_truncated,mid_latex_expression,true,,ok,,,false,,,,,false,captured_ephemeral
helm,math_chain_of_thought,63754d05db6f874e41a395880fb573890a13e791,real-control_correct-89378d7c9af16411-001,control_correct,finished_control,,true,,ok,,396,true,,,,,true,captured_ephemeral
helm,math_chain_of_thought,63754d05db6f874e41a395880fb573890a13e791,real-control_correct-16e0de893f7ebe3a-001,control_correct,finished_control,,true,,ok,,396,true,,,,,true,captured_ephemeral
helm,math_chain_of_thought,63754d05db6f874e41a395880fb573890a13e791,real-control_correct-2d3da8c4bfee3c4c-001,control_correct,finished_control,,true,,ok,,396,true,,,,,true,captured_ephemeral
helm,math_chain_of_thought,63754d05db6f874e41a395880fb573890a13e791,real-control_correct-c9f62a5de2de08df-001,control_correct,finished_control,,true,,ok,,396,true,,,,,true,captured_ephemeral
helm,math_chain_of_thought,63754d05db6f874e41a395880fb573890a13e791,real-control_correct-c6ddf5c572a35adb-001,control_correct,finished_control,,true,,ok,,396,true,,,,,true,captured_ephemeral
helm,math_chain_of_thought,63754d05db6f874e41a395880fb573890a13e791,real-control_correct-17d3bfe110828692-001,control_correct,finished_control,,true,,ok,,396,true,,,,,true,captured_ephemeral
helm,math_chain_of_thought,63754d05db6f874e41a395880fb573890a13e791,real-control_correct-61723f102d6ae8a1-001,control_correct,finished_control,,true,,ok,,924,true,,,,,true,captured_ephemeral
helm,math_chain_of_thought,63754d05db6f874e41a395880fb573890a13e791,real-control_correct-255be5d582935302-001,control_correct,finished_control,,true,,ok,,924,true,,,,,true,captured_ephemeral
helm,math_chain_of_thought,63754d05db6f874e41a395880fb573890a13e791,real-control_correct-9e251a1ffea90916-001,control_correct,finished_control,,true,,ok,,924,true,,,,,true,captured_ephemeral
helm,math_chain_of_thought,63754d05db6f874e41a395880fb573890a13e791,real-control_correct-43de6f6db2801086-001,control_correct,finished_control,,true,,ok,,924,true,,,,,true,captured_ephemeral
helm,math_chain_of_thought,63754d05db6f874e41a395880fb573890a13e791,real-control_correct-eeb69bc8e4b6afb6-001,control_correct,finished_control,,true,,ok,,924,true,,,,,true,captured_ephemeral
helm,math_chain_of_thought,63754d05db6f874e41a395880fb573890a13e791,real-control_correct-8e92ff00e3dc8c7f-001,control_correct,finished_control,,true,,ok,,924,true,,,,,true,captured_ephemeral
helm,math_chain_of_thought,63754d05db6f874e41a395880fb573890a13e791,real-control_correct-c2bfbc405396d110-001,control_correct,finished_control,,true,,ok,,924,true,,,,,true,captured_ephemeral
helm,math_chain_of_thought,63754d05db6f874e41a395880fb573890a13e791,real-control_correct-c44a3d80f5ea3ae9-001,control_correct,finished_control,,true,,ok,,924,true,,,,,true,captured_ephemeral
helm,math_chain_of_thought,63754d05db6f874e41a395880fb573890a13e791,real-control_correct-45c33fc7f4b89ab1-001,control_correct,finished_control,,true,,ok,,924,true,,,,,true,captured_ephemeral
helm,math_chain_of_thought,63754d05db6f874e41a395880fb573890a13e791,real-control_correct-2ec159fcc5ac75cf-001,control_correct,finished_control,,true,,ok,,924,true,,,,,true,captured_ephemeral
helm,math_chain_of_thought,63754d05db6f874e41a395880fb573890a13e791,real-control_correct-4bc94d1cce22bd8b-001,control_correct,finished_control,,true,,ok,,924,true,,,,,true,captured_ephemeral
helm,math_chain_of_thought,63754d05db6f874e41a395880fb573890a13e791,real-control_correct-02db4d1921acd1d7-001,control_correct,finished_control,,true,,ok,,924,true,,,,,true,captured_ephemeral
helm,math_chain_of_thought,63754d05db6f874e41a395880fb573890a13e791,real-control_correct-0e0bf8d361f29f7c-001,control_correct,finished_control,,true,,ok,,\frac{r}{2025!} = \frac{1311}{2017},true,,,,,false,captured_ephemeral
helm,math_chain_of_thought,63754d05db6f874e41a395880fb573890a13e791,real-control_correct-585dbca476773d3a-001,control_correct,finished_control,,true,,ok,,26,true,,,,,true,captured_ephemeral
helm,math_chain_of_thought,63754d05db6f874e41a395880fb573890a13e791,real-control_correct-066f81dce4312897-001,control_correct,finished_control,,true,,ok,,\dfrac{9\sqrt{23}}{23},true,,,,,true,captured_ephemeral
helm,math_chain_of_thought,63754d05db6f874e41a395880fb573890a13e791,real-control_correct-7c345a24b0485152-001,control_correct,finished_control,,true,,ok,,\dfrac{9\sqrt{23}}{23},true,,,,,true,captured_ephemeral
helm,math_chain_of_thought,63754d05db6f874e41a395880fb573890a13e791,real-control_correct-14b3558563a36d01-001,control_correct,finished_control,,true,,ok,,26,true,,,,,true,captured_ephemeral
helm,math_chain_of_thought,63754d05db6f874e41a395880fb573890a13e791,real-control_correct-52cde770e82e4c2e-001,control_correct,finished_control,,true,,ok,,26,true,,,,,true,captured_ephemeral
helm,math_chain_of_thought,63754d05db6f874e41a395880fb573890a13e791,real-control_correct-a3713e645b1649de-001,control_correct,finished_control,,true,,ok,,\dfrac{9\sqrt{23}}{23},true,,,,,true,captured_ephemeral
helm,math_chain_of_thought,63754d05db6f874e41a395880fb573890a13e791,real-control_correct-2154392bb16da70b-001,control_correct,finished_control,,true,,ok,,\dfrac{1311}{2017},true,,,,,true,captured_ephemeral
helm,math_chain_of_thought,63754d05db6f874e41a395880fb573890a13e791,real-control_correct-58e45e3809bf2724-001,control_correct,finished_control,,true,,ok,,\dfrac{1311}{2017},true,,,,,true,captured_ephemeral
helm,math_chain_of_thought,63754d05db6f874e41a395880fb573890a13e791,real-control_correct-ef625c1ebfd1e6d8-001,control_correct,finished_control,,true,,ok,,26,true,,,,,true,captured_ephemeral
helm,math_chain_of_thought,63754d05db6f874e41a395880fb573890a13e791,real-control_correct-fc4941cec6e2d7b3-001,control_correct,finished_control,,true,,ok,,\dfrac{1311}{2017},true,,,,,true,captured_ephemeral
helm,math_chain_of_thought,63754d05db6f874e41a395880fb573890a13e791,real-control_correct-14a0b724276c5caa-001,control_correct,finished_control,,true,,ok,,\dfrac{1311}{2017},true,,,,,true,captured_ephemeral
helm,math_chain_of_thought,63754d05db6f874e41a395880fb573890a13e791,real-control_correct-5aba32f1a8311a80-001,control_correct,finished_control,,true,,ok,,\dfrac{1311}{2017},true,,,,,true,captured_ephemeral
helm,math_chain_of_thought,63754d05db6f874e41a395880fb573890a13e791,real-control_correct-2efd83efcd01279f-001,control_correct,finished_control,,true,,ok,,26,true,,,,,true,captured_ephemeral
helm,math_chain_of_thought,63754d05db6f874e41a395880fb573890a13e791,real-control_correct-c4ae4e148917ebf3-001,control_correct,finished_control,,true,,ok,,\dfrac{9}{\sqrt{23}},true,,,,,false,captured_ephemeral
helm,math_chain_of_thought,63754d05db6f874e41a395880fb573890a13e791,real-control_correct-d2716747c59bfdd8-001,control_correct,finished_control,,true,,ok,,"\dfrac{9\,\sqrt{23}}{23}",true,,,,,false,captured_ephemeral
helm,math_chain_of_thought,63754d05db6f874e41a395880fb573890a13e791,real-control_correct-62093781aed9b537-001,control_correct,finished_control,,true,,ok,,\frac{9\sqrt{23}}{23},true,,,,,true,captured_ephemeral
helm,math_chain_of_thought,63754d05db6f874e41a395880fb573890a13e791,real-control_correct-b286790a32a1fbe8-001,control_correct,finished_control,,true,,ok,,\frac{1311}{2017},true,,,,,true,captured_ephemeral
helm,math_chain_of_thought,63754d05db6f874e41a395880fb573890a13e791,real-control_correct-d18b4c82b12f0306-001,control_correct,finished_control,,true,,ok,,\frac{1311}{2017},true,,,,,true,captured_ephemeral
helm,math_chain_of_thought,63754d05db6f874e41a395880fb573890a13e791,real-control_correct-96dfc10499a820c6-001,control_correct,finished_control,,true,,ok,,\frac{1311}{2017},true,,,,,true,captured_ephemeral
helm,math_chain_of_thought,63754d05db6f874e41a395880fb573890a13e791,real-control_correct-3ec3306f5f7bc543-001,control_correct,finished_control,,true,,ok,,\dfrac{9\sqrt{23}}{23},true,,,,,true,captured_ephemeral
helm,math_chain_of_thought,63754d05db6f874e41a395880fb573890a13e791,real-control_correct-337848c60cd45f12-001,control_correct,finished_control,,true,,ok,,\dfrac{9\sqrt{23}}{23},true,,,,,true,captured_ephemeral
helm,math_chain_of_thought,63754d05db6f874e41a395880fb573890a13e791,real-control_correct-8494ad4e58faefe9-001,control_correct,finished_control,,true,,ok,,\dfrac{9\sqrt{23}}{23},true,,,,,true,captured_ephemeral
helm,math_chain_of_thought,63754d05db6f874e41a395880fb573890a13e791,real-control_correct-0f0941eab1767f38-001,control_correct,finished_control,,true,,ok,,\dfrac{9\sqrt{23}}{23},true,,,,,true,captured_ephemeral
helm,math_chain_of_thought,63754d05db6f874e41a395880fb573890a13e791,real-control_correct-beea208faf3d4bf4-001,control_correct,finished_control,,true,,ok,,26,true,,,,,true,captured_ephemeral
helm,math_chain_of_thought,63754d05db6f874e41a395880fb573890a13e791,real-control_correct-49c6c44114b703fb-001,control_correct,finished_control,,true,,ok,,26,true,,,,,true,captured_ephemeral
helm,math_chain_of_thought,63754d05db6f874e41a395880fb573890a13e791,real-control_correct-7e4dcc5a2d2dc94f-001,control_correct,finished_control,,true,,ok,,\dfrac{9\sqrt{23}}{23},true,,,,,true,captured_ephemeral
helm,math_chain_of_thought,63754d05db6f874e41a395880fb573890a13e791,real-control_correct-f3c4bd0f7b512e57-001,control_correct,finished_control,,true,,ok,,\dfrac{9\sqrt{23}}{23},true,,,,,true,captured_ephemeral
helm,math_chain_of_thought,63754d05db6f874e41a395880fb573890a13e791,real-control_correct-77dca34ea2834915-001,control_correct,finished_control,,true,,ok,,\dfrac{9\sqrt{23}}{23},true,,,,,true,captured_ephemeral
helm,math_chain_of_thought,63754d05db6f874e41a395880fb573890a13e791,real-control_correct-f61d7cc8e44486cd-001,control_correct,finished_control,,true,,ok,,\dfrac{9\sqrt{23}}{23},true,,,,,true,captured_ephemeral
helm,math_chain_of_thought,63754d05db6f874e41a395880fb573890a13e791,real-control_correct-83db8adebe9798de-001,control_correct,finished_control,,true,,ok,,\frac{9\sqrt{23}}{23},true,,,,,true,captured_ephemeral
helm,math_chain_of_thought,63754d05db6f874e41a395880fb573890a13e791,real-control_correct-b745903bf49608cc-001,control_correct,finished_control,,true,,ok,,26,true,,,,,true,captured_ephemeral
helm,math_chain_of_thought,63754d05db6f874e41a395880fb573890a13e791,real-control_correct-2c758d44ca541778-001,control_correct,finished_control,,true,,ok,,\frac{9}{\sqrt{23}},true,,,,,false,captured_ephemeral
helm,math_chain_of_thought,63754d05db6f874e41a395880fb573890a13e791,real-control_correct-4a3fdef251946148-001,control_correct,finished_control,,true,,ok,,\frac{9}{\sqrt{23}},true,,,,,false,captured_ephemeral
helm,math_chain_of_thought,63754d05db6f874e41a395880fb573890a13e791,real-control_correct-0ec44c79139c33e2-001,control_correct,finished_control,,true,,ok,,\dfrac{1311}{2017},true,,,,,true,captured_ephemeral
helm,math_chain_of_thought,63754d05db6f874e41a395880fb573890a13e791,real-control_correct-81b17ec6e1a7d1a8-001,control_correct,finished_control,,true,,ok,,\dfrac{1311}{2017},true,,,,,true,captured_ephemeral
helm,math_chain_of_thought,63754d05db6f874e41a395880fb573890a13e791,real-control_correct-0e5f87e242720bf2-001,control_correct,finished_control,,true,,ok,,\sqrt[3]{\dfrac{3-\sqrt{6}}{3}},true,,,,,false,captured_ephemeral
helm,math_chain_of_thought,63754d05db6f874e41a395880fb573890a13e791,real-control_correct-593135bb2de509c3-001,control_correct,finished_control,,true,,ok,,\dfrac{\sqrt[3]{27 - 9\sqrt{6}}}{3},true,,,,,false,captured_ephemeral
helm,math_chain_of_thought,63754d05db6f874e41a395880fb573890a13e791,real-control_correct-c56c011273c6c234-001,control_correct,finished_control,,true,,ok,,\frac{\sqrt[3]{489+10\sqrt{6}}-\sqrt[3]{489-10\sqrt{6}}+\sqrt[3]{3}}{3},true,,,,,false,captured_ephemeral
helm,math_chain_of_thought,63754d05db6f874e41a395880fb573890a13e791,real-control_correct-29005d671726f869-001,control_correct,finished_control,,true,,ok,,\sqrt[3]{\frac{3-\sqrt{6}}{3}},true,,,,,false,captured_ephemeral
helm,math_chain_of_thought,63754d05db6f874e41a395880fb573890a13e791,real-control_correct-67c0cfb485b8e0e1-001,control_correct,finished_control,,true,,ok,,x_{\min}= \frac13\sqrt[3]{163-\frac{10\sqrt6}{3}}+\Bigl(-\frac12+i\frac{\sqrt3}{2}\Bigr)\sqrt[3]{\frac{10(3-\sqrt6)}{81}+i\frac{2\sqrt3}{9}}+\Bigl(-\frac12-i\frac{\sqrt3}{2}\Bigr)\sqrt[3]{\frac{10(3-\sqrt6)}{81}-i\frac{2\sqrt3}{9}},true,,,,,false,captured_ephemeral
helm,math_chain_of_thought,63754d05db6f874e41a395880fb573890a13e791,real-control_correct-afc87305e9694a73-001,control_correct,finished_control,,true,,ok,,"
\displaystyle 
\frac{1}{3}\sqrt[3]{163-\frac{10\sqrt{6}}{3}}\;+\;
\Bigl(-\frac12+i\frac{\sqrt{3}}{2}\Bigr)\sqrt[3]{\frac{10}{81}\bigl(3-\sqrt{6}\bigr)+i\frac{2\sqrt{3}}{9}}
\;+\;
\Bigl(-\frac12-i\frac{\sqrt{3}}{2}\Bigr)\sqrt[3]{\frac{10}{81}\bigl(3-\sqrt{6}\bigr)-i\frac{2\sqrt{3}}{9}}
",true,,,,,false,captured_ephemeral
helm,math_chain_of_thought,63754d05db6f874e41a395880fb573890a13e791,real-control_correct-e7d166d098fcef41-001,control_correct,finished_control,,true,,ok,,3840,true,,,,,true,captured_ephemeral
helm,math_chain_of_thought,63754d05db6f874e41a395880fb573890a13e791,real-control_correct-c377b550ceb9090b-001,control_correct,finished_control,,true,,ok,,3840,true,,,,,true,captured_ephemeral
helm,math_chain_of_thought,63754d05db6f874e41a395880fb573890a13e791,real-control_correct-b4137beeac8ed865-001,control_correct,finished_control,,true,,ok,,\sqrt[3]{\frac{3-\sqrt{6}}{3}},true,,,,,false,captured_ephemeral
helm,math_chain_of_thought,63754d05db6f874e41a395880fb573890a13e791,real-control_correct-8124daee9eec1012-001,control_correct,finished_control,,true,,ok,,\sqrt[3]{\frac{3-\sqrt{6}}{3}},true,,,,,false,captured_ephemeral
inspect_ai,gsm8k_numeric_match,f10dc46f20df0738a9acbfb4c4be0bd3d60601ed,real-truncated-aa20e7ac6246feb9-001,truncated,real_truncated,,true,,ok,,,false,,,,,false,captured_ephemeral
inspect_ai,gsm8k_numeric_match,f10dc46f20df0738a9acbfb4c4be0bd3d60601ed,real-truncated-aa20e7ac6246feb9-002,truncated,real_truncated,,true,,ok,,,false,,,,,false,captured_ephemeral
inspect_ai,gsm8k_numeric_match,f10dc46f20df0738a9acbfb4c4be0bd3d60601ed,real-truncated-aa20e7ac6246feb9-003,truncated,real_truncated,,true,,ok,,,false,,,,,false,captured_ephemeral
inspect_ai,gsm8k_numeric_match,f10dc46f20df0738a9acbfb4c4be0bd3d60601ed,real-truncated-aa20e7ac6246feb9-004,truncated,real_truncated,,true,,ok,,,false,,,,,false,captured_ephemeral
inspect_ai,gsm8k_numeric_match,f10dc46f20df0738a9acbfb4c4be0bd3d60601ed,real-truncated-6cbbd1fc624eeadc-001,truncated,real_truncated,,true,,ok,,78,true,,,,,false,captured_ephemeral
inspect_ai,gsm8k_numeric_match,f10dc46f20df0738a9acbfb4c4be0bd3d60601ed,real-truncated-bd664f49bf0e323e-001,truncated,real_truncated,,true,,ok,,999,true,,,,,false,captured_ephemeral
inspect_ai,gsm8k_numeric_match,f10dc46f20df0738a9acbfb4c4be0bd3d60601ed,real-truncated-491eccf133b25a22-001,truncated,real_truncated,,true,,ok,,,false,,,,,false,captured_ephemeral
inspect_ai,gsm8k_numeric_match,f10dc46f20df0738a9acbfb4c4be0bd3d60601ed,real-truncated-6a67539058b9830a-001,truncated,real_truncated,,true,,ok,,6230,true,,,,,false,captured_ephemeral
inspect_ai,gsm8k_numeric_match,f10dc46f20df0738a9acbfb4c4be0bd3d60601ed,real-truncated-80007a0418241777-001,truncated,real_truncated,,false,gold_answer is not a finite numeric scalar,not_applicable,gold_answer is not a finite numeric scalar,,,,,,,,captured_ephemeral
inspect_ai,gsm8k_numeric_match,f10dc46f20df0738a9acbfb4c4be0bd3d60601ed,real-truncated-3e5a56704b99efaf-001,truncated,real_truncated,,false,gold_answer is not a finite numeric scalar,not_applicable,gold_answer is not a finite numeric scalar,,,,,,,,captured_ephemeral
inspect_ai,gsm8k_numeric_match,f10dc46f20df0738a9acbfb4c4be0bd3d60601ed,real-truncated-0f801e8936e3e652-001,truncated,real_truncated,,false,gold_answer is not a finite numeric scalar,not_applicable,gold_answer is not a finite numeric scalar,,,,,,,,captured_ephemeral
inspect_ai,gsm8k_numeric_match,f10dc46f20df0738a9acbfb4c4be0bd3d60601ed,real-truncated-64dca569eb2179ee-001,truncated,real_truncated,,true,,ok,,727,true,,,,,false,captured_ephemeral
inspect_ai,gsm8k_numeric_match,f10dc46f20df0738a9acbfb4c4be0bd3d60601ed,real-truncated-62f658f8621431bd-001,truncated,real_truncated,,true,,ok,,909,true,,,,,false,captured_ephemeral
inspect_ai,gsm8k_numeric_match,f10dc46f20df0738a9acbfb4c4be0bd3d60601ed,real-truncated-d1c8cfdc97ccfed3-001,truncated,real_truncated,,true,,ok,,2,true,,,,,false,captured_ephemeral
inspect_ai,gsm8k_numeric_match,f10dc46f20df0738a9acbfb4c4be0bd3d60601ed,real-truncated-11ac842eba29ce66-001,truncated,real_truncated,,true,,ok,,21,true,,,,,false,captured_ephemeral
inspect_ai,gsm8k_numeric_match,f10dc46f20df0738a9acbfb4c4be0bd3d60601ed,real-truncated-7d4dcc415df8964c-001,truncated,real_truncated,,false,gold_answer is not a finite numeric scalar,not_applicable,gold_answer is not a finite numeric scalar,,,,,,,,captured_ephemeral
inspect_ai,gsm8k_numeric_match,f10dc46f20df0738a9acbfb4c4be0bd3d60601ed,real-truncated-40b63e4bb8bc1fc2-001,truncated,real_truncated,,true,,ok,,8,true,,,,,false,captured_ephemeral
inspect_ai,gsm8k_numeric_match,f10dc46f20df0738a9acbfb4c4be0bd3d60601ed,real-truncated-e4cb8ed5052dcd59-001,truncated,real_truncated,,true,,ok,,8,true,,,,,false,captured_ephemeral
inspect_ai,gsm8k_numeric_match,f10dc46f20df0738a9acbfb4c4be0bd3d60601ed,real-truncated-5f94257404611a94-001,truncated,real_truncated,,true,,ok,,99,true,,,,,false,captured_ephemeral
inspect_ai,gsm8k_numeric_match,f10dc46f20df0738a9acbfb4c4be0bd3d60601ed,real-truncated-cac6cd311f4a62d6-001,truncated,real_truncated,,true,,ok,,250,true,,,,,false,captured_ephemeral
inspect_ai,gsm8k_numeric_match,f10dc46f20df0738a9acbfb4c4be0bd3d60601ed,real-truncated-d8a68b2d62a0e37e-001,truncated,real_truncated,,true,,ok,,19,true,,,,,false,captured_ephemeral
inspect_ai,gsm8k_numeric_match,f10dc46f20df0738a9acbfb4c4be0bd3d60601ed,real-truncated-6313122c5f9da4b8-001,truncated,real_truncated,,true,,ok,,4423,true,,,,,false,captured_ephemeral
inspect_ai,gsm8k_numeric_match,f10dc46f20df0738a9acbfb4c4be0bd3d60601ed,real-truncated-9880d7c411a9144e-001,truncated,real_truncated,,false,gold_answer is not a finite numeric scalar,not_applicable,gold_answer is not a finite numeric scalar,,,,,,,,captured_ephemeral
inspect_ai,gsm8k_numeric_match,f10dc46f20df0738a9acbfb4c4be0bd3d60601ed,real-truncated-c4dd38bcc0c31ad8-001,truncated,real_truncated,,false,gold_answer is not a finite numeric scalar,not_applicable,gold_answer is not a finite numeric scalar,,,,,,,,captured_ephemeral
inspect_ai,gsm8k_numeric_match,f10dc46f20df0738a9acbfb4c4be0bd3d60601ed,real-truncated-c7a933a4b57b2cee-001,truncated,real_truncated,,false,gold_answer is not a finite numeric scalar,not_applicable,gold_answer is not a finite numeric scalar,,,,,,,,captured_ephemeral
inspect_ai,gsm8k_numeric_match,f10dc46f20df0738a9acbfb4c4be0bd3d60601ed,real-truncated-7ae317e50e0d73c5-001,truncated,real_truncated,,true,,ok,,2.7654e+08,true,,,,,false,captured_ephemeral
inspect_ai,gsm8k_numeric_match,f10dc46f20df0738a9acbfb4c4be0bd3d60601ed,real-truncated-9ecfc35fcefae241-001,truncated,real_truncated,,false,gold_answer is not a finite numeric scalar,not_applicable,gold_answer is not a finite numeric scalar,,,,,,,,captured_ephemeral
inspect_ai,gsm8k_numeric_match,f10dc46f20df0738a9acbfb4c4be0bd3d60601ed,real-truncated-acb3a5295c56829c-001,truncated,real_truncated,,false,gold_answer is not a finite numeric scalar,not_applicable,gold_answer is not a finite numeric scalar,,,,,,,,captured_ephemeral
inspect_ai,gsm8k_numeric_match,f10dc46f20df0738a9acbfb4c4be0bd3d60601ed,real-truncated-25007c1e26d4eeb2-001,truncated,real_truncated,,false,gold_answer is not a finite numeric scalar,not_applicable,gold_answer is not a finite numeric scalar,,,,,,,,captured_ephemeral
inspect_ai,gsm8k_numeric_match,f10dc46f20df0738a9acbfb4c4be0bd3d60601ed,real-truncated-ba728ce1826746c2-001,truncated,real_truncated,,false,gold_answer is not a finite numeric scalar,not_applicable,gold_answer is not a finite numeric scalar,,,,,,,,captured_ephemeral
inspect_ai,gsm8k_numeric_match,f10dc46f20df0738a9acbfb4c4be0bd3d60601ed,real-truncated-707f12f62e6d4cef-001,truncated,real_truncated,,false,gold_answer is not a finite numeric scalar,not_applicable,gold_answer is not a finite numeric scalar,,,,,,,,captured_ephemeral
inspect_ai,gsm8k_numeric_match,f10dc46f20df0738a9acbfb4c4be0bd3d60601ed,real-truncated-d2e93ae35a6c6929-001,truncated,real_truncated,,false,gold_answer is not a finite numeric scalar,not_applicable,gold_answer is not a finite numeric scalar,,,,,,,,captured_ephemeral
inspect_ai,gsm8k_numeric_match,f10dc46f20df0738a9acbfb4c4be0bd3d60601ed,real-truncated-062cf1ffe5b924fa-001,truncated,real_truncated,,false,gold_answer is not a finite numeric scalar,not_applicable,gold_answer is not a finite numeric scalar,,,,,,,,captured_ephemeral
inspect_ai,gsm8k_numeric_match,f10dc46f20df0738a9acbfb4c4be0bd3d60601ed,real-truncated-805630023b55e371-001,truncated,real_truncated,,false,gold_answer is not a finite numeric scalar,not_applicable,gold_answer is not a finite numeric scalar,,,,,,,,captured_ephemeral
inspect_ai,gsm8k_numeric_match,f10dc46f20df0738a9acbfb4c4be0bd3d60601ed,real-truncated-3eacef22437fd915-001,truncated,real_truncated,,false,gold_answer is not a finite numeric scalar,not_applicable,gold_answer is not a finite numeric scalar,,,,,,,,captured_ephemeral
inspect_ai,gsm8k_numeric_match,f10dc46f20df0738a9acbfb4c4be0bd3d60601ed,real-truncated-5da13db78fc0a540-001,truncated,real_truncated,,false,gold_answer is not a finite numeric scalar,not_applicable,gold_answer is not a finite numeric scalar,,,,,,,,captured_ephemeral
inspect_ai,gsm8k_numeric_match,f10dc46f20df0738a9acbfb4c4be0bd3d60601ed,real-truncated-4480e573ba66416f-001,truncated,real_truncated,,false,gold_answer is not a finite numeric scalar,not_applicable,gold_answer is not a finite numeric scalar,,,,,,,,captured_ephemeral
inspect_ai,gsm8k_numeric_match,f10dc46f20df0738a9acbfb4c4be0bd3d60601ed,real-truncated-5f4343c0d4868050-001,truncated,real_truncated,,false,gold_answer is not a finite numeric scalar,not_applicable,gold_answer is not a finite numeric scalar,,,,,,,,captured_ephemeral
inspect_ai,gsm8k_numeric_match,f10dc46f20df0738a9acbfb4c4be0bd3d60601ed,real-truncated-4749817223a7201d-001,truncated,real_truncated,,false,gold_answer is not a finite numeric scalar,not_applicable,gold_answer is not a finite numeric scalar,,,,,,,,captured_ephemeral
inspect_ai,gsm8k_numeric_match,f10dc46f20df0738a9acbfb4c4be0bd3d60601ed,real-truncated-bba38d303fcf87eb-001,truncated,real_truncated,,false,gold_answer is not a finite numeric scalar,not_applicable,gold_answer is not a finite numeric scalar,,,,,,,,captured_ephemeral
inspect_ai,gsm8k_numeric_match,f10dc46f20df0738a9acbfb4c4be0bd3d60601ed,real-truncated-d85d90aaf4cc1ca6-001,truncated,real_truncated,,true,,ok,,10,true,,,,,false,captured_ephemeral
inspect_ai,gsm8k_numeric_match,f10dc46f20df0738a9acbfb4c4be0bd3d60601ed,real-truncated-525ccd1eb6fbf139-001,truncated,real_truncated,,false,gold_answer is not a finite numeric scalar,not_applicable,gold_answer is not a finite numeric scalar,,,,,,,,captured_ephemeral
inspect_ai,gsm8k_numeric_match,f10dc46f20df0738a9acbfb4c4be0bd3d60601ed,real-truncated-e1572c89e32df953-001,truncated,real_truncated,,true,,ok,,16,true,,,,,false,captured_ephemeral
inspect_ai,gsm8k_numeric_match,f10dc46f20df0738a9acbfb4c4be0bd3d60601ed,real-truncated-247556f85b1c55a4-001,truncated,real_truncated,,true,,ok,,1,true,,,,,false,captured_ephemeral
inspect_ai,gsm8k_numeric_match,f10dc46f20df0738a9acbfb4c4be0bd3d60601ed,real-truncated-75443d7e611f2187-001,truncated,real_truncated,,true,,ok,,25,true,,,,,false,captured_ephemeral
inspect_ai,gsm8k_numeric_match,f10dc46f20df0738a9acbfb4c4be0bd3d60601ed,real-truncated-35be201956f48fd0-001,truncated,real_truncated,,false,gold_answer is not a finite numeric scalar,not_applicable,gold_answer is not a finite numeric scalar,,,,,,,,captured_ephemeral
inspect_ai,gsm8k_numeric_match,f10dc46f20df0738a9acbfb4c4be0bd3d60601ed,real-truncated-9bb1434201a768b2-001,truncated,real_truncated,,false,gold_answer is not a finite numeric scalar,not_applicable,gold_answer is not a finite numeric scalar,,,,,,,,captured_ephemeral
inspect_ai,gsm8k_numeric_match,f10dc46f20df0738a9acbfb4c4be0bd3d60601ed,real-truncated-95b8c4379b5dc2e4-001,truncated,real_truncated,,false,gold_answer is not a finite numeric scalar,not_applicable,gold_answer is not a finite numeric scalar,,,,,,,,captured_ephemeral
inspect_ai,gsm8k_numeric_match,f10dc46f20df0738a9acbfb4c4be0bd3d60601ed,real-truncated-770210b9f8b54309-001,truncated,real_truncated,,false,gold_answer is not a finite numeric scalar,not_applicable,gold_answer is not a finite numeric scalar,,,,,,,,captured_ephemeral
inspect_ai,gsm8k_numeric_match,f10dc46f20df0738a9acbfb4c4be0bd3d60601ed,real-truncated-89322f67b05ffd2c-001,truncated,real_truncated,,false,gold_answer is not a finite numeric scalar,not_applicable,gold_answer is not a finite numeric scalar,,,,,,,,captured_ephemeral
inspect_ai,gsm8k_numeric_match,f10dc46f20df0738a9acbfb4c4be0bd3d60601ed,real-truncated-1f7af8c0564d30c0-001,truncated,real_truncated,,true,,ok,,20,true,,,,,false,captured_ephemeral
inspect_ai,gsm8k_numeric_match,f10dc46f20df0738a9acbfb4c4be0bd3d60601ed,real-truncated-0f4e8f3e7a20e1ab-001,truncated,real_truncated,,true,,ok,,64,true,,,,,false,captured_ephemeral
inspect_ai,gsm8k_numeric_match,f10dc46f20df0738a9acbfb4c4be0bd3d60601ed,real-truncated-88da8be5be46715d-001,truncated,real_truncated,,false,gold_answer is not a finite numeric scalar,not_applicable,gold_answer is not a finite numeric scalar,,,,,,,,captured_ephemeral
inspect_ai,gsm8k_numeric_match,f10dc46f20df0738a9acbfb4c4be0bd3d60601ed,real-truncated-6082a79b2216cc1e-001,truncated,real_truncated,,false,gold_answer is not a finite numeric scalar,not_applicable,gold_answer is not a finite numeric scalar,,,,,,,,captured_ephemeral
inspect_ai,gsm8k_numeric_match,f10dc46f20df0738a9acbfb4c4be0bd3d60601ed,real-truncated-798d25ae0b5abad7-001,truncated,real_truncated,,true,,ok,,4,true,,,,,false,captured_ephemeral
inspect_ai,gsm8k_numeric_match,f10dc46f20df0738a9acbfb4c4be0bd3d60601ed,real-truncated-b92076fc9cd5e016-001,truncated,real_truncated,,true,,ok,,25200,true,,,,,false,captured_ephemeral
inspect_ai,gsm8k_numeric_match,f10dc46f20df0738a9acbfb4c4be0bd3d60601ed,real-truncated-aaa0d7f68b704bec-001,truncated,real_truncated,,true,,ok,,10,true,,,,,false,captured_ephemeral
inspect_ai,gsm8k_numeric_match,f10dc46f20df0738a9acbfb4c4be0bd3d60601ed,real-truncated-55417c12215c3d52-001,truncated,real_truncated,,true,,ok,,1,true,,,,,false,captured_ephemeral
inspect_ai,gsm8k_numeric_match,f10dc46f20df0738a9acbfb4c4be0bd3d60601ed,real-truncated-7119848ec423bf7a-001,truncated,real_truncated,,true,,ok,,3,true,,,,,false,captured_ephemeral
inspect_ai,gsm8k_numeric_match,f10dc46f20df0738a9acbfb4c4be0bd3d60601ed,real-truncated-99187b20ecf0bdb9-001,truncated,real_truncated,,false,gold_answer is not a finite numeric scalar,not_applicable,gold_answer is not a finite numeric scalar,,,,,,,,captured_ephemeral
inspect_ai,gsm8k_numeric_match,f10dc46f20df0738a9acbfb4c4be0bd3d60601ed,real-truncated-7734823d0e946fc4-001,truncated,real_truncated,,false,gold_answer is not a finite numeric scalar,not_applicable,gold_answer is not a finite numeric scalar,,,,,,,,captured_ephemeral
inspect_ai,gsm8k_numeric_match,f10dc46f20df0738a9acbfb4c4be0bd3d60601ed,real-truncated-a1cc1d1204da2de1-001,truncated,real_truncated,,false,gold_answer is not a finite numeric scalar,not_applicable,gold_answer is not a finite numeric scalar,,,,,,,,captured_ephemeral
inspect_ai,gsm8k_numeric_match,f10dc46f20df0738a9acbfb4c4be0bd3d60601ed,real-truncated-8ccb63cb04064591-001,truncated,real_truncated,,false,gold_answer is not a finite numeric scalar,not_applicable,gold_answer is not a finite numeric scalar,,,,,,,,captured_ephemeral
inspect_ai,gsm8k_numeric_match,f10dc46f20df0738a9acbfb4c4be0bd3d60601ed,real-truncated-ef7b1a56c6749a3f-001,truncated,real_truncated,,false,gold_answer is not a finite numeric scalar,not_applicable,gold_answer is not a finite numeric scalar,,,,,,,,captured_ephemeral
inspect_ai,gsm8k_numeric_match,f10dc46f20df0738a9acbfb4c4be0bd3d60601ed,real-truncated-4d3201f20fa1bbd7-001,truncated,real_truncated,,false,gold_answer is not a finite numeric scalar,not_applicable,gold_answer is not a finite numeric scalar,,,,,,,,captured_ephemeral
inspect_ai,gsm8k_numeric_match,f10dc46f20df0738a9acbfb4c4be0bd3d60601ed,real-truncated-268a568ac4786f87-001,truncated,real_truncated,,false,gold_answer is not a finite numeric scalar,not_applicable,gold_answer is not a finite numeric scalar,,,,,,,,captured_ephemeral
inspect_ai,gsm8k_numeric_match,f10dc46f20df0738a9acbfb4c4be0bd3d60601ed,real-truncated-fe7eed6c63be702d-001,truncated,real_truncated,,false,gold_answer is not a finite numeric scalar,not_applicable,gold_answer is not a finite numeric scalar,,,,,,,,captured_ephemeral
inspect_ai,gsm8k_numeric_match,f10dc46f20df0738a9acbfb4c4be0bd3d60601ed,real-truncated-e730046d14071b1b-001,truncated,real_truncated,,false,gold_answer is not a finite numeric scalar,not_applicable,gold_answer is not a finite numeric scalar,,,,,,,,captured_ephemeral
inspect_ai,gsm8k_numeric_match,f10dc46f20df0738a9acbfb4c4be0bd3d60601ed,real-truncated-22d120ff2613fb3c-001,truncated,real_truncated,,false,gold_answer is not a finite numeric scalar,not_applicable,gold_answer is not a finite numeric scalar,,,,,,,,captured_ephemeral
inspect_ai,gsm8k_numeric_match,f10dc46f20df0738a9acbfb4c4be0bd3d60601ed,real-truncated-44a1889a65c89a98-001,truncated,real_truncated,,false,gold_answer is not a finite numeric scalar,not_applicable,gold_answer is not a finite numeric scalar,,,,,,,,captured_ephemeral
inspect_ai,gsm8k_numeric_match,f10dc46f20df0738a9acbfb4c4be0bd3d60601ed,real-truncated-3044f9e5b658cf47-001,truncated,real_truncated,,false,gold_answer is not a finite numeric scalar,not_applicable,gold_answer is not a finite numeric scalar,,,,,,,,captured_ephemeral
inspect_ai,gsm8k_numeric_match,f10dc46f20df0738a9acbfb4c4be0bd3d60601ed,real-truncated-9dba0a611623ccce-001,truncated,real_truncated,,true,,ok,,4,true,,,,,false,captured_ephemeral
inspect_ai,gsm8k_numeric_match,f10dc46f20df0738a9acbfb4c4be0bd3d60601ed,real-truncated-56ad692d3950a6ae-001,truncated,real_truncated,,true,,ok,,4,true,,,,,false,captured_ephemeral
inspect_ai,gsm8k_numeric_match,f10dc46f20df0738a9acbfb4c4be0bd3d60601ed,real-truncated-6279f7b6b01ea2e2-001,truncated,real_truncated,,false,gold_answer is not a finite numeric scalar,not_applicable,gold_answer is not a finite numeric scalar,,,,,,,,captured_ephemeral
inspect_ai,gsm8k_numeric_match,f10dc46f20df0738a9acbfb4c4be0bd3d60601ed,real-truncated-210fbcf5ff0f49e9-001,truncated,real_truncated,,true,,ok,,4002,true,,,,,false,captured_ephemeral
inspect_ai,gsm8k_numeric_match,f10dc46f20df0738a9acbfb4c4be0bd3d60601ed,real-truncated-8b88e292ba1b4c5c-001,truncated,real_truncated,,false,gold_answer is not a finite numeric scalar,not_applicable,gold_answer is not a finite numeric scalar,,,,,,,,captured_ephemeral
inspect_ai,gsm8k_numeric_match,f10dc46f20df0738a9acbfb4c4be0bd3d60601ed,real-truncated-bc0e37aef7f95216-001,truncated,real_truncated,,false,gold_answer is not a finite numeric scalar,not_applicable,gold_answer is not a finite numeric scalar,,,,,,,,captured_ephemeral
inspect_ai,gsm8k_numeric_match,f10dc46f20df0738a9acbfb4c4be0bd3d60601ed,real-truncated-af0577d51fd778a1-001,truncated,real_truncated,,false,gold_answer is not a finite numeric scalar,not_applicable,gold_answer is not a finite numeric scalar,,,,,,,,captured_ephemeral
inspect_ai,gsm8k_numeric_match,f10dc46f20df0738a9acbfb4c4be0bd3d60601ed,real-truncated-8ee42cd3eba12ec6-001,truncated,real_truncated,,false,gold_answer is not a finite numeric scalar,not_applicable,gold_answer is not a finite numeric scalar,,,,,,,,captured_ephemeral
inspect_ai,gsm8k_numeric_match,f10dc46f20df0738a9acbfb4c4be0bd3d60601ed,real-truncated-11779f2fc604d057-001,truncated,real_truncated,,false,gold_answer is not a finite numeric scalar,not_applicable,gold_answer is not a finite numeric scalar,,,,,,,,captured_ephemeral
inspect_ai,gsm8k_numeric_match,f10dc46f20df0738a9acbfb4c4be0bd3d60601ed,real-truncated-eface0049132e97d-001,truncated,real_truncated,,false,gold_answer is not a finite numeric scalar,not_applicable,gold_answer is not a finite numeric scalar,,,,,,,,captured_ephemeral
inspect_ai,gsm8k_numeric_match,f10dc46f20df0738a9acbfb4c4be0bd3d60601ed,real-truncated-5713bc6fb1dfa8d0-001,truncated,real_truncated,,false,gold_answer is not a finite numeric scalar,not_applicable,gold_answer is not a finite numeric scalar,,,,,,,,captured_ephemeral
inspect_ai,gsm8k_numeric_match,f10dc46f20df0738a9acbfb4c4be0bd3d60601ed,real-truncated-505bc873a129bcd1-001,truncated,real_truncated,,false,gold_answer is not a finite numeric scalar,not_applicable,gold_answer is not a finite numeric scalar,,,,,,,,captured_ephemeral
inspect_ai,gsm8k_numeric_match,f10dc46f20df0738a9acbfb4c4be0bd3d60601ed,real-truncated-6853bba8299795d5-001,truncated,real_truncated,,true,,ok,,1,true,,,,,false,captured_ephemeral
inspect_ai,gsm8k_numeric_match,f10dc46f20df0738a9acbfb4c4be0bd3d60601ed,real-truncated-20f1e0708a19abc4-001,truncated,real_truncated,,true,,ok,,2026,true,,,,,false,captured_ephemeral
inspect_ai,gsm8k_numeric_match,f10dc46f20df0738a9acbfb4c4be0bd3d60601ed,real-truncated-6e4eb7af77ed2ff8-001,truncated,real_truncated,,true,,ok,,2027,true,,,,,false,captured_ephemeral
inspect_ai,gsm8k_numeric_match,f10dc46f20df0738a9acbfb4c4be0bd3d60601ed,real-truncated-8ea28fa7707b3025-001,truncated,real_truncated,,false,gold_answer is not a finite numeric scalar,not_applicable,gold_answer is not a finite numeric scalar,,,,,,,,captured_ephemeral
inspect_ai,gsm8k_numeric_match,f10dc46f20df0738a9acbfb4c4be0bd3d60601ed,real-truncated-d8eeb7b64dd7015a-001,truncated,real_truncated,,true,,ok,,5,true,,,,,false,captured_ephemeral
inspect_ai,gsm8k_numeric_match,f10dc46f20df0738a9acbfb4c4be0bd3d60601ed,real-truncated-fb10e3776314a519-001,truncated,real_truncated,,false,gold_answer is not a finite numeric scalar,not_applicable,gold_answer is not a finite numeric scalar,,,,,,,,captured_ephemeral
inspect_ai,gsm8k_numeric_match,f10dc46f20df0738a9acbfb4c4be0bd3d60601ed,real-truncated-ccd8a323f6c2b744-001,truncated,real_truncated,,false,gold_answer is not a finite numeric scalar,not_applicable,gold_answer is not a finite numeric scalar,,,,,,,,captured_ephemeral
inspect_ai,gsm8k_numeric_match,f10dc46f20df0738a9acbfb4c4be0bd3d60601ed,real-truncated-1828f5a31563f6e3-001,truncated,real_truncated,,false,gold_answer is not a finite numeric scalar,not_applicable,gold_answer is not a finite numeric scalar,,,,,,,,captured_ephemeral
inspect_ai,gsm8k_numeric_match,f10dc46f20df0738a9acbfb4c4be0bd3d60601ed,real-truncated-a5460d50cb8daafc-001,truncated,real_truncated,,false,gold_answer is not a finite numeric scalar,not_applicable,gold_answer is not a finite numeric scalar,,,,,,,,captured_ephemeral
inspect_ai,gsm8k_numeric_match,f10dc46f20df0738a9acbfb4c4be0bd3d60601ed,real-truncated-e7536ddc4697865a-001,truncated,real_truncated,,false,gold_answer is not a finite numeric scalar,not_applicable,gold_answer is not a finite numeric scalar,,,,,,,,captured_ephemeral
inspect_ai,gsm8k_numeric_match,f10dc46f20df0738a9acbfb4c4be0bd3d60601ed,real-truncated-3b6b5e2e07c8adab-001,truncated,real_truncated,,false,gold_answer is not a finite numeric scalar,not_applicable,gold_answer is not a finite numeric scalar,,,,,,,,captured_ephemeral
inspect_ai,gsm8k_numeric_match,f10dc46f20df0738a9acbfb4c4be0bd3d60601ed,real-truncated-45fd9dd0b16def99-001,truncated,real_truncated,,false,gold_answer is not a finite numeric scalar,not_applicable,gold_answer is not a finite numeric scalar,,,,,,,,captured_ephemeral
inspect_ai,gsm8k_numeric_match,f10dc46f20df0738a9acbfb4c4be0bd3d60601ed,real-truncated-390931de8b8a68ae-001,truncated,real_truncated,,false,gold_answer is not a finite numeric scalar,not_applicable,gold_answer is not a finite numeric scalar,,,,,,,,captured_ephemeral
inspect_ai,gsm8k_numeric_match,f10dc46f20df0738a9acbfb4c4be0bd3d60601ed,real-truncated-23c7087e22382c85-001,truncated,real_truncated,,false,gold_answer is not a finite numeric scalar,not_applicable,gold_answer is not a finite numeric scalar,,,,,,,,captured_ephemeral
inspect_ai,gsm8k_numeric_match,f10dc46f20df0738a9acbfb4c4be0bd3d60601ed,real-truncated-740acaaa5658c524-001,truncated,real_truncated,,true,,ok,,120,true,,,,,false,captured_ephemeral
inspect_ai,gsm8k_numeric_match,f10dc46f20df0738a9acbfb4c4be0bd3d60601ed,real-truncated-e6a7555e64fb1fc8-001,truncated,real_truncated,,false,gold_answer is not a finite numeric scalar,not_applicable,gold_answer is not a finite numeric scalar,,,,,,,,captured_ephemeral
inspect_ai,gsm8k_numeric_match,f10dc46f20df0738a9acbfb4c4be0bd3d60601ed,real-truncated-d4aec9cd22f44d16-001,truncated,real_truncated,,false,gold_answer is not a finite numeric scalar,not_applicable,gold_answer is not a finite numeric scalar,,,,,,,,captured_ephemeral
inspect_ai,gsm8k_numeric_match,f10dc46f20df0738a9acbfb4c4be0bd3d60601ed,real-truncated-4ea3c98b3c90e29e-001,truncated,real_truncated,,true,,ok,,1,true,,,,,false,captured_ephemeral
inspect_ai,gsm8k_numeric_match,f10dc46f20df0738a9acbfb4c4be0bd3d60601ed,real-truncated-f9eaa5fd29415a58-001,truncated,real_truncated,,false,gold_answer is not a finite numeric scalar,not_applicable,gold_answer is not a finite numeric scalar,,,,,,,,captured_ephemeral
inspect_ai,gsm8k_numeric_match,f10dc46f20df0738a9acbfb4c4be0bd3d60601ed,real-truncated-85c7b95581c097ef-001,truncated,real_truncated,,false,gold_answer is not a finite numeric scalar,not_applicable,gold_answer is not a finite numeric scalar,,,,,,,,captured_ephemeral
inspect_ai,gsm8k_numeric_match,f10dc46f20df0738a9acbfb4c4be0bd3d60601ed,real-truncated-aa1b94cca1993363-001,truncated,real_truncated,,false,gold_answer is not a finite numeric scalar,not_applicable,gold_answer is not a finite numeric scalar,,,,,,,,captured_ephemeral
inspect_ai,gsm8k_numeric_match,f10dc46f20df0738a9acbfb4c4be0bd3d60601ed,real-truncated-6ee8443d1d436cf6-001,truncated,real_truncated,,false,gold_answer is not a finite numeric scalar,not_applicable,gold_answer is not a finite numeric scalar,,,,,,,,captured_ephemeral
inspect_ai,gsm8k_numeric_match,f10dc46f20df0738a9acbfb4c4be0bd3d60601ed,real-truncated-6ee8443d1d436cf6-002,truncated,real_truncated,,false,gold_answer is not a finite numeric scalar,not_applicable,gold_answer is not a finite numeric scalar,,,,,,,,captured_ephemeral
inspect_ai,gsm8k_numeric_match,f10dc46f20df0738a9acbfb4c4be0bd3d60601ed,real-truncated-6ee8443d1d436cf6-003,truncated,real_truncated,,false,gold_answer is not a finite numeric scalar,not_applicable,gold_answer is not a finite numeric scalar,,,,,,,,captured_ephemeral
inspect_ai,gsm8k_numeric_match,f10dc46f20df0738a9acbfb4c4be0bd3d60601ed,real-truncated-5281b3506686a184-001,truncated,real_truncated,,false,gold_answer is not a finite numeric scalar,not_applicable,gold_answer is not a finite numeric scalar,,,,,,,,captured_ephemeral
inspect_ai,gsm8k_numeric_match,f10dc46f20df0738a9acbfb4c4be0bd3d60601ed,real-truncated-5281b3506686a184-002,truncated,real_truncated,,false,gold_answer is not a finite numeric scalar,not_applicable,gold_answer is not a finite numeric scalar,,,,,,,,captured_ephemeral
inspect_ai,gsm8k_numeric_match,f10dc46f20df0738a9acbfb4c4be0bd3d60601ed,real-truncated-5281b3506686a184-003,truncated,real_truncated,,false,gold_answer is not a finite numeric scalar,not_applicable,gold_answer is not a finite numeric scalar,,,,,,,,captured_ephemeral
inspect_ai,gsm8k_numeric_match,f10dc46f20df0738a9acbfb4c4be0bd3d60601ed,real-truncated-abb81d1b8c4db67a-001,truncated,real_truncated,,false,gold_answer is not a finite numeric scalar,not_applicable,gold_answer is not a finite numeric scalar,,,,,,,,captured_ephemeral
inspect_ai,gsm8k_numeric_match,f10dc46f20df0738a9acbfb4c4be0bd3d60601ed,real-truncated-a79daf5eab47793c-001,truncated,real_truncated,,false,gold_answer is not a finite numeric scalar,not_applicable,gold_answer is not a finite numeric scalar,,,,,,,,captured_ephemeral
inspect_ai,gsm8k_numeric_match,f10dc46f20df0738a9acbfb4c4be0bd3d60601ed,real-truncated-16277ed40a76d930-001,truncated,real_truncated,,false,gold_answer is not a finite numeric scalar,not_applicable,gold_answer is not a finite numeric scalar,,,,,,,,captured_ephemeral
inspect_ai,gsm8k_numeric_match,f10dc46f20df0738a9acbfb4c4be0bd3d60601ed,real-truncated-e4e046aee036728b-001,truncated,real_truncated,,false,gold_answer is not a finite numeric scalar,not_applicable,gold_answer is not a finite numeric scalar,,,,,,,,captured_ephemeral
inspect_ai,gsm8k_numeric_match,f10dc46f20df0738a9acbfb4c4be0bd3d60601ed,real-truncated-6dd1f374f6ed08df-001,truncated,real_truncated,,true,,ok,,88,true,,,,,false,captured_ephemeral
inspect_ai,gsm8k_numeric_match,f10dc46f20df0738a9acbfb4c4be0bd3d60601ed,real-truncated-0d2658ccd619147a-001,truncated,real_truncated,,true,,ok,,1,true,,,,,false,captured_ephemeral
inspect_ai,gsm8k_numeric_match,f10dc46f20df0738a9acbfb4c4be0bd3d60601ed,real-truncated-74696bb1b2b136e8-001,truncated,real_truncated,,false,gold_answer is not a finite numeric scalar,not_applicable,gold_answer is not a finite numeric scalar,,,,,,,,captured_ephemeral
inspect_ai,gsm8k_numeric_match,f10dc46f20df0738a9acbfb4c4be0bd3d60601ed,real-truncated-fdfa2be691dea487-001,truncated,real_truncated,,false,gold_answer is not a finite numeric scalar,not_applicable,gold_answer is not a finite numeric scalar,,,,,,,,captured_ephemeral
inspect_ai,gsm8k_numeric_match,f10dc46f20df0738a9acbfb4c4be0bd3d60601ed,real-truncated-075bf5961ff00993-001,truncated,real_truncated,,true,,ok,,,false,,,,,false,captured_ephemeral
inspect_ai,gsm8k_numeric_match,f10dc46f20df0738a9acbfb4c4be0bd3d60601ed,real-truncated-075bf5961ff00993-002,truncated,real_truncated,,true,,ok,,,false,,,,,false,captured_ephemeral
inspect_ai,gsm8k_numeric_match,f10dc46f20df0738a9acbfb4c4be0bd3d60601ed,real-truncated-17eebdd1a966e5f0-001,truncated,real_truncated,,false,gold_answer is not a finite numeric scalar,not_applicable,gold_answer is not a finite numeric scalar,,,,,,,,captured_ephemeral
inspect_ai,gsm8k_numeric_match,f10dc46f20df0738a9acbfb4c4be0bd3d60601ed,real-truncated-a4bb63b5ba4a773e-001,truncated,real_truncated,,true,,ok,,,false,,,,,false,captured_ephemeral
inspect_ai,gsm8k_numeric_match,f10dc46f20df0738a9acbfb4c4be0bd3d60601ed,real-truncated-a4bb63b5ba4a773e-002,truncated,real_truncated,,true,,ok,,,false,,,,,false,captured_ephemeral
inspect_ai,gsm8k_numeric_match,f10dc46f20df0738a9acbfb4c4be0bd3d60601ed,real-truncated-a4bb63b5ba4a773e-003,truncated,real_truncated,,true,,ok,,,false,,,,,false,captured_ephemeral
inspect_ai,gsm8k_numeric_match,f10dc46f20df0738a9acbfb4c4be0bd3d60601ed,real-truncated-355520fb8f2104ec-001,truncated,real_truncated,,false,gold_answer is not a finite numeric scalar,not_applicable,gold_answer is not a finite numeric scalar,,,,,,,,captured_ephemeral
inspect_ai,gsm8k_numeric_match,f10dc46f20df0738a9acbfb4c4be0bd3d60601ed,real-truncated-49565e194413328d-001,truncated,real_truncated,,true,,ok,,-5,true,,,,,false,captured_ephemeral
inspect_ai,gsm8k_numeric_match,f10dc46f20df0738a9acbfb4c4be0bd3d60601ed,real-truncated-85f19c1e57445cde-001,truncated,real_truncated,,false,gold_answer is not a finite numeric scalar,not_applicable,gold_answer is not a finite numeric scalar,,,,,,,,captured_ephemeral
inspect_ai,gsm8k_numeric_match,f10dc46f20df0738a9acbfb4c4be0bd3d60601ed,real-truncated-bd836ccf84464689-001,truncated,real_truncated,,false,gold_answer is not a finite numeric scalar,not_applicable,gold_answer is not a finite numeric scalar,,,,,,,,captured_ephemeral
inspect_ai,gsm8k_numeric_match,f10dc46f20df0738a9acbfb4c4be0bd3d60601ed,real-truncated-b881db2f3106d76e-001,truncated,real_truncated,,false,gold_answer is not a finite numeric scalar,not_applicable,gold_answer is not a finite numeric scalar,,,,,,,,captured_ephemeral
inspect_ai,gsm8k_numeric_match,f10dc46f20df0738a9acbfb4c4be0bd3d60601ed,real-truncated-58796eda234de823-001,truncated,real_truncated,,false,gold_answer is not a finite numeric scalar,not_applicable,gold_answer is not a finite numeric scalar,,,,,,,,captured_ephemeral
inspect_ai,gsm8k_numeric_match,f10dc46f20df0738a9acbfb4c4be0bd3d60601ed,real-truncated-d876807b9ced546e-001,truncated,real_truncated,,true,,ok,,,false,,,,,false,captured_ephemeral
inspect_ai,gsm8k_numeric_match,f10dc46f20df0738a9acbfb4c4be0bd3d60601ed,synthetic-1729-mid_box-001,truncated,synthetic_truncated,mid_box,true,,ok,,54,true,,,,,false,captured_ephemeral
inspect_ai,gsm8k_numeric_match,f10dc46f20df0738a9acbfb4c4be0bd3d60601ed,synthetic-1729-mid_box-002,truncated,synthetic_truncated,mid_box,true,,ok,,23,true,,,,,false,captured_ephemeral
inspect_ai,gsm8k_numeric_match,f10dc46f20df0738a9acbfb4c4be0bd3d60601ed,synthetic-1729-mid_box-003,truncated,synthetic_truncated,mid_box,true,,ok,,25,true,,,,,false,captured_ephemeral
inspect_ai,gsm8k_numeric_match,f10dc46f20df0738a9acbfb4c4be0bd3d60601ed,synthetic-1729-mid_box-004,truncated,synthetic_truncated,mid_box,true,,ok,,68,true,,,,,false,captured_ephemeral
inspect_ai,gsm8k_numeric_match,f10dc46f20df0738a9acbfb4c4be0bd3d60601ed,synthetic-1729-mid_box-005,truncated,synthetic_truncated,mid_box,true,,ok,,28,true,,,,,false,captured_ephemeral
inspect_ai,gsm8k_numeric_match,f10dc46f20df0738a9acbfb4c4be0bd3d60601ed,synthetic-1729-mid_box-006,truncated,synthetic_truncated,mid_box,true,,ok,,95,true,,,,,false,captured_ephemeral
inspect_ai,gsm8k_numeric_match,f10dc46f20df0738a9acbfb4c4be0bd3d60601ed,synthetic-1729-mid_box-007,truncated,synthetic_truncated,mid_box,true,,ok,,2,true,,,,,false,captured_ephemeral
inspect_ai,gsm8k_numeric_match,f10dc46f20df0738a9acbfb4c4be0bd3d60601ed,synthetic-1729-mid_box-008,truncated,synthetic_truncated,mid_box,true,,ok,,49,true,,,,,false,captured_ephemeral
inspect_ai,gsm8k_numeric_match,f10dc46f20df0738a9acbfb4c4be0bd3d60601ed,synthetic-1729-mid_box-009,truncated,synthetic_truncated,mid_box,true,,ok,,96,true,,,,,false,captured_ephemeral
inspect_ai,gsm8k_numeric_match,f10dc46f20df0738a9acbfb4c4be0bd3d60601ed,synthetic-1729-mid_box-010,truncated,synthetic_truncated,mid_box,true,,ok,,54,true,,,,,false,captured_ephemeral
inspect_ai,gsm8k_numeric_match,f10dc46f20df0738a9acbfb4c4be0bd3d60601ed,synthetic-1729-mid_box-011,truncated,synthetic_truncated,mid_box,true,,ok,,72,true,,,,,false,captured_ephemeral
inspect_ai,gsm8k_numeric_match,f10dc46f20df0738a9acbfb4c4be0bd3d60601ed,synthetic-1729-mid_box-012,truncated,synthetic_truncated,mid_box,true,,ok,,9,true,,,,,false,captured_ephemeral
inspect_ai,gsm8k_numeric_match,f10dc46f20df0738a9acbfb4c4be0bd3d60601ed,synthetic-1729-mid_box-013,truncated,synthetic_truncated,mid_box,true,,ok,,92,true,,,,,false,captured_ephemeral
inspect_ai,gsm8k_numeric_match,f10dc46f20df0738a9acbfb4c4be0bd3d60601ed,synthetic-1729-mid_box-014,truncated,synthetic_truncated,mid_box,true,,ok,,71,true,,,,,false,captured_ephemeral
inspect_ai,gsm8k_numeric_match,f10dc46f20df0738a9acbfb4c4be0bd3d60601ed,synthetic-1729-mid_box-015,truncated,synthetic_truncated,mid_box,true,,ok,,94,true,,,,,false,captured_ephemeral
inspect_ai,gsm8k_numeric_match,f10dc46f20df0738a9acbfb4c4be0bd3d60601ed,synthetic-1729-mid_box-016,truncated,synthetic_truncated,mid_box,true,,ok,,40,true,,,,,false,captured_ephemeral
inspect_ai,gsm8k_numeric_match,f10dc46f20df0738a9acbfb4c4be0bd3d60601ed,synthetic-1729-mid_box-017,truncated,synthetic_truncated,mid_box,true,,ok,,74,true,,,,,false,captured_ephemeral
inspect_ai,gsm8k_numeric_match,f10dc46f20df0738a9acbfb4c4be0bd3d60601ed,synthetic-1729-mid_box-018,truncated,synthetic_truncated,mid_box,true,,ok,,60,true,,,,,false,captured_ephemeral
inspect_ai,gsm8k_numeric_match,f10dc46f20df0738a9acbfb4c4be0bd3d60601ed,synthetic-1729-mid_box-019,truncated,synthetic_truncated,mid_box,true,,ok,,63,true,,,,,false,captured_ephemeral
inspect_ai,gsm8k_numeric_match,f10dc46f20df0738a9acbfb4c4be0bd3d60601ed,synthetic-1729-mid_box-020,truncated,synthetic_truncated,mid_box,true,,ok,,57,true,,,,,false,captured_ephemeral
inspect_ai,gsm8k_numeric_match,f10dc46f20df0738a9acbfb4c4be0bd3d60601ed,synthetic-1729-mid_multiple_choice_enumeration-001,truncated,synthetic_truncated,mid_multiple_choice_enumeration,true,,ok,,237,true,,,,,true,captured_ephemeral
inspect_ai,gsm8k_numeric_match,f10dc46f20df0738a9acbfb4c4be0bd3d60601ed,synthetic-1729-mid_multiple_choice_enumeration-002,truncated,synthetic_truncated,mid_multiple_choice_enumeration,true,,ok,,114,true,,,,,true,captured_ephemeral
inspect_ai,gsm8k_numeric_match,f10dc46f20df0738a9acbfb4c4be0bd3d60601ed,synthetic-1729-mid_multiple_choice_enumeration-003,truncated,synthetic_truncated,mid_multiple_choice_enumeration,true,,ok,,296,true,,,,,true,captured_ephemeral
inspect_ai,gsm8k_numeric_match,f10dc46f20df0738a9acbfb4c4be0bd3d60601ed,synthetic-1729-mid_multiple_choice_enumeration-004,truncated,synthetic_truncated,mid_multiple_choice_enumeration,true,,ok,,719,true,,,,,true,captured_ephemeral
inspect_ai,gsm8k_numeric_match,f10dc46f20df0738a9acbfb4c4be0bd3d60601ed,synthetic-1729-mid_multiple_choice_enumeration-005,truncated,synthetic_truncated,mid_multiple_choice_enumeration,true,,ok,,280,true,,,,,true,captured_ephemeral
inspect_ai,gsm8k_numeric_match,f10dc46f20df0738a9acbfb4c4be0bd3d60601ed,synthetic-1729-mid_multiple_choice_enumeration-006,truncated,synthetic_truncated,mid_multiple_choice_enumeration,true,,ok,,223,true,,,,,true,captured_ephemeral
inspect_ai,gsm8k_numeric_match,f10dc46f20df0738a9acbfb4c4be0bd3d60601ed,synthetic-1729-mid_multiple_choice_enumeration-007,truncated,synthetic_truncated,mid_multiple_choice_enumeration,true,,ok,,748,true,,,,,true,captured_ephemeral
inspect_ai,gsm8k_numeric_match,f10dc46f20df0738a9acbfb4c4be0bd3d60601ed,synthetic-1729-mid_multiple_choice_enumeration-008,truncated,synthetic_truncated,mid_multiple_choice_enumeration,true,,ok,,49,true,,,,,true,captured_ephemeral
inspect_ai,gsm8k_numeric_match,f10dc46f20df0738a9acbfb4c4be0bd3d60601ed,synthetic-1729-mid_multiple_choice_enumeration-009,truncated,synthetic_truncated,mid_multiple_choice_enumeration,true,,ok,,178,true,,,,,true,captured_ephemeral
inspect_ai,gsm8k_numeric_match,f10dc46f20df0738a9acbfb4c4be0bd3d60601ed,synthetic-1729-mid_multiple_choice_enumeration-010,truncated,synthetic_truncated,mid_multiple_choice_enumeration,true,,ok,,462,true,,,,,true,captured_ephemeral
inspect_ai,gsm8k_numeric_match,f10dc46f20df0738a9acbfb4c4be0bd3d60601ed,synthetic-1729-mid_multiple_choice_enumeration-011,truncated,synthetic_truncated,mid_multiple_choice_enumeration,true,,ok,,520,true,,,,,true,captured_ephemeral
inspect_ai,gsm8k_numeric_match,f10dc46f20df0738a9acbfb4c4be0bd3d60601ed,synthetic-1729-mid_multiple_choice_enumeration-012,truncated,synthetic_truncated,mid_multiple_choice_enumeration,true,,ok,,269,true,,,,,true,captured_ephemeral
inspect_ai,gsm8k_numeric_match,f10dc46f20df0738a9acbfb4c4be0bd3d60601ed,synthetic-1729-mid_multiple_choice_enumeration-013,truncated,synthetic_truncated,mid_multiple_choice_enumeration,true,,ok,,68,true,,,,,true,captured_ephemeral
inspect_ai,gsm8k_numeric_match,f10dc46f20df0738a9acbfb4c4be0bd3d60601ed,synthetic-1729-mid_multiple_choice_enumeration-014,truncated,synthetic_truncated,mid_multiple_choice_enumeration,true,,ok,,582,true,,,,,true,captured_ephemeral
inspect_ai,gsm8k_numeric_match,f10dc46f20df0738a9acbfb4c4be0bd3d60601ed,synthetic-1729-mid_multiple_choice_enumeration-015,truncated,synthetic_truncated,mid_multiple_choice_enumeration,true,,ok,,296,true,,,,,true,captured_ephemeral
inspect_ai,gsm8k_numeric_match,f10dc46f20df0738a9acbfb4c4be0bd3d60601ed,synthetic-1729-mid_multiple_choice_enumeration-016,truncated,synthetic_truncated,mid_multiple_choice_enumeration,true,,ok,,624,true,,,,,true,captured_ephemeral
inspect_ai,gsm8k_numeric_match,f10dc46f20df0738a9acbfb4c4be0bd3d60601ed,synthetic-1729-mid_multiple_choice_enumeration-017,truncated,synthetic_truncated,mid_multiple_choice_enumeration,true,,ok,,233,true,,,,,true,captured_ephemeral
inspect_ai,gsm8k_numeric_match,f10dc46f20df0738a9acbfb4c4be0bd3d60601ed,synthetic-1729-mid_multiple_choice_enumeration-018,truncated,synthetic_truncated,mid_multiple_choice_enumeration,true,,ok,,483,true,,,,,true,captured_ephemeral
inspect_ai,gsm8k_numeric_match,f10dc46f20df0738a9acbfb4c4be0bd3d60601ed,synthetic-1729-mid_multiple_choice_enumeration-019,truncated,synthetic_truncated,mid_multiple_choice_enumeration,true,,ok,,978,true,,,,,true,captured_ephemeral
inspect_ai,gsm8k_numeric_match,f10dc46f20df0738a9acbfb4c4be0bd3d60601ed,synthetic-1729-mid_multiple_choice_enumeration-020,truncated,synthetic_truncated,mid_multiple_choice_enumeration,true,,ok,,396,true,,,,,true,captured_ephemeral
inspect_ai,gsm8k_numeric_match,f10dc46f20df0738a9acbfb4c4be0bd3d60601ed,synthetic-1729-post_final_answer-001,truncated,synthetic_truncated,post_final_answer,true,,ok,,706,true,,,,,true,captured_ephemeral
inspect_ai,gsm8k_numeric_match,f10dc46f20df0738a9acbfb4c4be0bd3d60601ed,synthetic-1729-post_final_answer-002,truncated,synthetic_truncated,post_final_answer,true,,ok,,750,true,,,,,true,captured_ephemeral
inspect_ai,gsm8k_numeric_match,f10dc46f20df0738a9acbfb4c4be0bd3d60601ed,synthetic-1729-post_final_answer-003,truncated,synthetic_truncated,post_final_answer,true,,ok,,191,true,,,,,true,captured_ephemeral
inspect_ai,gsm8k_numeric_match,f10dc46f20df0738a9acbfb4c4be0bd3d60601ed,synthetic-1729-post_final_answer-004,truncated,synthetic_truncated,post_final_answer,true,,ok,,744,true,,,,,true,captured_ephemeral
inspect_ai,gsm8k_numeric_match,f10dc46f20df0738a9acbfb4c4be0bd3d60601ed,synthetic-1729-post_final_answer-005,truncated,synthetic_truncated,post_final_answer,true,,ok,,894,true,,,,,true,captured_ephemeral
inspect_ai,gsm8k_numeric_match,f10dc46f20df0738a9acbfb4c4be0bd3d60601ed,synthetic-1729-post_final_answer-006,truncated,synthetic_truncated,post_final_answer,true,,ok,,813,true,,,,,true,captured_ephemeral
inspect_ai,gsm8k_numeric_match,f10dc46f20df0738a9acbfb4c4be0bd3d60601ed,synthetic-1729-post_final_answer-007,truncated,synthetic_truncated,post_final_answer,true,,ok,,463,true,,,,,true,captured_ephemeral
inspect_ai,gsm8k_numeric_match,f10dc46f20df0738a9acbfb4c4be0bd3d60601ed,synthetic-1729-post_final_answer-008,truncated,synthetic_truncated,post_final_answer,true,,ok,,398,true,,,,,true,captured_ephemeral
inspect_ai,gsm8k_numeric_match,f10dc46f20df0738a9acbfb4c4be0bd3d60601ed,synthetic-1729-post_final_answer-009,truncated,synthetic_truncated,post_final_answer,true,,ok,,738,true,,,,,true,captured_ephemeral
inspect_ai,gsm8k_numeric_match,f10dc46f20df0738a9acbfb4c4be0bd3d60601ed,synthetic-1729-post_final_answer-010,truncated,synthetic_truncated,post_final_answer,true,,ok,,864,true,,,,,true,captured_ephemeral
inspect_ai,gsm8k_numeric_match,f10dc46f20df0738a9acbfb4c4be0bd3d60601ed,synthetic-1729-post_final_answer-011,truncated,synthetic_truncated,post_final_answer,true,,ok,,183,true,,,,,true,captured_ephemeral
inspect_ai,gsm8k_numeric_match,f10dc46f20df0738a9acbfb4c4be0bd3d60601ed,synthetic-1729-post_final_answer-012,truncated,synthetic_truncated,post_final_answer,true,,ok,,56,true,,,,,true,captured_ephemeral
inspect_ai,gsm8k_numeric_match,f10dc46f20df0738a9acbfb4c4be0bd3d60601ed,synthetic-1729-post_final_answer-013,truncated,synthetic_truncated,post_final_answer,true,,ok,,948,true,,,,,true,captured_ephemeral
inspect_ai,gsm8k_numeric_match,f10dc46f20df0738a9acbfb4c4be0bd3d60601ed,synthetic-1729-post_final_answer-014,truncated,synthetic_truncated,post_final_answer,true,,ok,,376,true,,,,,true,captured_ephemeral
inspect_ai,gsm8k_numeric_match,f10dc46f20df0738a9acbfb4c4be0bd3d60601ed,synthetic-1729-post_final_answer-015,truncated,synthetic_truncated,post_final_answer,true,,ok,,755,true,,,,,true,captured_ephemeral
inspect_ai,gsm8k_numeric_match,f10dc46f20df0738a9acbfb4c4be0bd3d60601ed,synthetic-1729-post_final_answer-016,truncated,synthetic_truncated,post_final_answer,true,,ok,,551,true,,,,,true,captured_ephemeral
inspect_ai,gsm8k_numeric_match,f10dc46f20df0738a9acbfb4c4be0bd3d60601ed,synthetic-1729-post_final_answer-017,truncated,synthetic_truncated,post_final_answer,true,,ok,,741,true,,,,,true,captured_ephemeral
inspect_ai,gsm8k_numeric_match,f10dc46f20df0738a9acbfb4c4be0bd3d60601ed,synthetic-1729-post_final_answer-018,truncated,synthetic_truncated,post_final_answer,true,,ok,,952,true,,,,,true,captured_ephemeral
inspect_ai,gsm8k_numeric_match,f10dc46f20df0738a9acbfb4c4be0bd3d60601ed,synthetic-1729-post_final_answer-019,truncated,synthetic_truncated,post_final_answer,true,,ok,,510,true,,,,,true,captured_ephemeral
inspect_ai,gsm8k_numeric_match,f10dc46f20df0738a9acbfb4c4be0bd3d60601ed,synthetic-1729-post_final_answer-020,truncated,synthetic_truncated,post_final_answer,true,,ok,,45,true,,,,,true,captured_ephemeral
inspect_ai,gsm8k_numeric_match,f10dc46f20df0738a9acbfb4c4be0bd3d60601ed,synthetic-1729-degeneration_loop_plausible_number-001,truncated,synthetic_truncated,degeneration_loop_plausible_number,true,,ok,,686,true,,,,,false,captured_ephemeral
inspect_ai,gsm8k_numeric_match,f10dc46f20df0738a9acbfb4c4be0bd3d60601ed,synthetic-1729-degeneration_loop_plausible_number-002,truncated,synthetic_truncated,degeneration_loop_plausible_number,true,,ok,,794,true,,,,,false,captured_ephemeral
inspect_ai,gsm8k_numeric_match,f10dc46f20df0738a9acbfb4c4be0bd3d60601ed,synthetic-1729-degeneration_loop_plausible_number-003,truncated,synthetic_truncated,degeneration_loop_plausible_number,true,,ok,,187,true,,,,,false,captured_ephemeral
inspect_ai,gsm8k_numeric_match,f10dc46f20df0738a9acbfb4c4be0bd3d60601ed,synthetic-1729-degeneration_loop_plausible_number-004,truncated,synthetic_truncated,degeneration_loop_plausible_number,true,,ok,,154,true,,,,,false,captured_ephemeral
inspect_ai,gsm8k_numeric_match,f10dc46f20df0738a9acbfb4c4be0bd3d60601ed,synthetic-1729-degeneration_loop_plausible_number-005,truncated,synthetic_truncated,degeneration_loop_plausible_number,true,,ok,,421,true,,,,,false,captured_ephemeral
inspect_ai,gsm8k_numeric_match,f10dc46f20df0738a9acbfb4c4be0bd3d60601ed,synthetic-1729-degeneration_loop_plausible_number-006,truncated,synthetic_truncated,degeneration_loop_plausible_number,true,,ok,,851,true,,,,,false,captured_ephemeral
inspect_ai,gsm8k_numeric_match,f10dc46f20df0738a9acbfb4c4be0bd3d60601ed,synthetic-1729-degeneration_loop_plausible_number-007,truncated,synthetic_truncated,degeneration_loop_plausible_number,true,,ok,,878,true,,,,,false,captured_ephemeral
inspect_ai,gsm8k_numeric_match,f10dc46f20df0738a9acbfb4c4be0bd3d60601ed,synthetic-1729-degeneration_loop_plausible_number-008,truncated,synthetic_truncated,degeneration_loop_plausible_number,true,,ok,,906,true,,,,,false,captured_ephemeral
inspect_ai,gsm8k_numeric_match,f10dc46f20df0738a9acbfb4c4be0bd3d60601ed,synthetic-1729-degeneration_loop_plausible_number-009,truncated,synthetic_truncated,degeneration_loop_plausible_number,true,,ok,,569,true,,,,,false,captured_ephemeral
inspect_ai,gsm8k_numeric_match,f10dc46f20df0738a9acbfb4c4be0bd3d60601ed,synthetic-1729-degeneration_loop_plausible_number-010,truncated,synthetic_truncated,degeneration_loop_plausible_number,true,,ok,,593,true,,,,,false,captured_ephemeral
inspect_ai,gsm8k_numeric_match,f10dc46f20df0738a9acbfb4c4be0bd3d60601ed,synthetic-1729-degeneration_loop_plausible_number-011,truncated,synthetic_truncated,degeneration_loop_plausible_number,true,,ok,,959,true,,,,,false,captured_ephemeral
inspect_ai,gsm8k_numeric_match,f10dc46f20df0738a9acbfb4c4be0bd3d60601ed,synthetic-1729-degeneration_loop_plausible_number-012,truncated,synthetic_truncated,degeneration_loop_plausible_number,true,,ok,,887,true,,,,,false,captured_ephemeral
inspect_ai,gsm8k_numeric_match,f10dc46f20df0738a9acbfb4c4be0bd3d60601ed,synthetic-1729-degeneration_loop_plausible_number-013,truncated,synthetic_truncated,degeneration_loop_plausible_number,true,,ok,,331,true,,,,,false,captured_ephemeral
inspect_ai,gsm8k_numeric_match,f10dc46f20df0738a9acbfb4c4be0bd3d60601ed,synthetic-1729-degeneration_loop_plausible_number-014,truncated,synthetic_truncated,degeneration_loop_plausible_number,true,,ok,,474,true,,,,,false,captured_ephemeral
inspect_ai,gsm8k_numeric_match,f10dc46f20df0738a9acbfb4c4be0bd3d60601ed,synthetic-1729-degeneration_loop_plausible_number-015,truncated,synthetic_truncated,degeneration_loop_plausible_number,true,,ok,,555,true,,,,,false,captured_ephemeral
inspect_ai,gsm8k_numeric_match,f10dc46f20df0738a9acbfb4c4be0bd3d60601ed,synthetic-1729-degeneration_loop_plausible_number-016,truncated,synthetic_truncated,degeneration_loop_plausible_number,true,,ok,,400,true,,,,,false,captured_ephemeral
inspect_ai,gsm8k_numeric_match,f10dc46f20df0738a9acbfb4c4be0bd3d60601ed,synthetic-1729-degeneration_loop_plausible_number-017,truncated,synthetic_truncated,degeneration_loop_plausible_number,true,,ok,,867,true,,,,,false,captured_ephemeral
inspect_ai,gsm8k_numeric_match,f10dc46f20df0738a9acbfb4c4be0bd3d60601ed,synthetic-1729-degeneration_loop_plausible_number-018,truncated,synthetic_truncated,degeneration_loop_plausible_number,true,,ok,,945,true,,,,,false,captured_ephemeral
inspect_ai,gsm8k_numeric_match,f10dc46f20df0738a9acbfb4c4be0bd3d60601ed,synthetic-1729-degeneration_loop_plausible_number-019,truncated,synthetic_truncated,degeneration_loop_plausible_number,true,,ok,,103,true,,,,,false,captured_ephemeral
inspect_ai,gsm8k_numeric_match,f10dc46f20df0738a9acbfb4c4be0bd3d60601ed,synthetic-1729-degeneration_loop_plausible_number-020,truncated,synthetic_truncated,degeneration_loop_plausible_number,true,,ok,,70,true,,,,,false,captured_ephemeral
inspect_ai,gsm8k_numeric_match,f10dc46f20df0738a9acbfb4c4be0bd3d60601ed,synthetic-1729-mid_latex_expression-001,truncated,synthetic_truncated,mid_latex_expression,true,,ok,,20,true,,,,,false,captured_ephemeral
inspect_ai,gsm8k_numeric_match,f10dc46f20df0738a9acbfb4c4be0bd3d60601ed,synthetic-1729-mid_latex_expression-002,truncated,synthetic_truncated,mid_latex_expression,true,,ok,,35,true,,,,,false,captured_ephemeral
inspect_ai,gsm8k_numeric_match,f10dc46f20df0738a9acbfb4c4be0bd3d60601ed,synthetic-1729-mid_latex_expression-003,truncated,synthetic_truncated,mid_latex_expression,true,,ok,,97,true,,,,,false,captured_ephemeral
inspect_ai,gsm8k_numeric_match,f10dc46f20df0738a9acbfb4c4be0bd3d60601ed,synthetic-1729-mid_latex_expression-004,truncated,synthetic_truncated,mid_latex_expression,true,,ok,,28,true,,,,,false,captured_ephemeral
inspect_ai,gsm8k_numeric_match,f10dc46f20df0738a9acbfb4c4be0bd3d60601ed,synthetic-1729-mid_latex_expression-005,truncated,synthetic_truncated,mid_latex_expression,true,,ok,,85,true,,,,,false,captured_ephemeral
inspect_ai,gsm8k_numeric_match,f10dc46f20df0738a9acbfb4c4be0bd3d60601ed,synthetic-1729-mid_latex_expression-006,truncated,synthetic_truncated,mid_latex_expression,true,,ok,,21,true,,,,,false,captured_ephemeral
inspect_ai,gsm8k_numeric_match,f10dc46f20df0738a9acbfb4c4be0bd3d60601ed,synthetic-1729-mid_latex_expression-007,truncated,synthetic_truncated,mid_latex_expression,true,,ok,,51,true,,,,,false,captured_ephemeral
inspect_ai,gsm8k_numeric_match,f10dc46f20df0738a9acbfb4c4be0bd3d60601ed,synthetic-1729-mid_latex_expression-008,truncated,synthetic_truncated,mid_latex_expression,true,,ok,,21,true,,,,,false,captured_ephemeral
inspect_ai,gsm8k_numeric_match,f10dc46f20df0738a9acbfb4c4be0bd3d60601ed,synthetic-1729-mid_latex_expression-009,truncated,synthetic_truncated,mid_latex_expression,true,,ok,,65,true,,,,,false,captured_ephemeral
inspect_ai,gsm8k_numeric_match,f10dc46f20df0738a9acbfb4c4be0bd3d60601ed,synthetic-1729-mid_latex_expression-010,truncated,synthetic_truncated,mid_latex_expression,true,,ok,,48,true,,,,,false,captured_ephemeral
inspect_ai,gsm8k_numeric_match,f10dc46f20df0738a9acbfb4c4be0bd3d60601ed,synthetic-1729-mid_latex_expression-011,truncated,synthetic_truncated,mid_latex_expression,true,,ok,,82,true,,,,,false,captured_ephemeral
inspect_ai,gsm8k_numeric_match,f10dc46f20df0738a9acbfb4c4be0bd3d60601ed,synthetic-1729-mid_latex_expression-012,truncated,synthetic_truncated,mid_latex_expression,true,,ok,,79,true,,,,,false,captured_ephemeral
inspect_ai,gsm8k_numeric_match,f10dc46f20df0738a9acbfb4c4be0bd3d60601ed,synthetic-1729-mid_latex_expression-013,truncated,synthetic_truncated,mid_latex_expression,true,,ok,,45,true,,,,,false,captured_ephemeral
inspect_ai,gsm8k_numeric_match,f10dc46f20df0738a9acbfb4c4be0bd3d60601ed,synthetic-1729-mid_latex_expression-014,truncated,synthetic_truncated,mid_latex_expression,true,,ok,,85,true,,,,,false,captured_ephemeral
inspect_ai,gsm8k_numeric_match,f10dc46f20df0738a9acbfb4c4be0bd3d60601ed,synthetic-1729-mid_latex_expression-015,truncated,synthetic_truncated,mid_latex_expression,true,,ok,,36,true,,,,,false,captured_ephemeral
inspect_ai,gsm8k_numeric_match,f10dc46f20df0738a9acbfb4c4be0bd3d60601ed,synthetic-1729-mid_latex_expression-016,truncated,synthetic_truncated,mid_latex_expression,true,,ok,,29,true,,,,,false,captured_ephemeral
inspect_ai,gsm8k_numeric_match,f10dc46f20df0738a9acbfb4c4be0bd3d60601ed,synthetic-1729-mid_latex_expression-017,truncated,synthetic_truncated,mid_latex_expression,true,,ok,,92,true,,,,,false,captured_ephemeral
inspect_ai,gsm8k_numeric_match,f10dc46f20df0738a9acbfb4c4be0bd3d60601ed,synthetic-1729-mid_latex_expression-018,truncated,synthetic_truncated,mid_latex_expression,true,,ok,,47,true,,,,,false,captured_ephemeral
inspect_ai,gsm8k_numeric_match,f10dc46f20df0738a9acbfb4c4be0bd3d60601ed,synthetic-1729-mid_latex_expression-019,truncated,synthetic_truncated,mid_latex_expression,true,,ok,,28,true,,,,,false,captured_ephemeral
inspect_ai,gsm8k_numeric_match,f10dc46f20df0738a9acbfb4c4be0bd3d60601ed,synthetic-1729-mid_latex_expression-020,truncated,synthetic_truncated,mid_latex_expression,true,,ok,,55,true,,,,,false,captured_ephemeral
inspect_ai,gsm8k_numeric_match,f10dc46f20df0738a9acbfb4c4be0bd3d60601ed,real-control_correct-89378d7c9af16411-001,control_correct,finished_control,,true,,ok,,396,true,,,,,true,captured_ephemeral
inspect_ai,gsm8k_numeric_match,f10dc46f20df0738a9acbfb4c4be0bd3d60601ed,real-control_correct-16e0de893f7ebe3a-001,control_correct,finished_control,,true,,ok,,1,true,,,,,false,captured_ephemeral
inspect_ai,gsm8k_numeric_match,f10dc46f20df0738a9acbfb4c4be0bd3d60601ed,real-control_correct-2d3da8c4bfee3c4c-001,control_correct,finished_control,,true,,ok,,396,true,,,,,true,captured_ephemeral
inspect_ai,gsm8k_numeric_match,f10dc46f20df0738a9acbfb4c4be0bd3d60601ed,real-control_correct-c9f62a5de2de08df-001,control_correct,finished_control,,true,,ok,,396,true,,,,,true,captured_ephemeral
inspect_ai,gsm8k_numeric_match,f10dc46f20df0738a9acbfb4c4be0bd3d60601ed,real-control_correct-c6ddf5c572a35adb-001,control_correct,finished_control,,true,,ok,,396,true,,,,,true,captured_ephemeral
inspect_ai,gsm8k_numeric_match,f10dc46f20df0738a9acbfb4c4be0bd3d60601ed,real-control_correct-17d3bfe110828692-001,control_correct,finished_control,,true,,ok,,1,true,,,,,false,captured_ephemeral
inspect_ai,gsm8k_numeric_match,f10dc46f20df0738a9acbfb4c4be0bd3d60601ed,real-control_correct-61723f102d6ae8a1-001,control_correct,finished_control,,true,,ok,,924,true,,,,,true,captured_ephemeral
inspect_ai,gsm8k_numeric_match,f10dc46f20df0738a9acbfb4c4be0bd3d60601ed,real-control_correct-255be5d582935302-001,control_correct,finished_control,,true,,ok,,924,true,,,,,true,captured_ephemeral
inspect_ai,gsm8k_numeric_match,f10dc46f20df0738a9acbfb4c4be0bd3d60601ed,real-control_correct-9e251a1ffea90916-001,control_correct,finished_control,,true,,ok,,924,true,,,,,true,captured_ephemeral
inspect_ai,gsm8k_numeric_match,f10dc46f20df0738a9acbfb4c4be0bd3d60601ed,real-control_correct-43de6f6db2801086-001,control_correct,finished_control,,true,,ok,,924,true,,,,,true,captured_ephemeral
inspect_ai,gsm8k_numeric_match,f10dc46f20df0738a9acbfb4c4be0bd3d60601ed,real-control_correct-eeb69bc8e4b6afb6-001,control_correct,finished_control,,true,,ok,,924,true,,,,,true,captured_ephemeral
inspect_ai,gsm8k_numeric_match,f10dc46f20df0738a9acbfb4c4be0bd3d60601ed,real-control_correct-8e92ff00e3dc8c7f-001,control_correct,finished_control,,true,,ok,,924,true,,,,,true,captured_ephemeral
inspect_ai,gsm8k_numeric_match,f10dc46f20df0738a9acbfb4c4be0bd3d60601ed,real-control_correct-c2bfbc405396d110-001,control_correct,finished_control,,true,,ok,,,false,,,,,false,captured_ephemeral
inspect_ai,gsm8k_numeric_match,f10dc46f20df0738a9acbfb4c4be0bd3d60601ed,real-control_correct-c44a3d80f5ea3ae9-001,control_correct,finished_control,,true,,ok,,924,true,,,,,true,captured_ephemeral
inspect_ai,gsm8k_numeric_match,f10dc46f20df0738a9acbfb4c4be0bd3d60601ed,real-control_correct-45c33fc7f4b89ab1-001,control_correct,finished_control,,true,,ok,,924,true,,,,,true,captured_ephemeral
inspect_ai,gsm8k_numeric_match,f10dc46f20df0738a9acbfb4c4be0bd3d60601ed,real-control_correct-2ec159fcc5ac75cf-001,control_correct,finished_control,,true,,ok,,924,true,,,,,true,captured_ephemeral
inspect_ai,gsm8k_numeric_match,f10dc46f20df0738a9acbfb4c4be0bd3d60601ed,real-control_correct-4bc94d1cce22bd8b-001,control_correct,finished_control,,true,,ok,,16,true,,,,,false,captured_ephemeral
inspect_ai,gsm8k_numeric_match,f10dc46f20df0738a9acbfb4c4be0bd3d60601ed,real-control_correct-02db4d1921acd1d7-001,control_correct,finished_control,,true,,ok,,924,true,,,,,true,captured_ephemeral
inspect_ai,gsm8k_numeric_match,f10dc46f20df0738a9acbfb4c4be0bd3d60601ed,real-control_correct-0e0bf8d361f29f7c-001,control_correct,finished_control,,false,gold_answer is not a finite numeric scalar,not_applicable,gold_answer is not a finite numeric scalar,,,,,,,,captured_ephemeral
inspect_ai,gsm8k_numeric_match,f10dc46f20df0738a9acbfb4c4be0bd3d60601ed,real-control_correct-585dbca476773d3a-001,control_correct,finished_control,,true,,ok,,26,true,,,,,true,captured_ephemeral
inspect_ai,gsm8k_numeric_match,f10dc46f20df0738a9acbfb4c4be0bd3d60601ed,real-control_correct-066f81dce4312897-001,control_correct,finished_control,,false,gold_answer is not a finite numeric scalar,not_applicable,gold_answer is not a finite numeric scalar,,,,,,,,captured_ephemeral
inspect_ai,gsm8k_numeric_match,f10dc46f20df0738a9acbfb4c4be0bd3d60601ed,real-control_correct-7c345a24b0485152-001,control_correct,finished_control,,false,gold_answer is not a finite numeric scalar,not_applicable,gold_answer is not a finite numeric scalar,,,,,,,,captured_ephemeral
inspect_ai,gsm8k_numeric_match,f10dc46f20df0738a9acbfb4c4be0bd3d60601ed,real-control_correct-14b3558563a36d01-001,control_correct,finished_control,,true,,ok,,26,true,,,,,true,captured_ephemeral
inspect_ai,gsm8k_numeric_match,f10dc46f20df0738a9acbfb4c4be0bd3d60601ed,real-control_correct-52cde770e82e4c2e-001,control_correct,finished_control,,true,,ok,,26,true,,,,,true,captured_ephemeral
inspect_ai,gsm8k_numeric_match,f10dc46f20df0738a9acbfb4c4be0bd3d60601ed,real-control_correct-a3713e645b1649de-001,control_correct,finished_control,,false,gold_answer is not a finite numeric scalar,not_applicable,gold_answer is not a finite numeric scalar,,,,,,,,captured_ephemeral
inspect_ai,gsm8k_numeric_match,f10dc46f20df0738a9acbfb4c4be0bd3d60601ed,real-control_correct-2154392bb16da70b-001,control_correct,finished_control,,false,gold_answer is not a finite numeric scalar,not_applicable,gold_answer is not a finite numeric scalar,,,,,,,,captured_ephemeral
inspect_ai,gsm8k_numeric_match,f10dc46f20df0738a9acbfb4c4be0bd3d60601ed,real-control_correct-58e45e3809bf2724-001,control_correct,finished_control,,false,gold_answer is not a finite numeric scalar,not_applicable,gold_answer is not a finite numeric scalar,,,,,,,,captured_ephemeral
inspect_ai,gsm8k_numeric_match,f10dc46f20df0738a9acbfb4c4be0bd3d60601ed,real-control_correct-ef625c1ebfd1e6d8-001,control_correct,finished_control,,true,,ok,,26,true,,,,,true,captured_ephemeral
inspect_ai,gsm8k_numeric_match,f10dc46f20df0738a9acbfb4c4be0bd3d60601ed,real-control_correct-fc4941cec6e2d7b3-001,control_correct,finished_control,,false,gold_answer is not a finite numeric scalar,not_applicable,gold_answer is not a finite numeric scalar,,,,,,,,captured_ephemeral
inspect_ai,gsm8k_numeric_match,f10dc46f20df0738a9acbfb4c4be0bd3d60601ed,real-control_correct-14a0b724276c5caa-001,control_correct,finished_control,,false,gold_answer is not a finite numeric scalar,not_applicable,gold_answer is not a finite numeric scalar,,,,,,,,captured_ephemeral
inspect_ai,gsm8k_numeric_match,f10dc46f20df0738a9acbfb4c4be0bd3d60601ed,real-control_correct-5aba32f1a8311a80-001,control_correct,finished_control,,false,gold_answer is not a finite numeric scalar,not_applicable,gold_answer is not a finite numeric scalar,,,,,,,,captured_ephemeral
inspect_ai,gsm8k_numeric_match,f10dc46f20df0738a9acbfb4c4be0bd3d60601ed,real-control_correct-2efd83efcd01279f-001,control_correct,finished_control,,true,,ok,,26,true,,,,,true,captured_ephemeral
inspect_ai,gsm8k_numeric_match,f10dc46f20df0738a9acbfb4c4be0bd3d60601ed,real-control_correct-c4ae4e148917ebf3-001,control_correct,finished_control,,false,gold_answer is not a finite numeric scalar,not_applicable,gold_answer is not a finite numeric scalar,,,,,,,,captured_ephemeral
inspect_ai,gsm8k_numeric_match,f10dc46f20df0738a9acbfb4c4be0bd3d60601ed,real-control_correct-d2716747c59bfdd8-001,control_correct,finished_control,,false,gold_answer is not a finite numeric scalar,not_applicable,gold_answer is not a finite numeric scalar,,,,,,,,captured_ephemeral
inspect_ai,gsm8k_numeric_match,f10dc46f20df0738a9acbfb4c4be0bd3d60601ed,real-control_correct-62093781aed9b537-001,control_correct,finished_control,,false,gold_answer is not a finite numeric scalar,not_applicable,gold_answer is not a finite numeric scalar,,,,,,,,captured_ephemeral
inspect_ai,gsm8k_numeric_match,f10dc46f20df0738a9acbfb4c4be0bd3d60601ed,real-control_correct-b286790a32a1fbe8-001,control_correct,finished_control,,false,gold_answer is not a finite numeric scalar,not_applicable,gold_answer is not a finite numeric scalar,,,,,,,,captured_ephemeral
inspect_ai,gsm8k_numeric_match,f10dc46f20df0738a9acbfb4c4be0bd3d60601ed,real-control_correct-d18b4c82b12f0306-001,control_correct,finished_control,,false,gold_answer is not a finite numeric scalar,not_applicable,gold_answer is not a finite numeric scalar,,,,,,,,captured_ephemeral
inspect_ai,gsm8k_numeric_match,f10dc46f20df0738a9acbfb4c4be0bd3d60601ed,real-control_correct-96dfc10499a820c6-001,control_correct,finished_control,,false,gold_answer is not a finite numeric scalar,not_applicable,gold_answer is not a finite numeric scalar,,,,,,,,captured_ephemeral
inspect_ai,gsm8k_numeric_match,f10dc46f20df0738a9acbfb4c4be0bd3d60601ed,real-control_correct-3ec3306f5f7bc543-001,control_correct,finished_control,,false,gold_answer is not a finite numeric scalar,not_applicable,gold_answer is not a finite numeric scalar,,,,,,,,captured_ephemeral
inspect_ai,gsm8k_numeric_match,f10dc46f20df0738a9acbfb4c4be0bd3d60601ed,real-control_correct-337848c60cd45f12-001,control_correct,finished_control,,false,gold_answer is not a finite numeric scalar,not_applicable,gold_answer is not a finite numeric scalar,,,,,,,,captured_ephemeral
inspect_ai,gsm8k_numeric_match,f10dc46f20df0738a9acbfb4c4be0bd3d60601ed,real-control_correct-8494ad4e58faefe9-001,control_correct,finished_control,,false,gold_answer is not a finite numeric scalar,not_applicable,gold_answer is not a finite numeric scalar,,,,,,,,captured_ephemeral
inspect_ai,gsm8k_numeric_match,f10dc46f20df0738a9acbfb4c4be0bd3d60601ed,real-control_correct-0f0941eab1767f38-001,control_correct,finished_control,,false,gold_answer is not a finite numeric scalar,not_applicable,gold_answer is not a finite numeric scalar,,,,,,,,captured_ephemeral
inspect_ai,gsm8k_numeric_match,f10dc46f20df0738a9acbfb4c4be0bd3d60601ed,real-control_correct-beea208faf3d4bf4-001,control_correct,finished_control,,true,,ok,,26,true,,,,,true,captured_ephemeral
inspect_ai,gsm8k_numeric_match,f10dc46f20df0738a9acbfb4c4be0bd3d60601ed,real-control_correct-49c6c44114b703fb-001,control_correct,finished_control,,true,,ok,,26,true,,,,,true,captured_ephemeral
inspect_ai,gsm8k_numeric_match,f10dc46f20df0738a9acbfb4c4be0bd3d60601ed,real-control_correct-7e4dcc5a2d2dc94f-001,control_correct,finished_control,,false,gold_answer is not a finite numeric scalar,not_applicable,gold_answer is not a finite numeric scalar,,,,,,,,captured_ephemeral
inspect_ai,gsm8k_numeric_match,f10dc46f20df0738a9acbfb4c4be0bd3d60601ed,real-control_correct-f3c4bd0f7b512e57-001,control_correct,finished_control,,false,gold_answer is not a finite numeric scalar,not_applicable,gold_answer is not a finite numeric scalar,,,,,,,,captured_ephemeral
inspect_ai,gsm8k_numeric_match,f10dc46f20df0738a9acbfb4c4be0bd3d60601ed,real-control_correct-77dca34ea2834915-001,control_correct,finished_control,,false,gold_answer is not a finite numeric scalar,not_applicable,gold_answer is not a finite numeric scalar,,,,,,,,captured_ephemeral
inspect_ai,gsm8k_numeric_match,f10dc46f20df0738a9acbfb4c4be0bd3d60601ed,real-control_correct-f61d7cc8e44486cd-001,control_correct,finished_control,,false,gold_answer is not a finite numeric scalar,not_applicable,gold_answer is not a finite numeric scalar,,,,,,,,captured_ephemeral
inspect_ai,gsm8k_numeric_match,f10dc46f20df0738a9acbfb4c4be0bd3d60601ed,real-control_correct-83db8adebe9798de-001,control_correct,finished_control,,false,gold_answer is not a finite numeric scalar,not_applicable,gold_answer is not a finite numeric scalar,,,,,,,,captured_ephemeral
inspect_ai,gsm8k_numeric_match,f10dc46f20df0738a9acbfb4c4be0bd3d60601ed,real-control_correct-b745903bf49608cc-001,control_correct,finished_control,,true,,ok,,26,true,,,,,true,captured_ephemeral
inspect_ai,gsm8k_numeric_match,f10dc46f20df0738a9acbfb4c4be0bd3d60601ed,real-control_correct-2c758d44ca541778-001,control_correct,finished_control,,false,gold_answer is not a finite numeric scalar,not_applicable,gold_answer is not a finite numeric scalar,,,,,,,,captured_ephemeral
inspect_ai,gsm8k_numeric_match,f10dc46f20df0738a9acbfb4c4be0bd3d60601ed,real-control_correct-4a3fdef251946148-001,control_correct,finished_control,,false,gold_answer is not a finite numeric scalar,not_applicable,gold_answer is not a finite numeric scalar,,,,,,,,captured_ephemeral
inspect_ai,gsm8k_numeric_match,f10dc46f20df0738a9acbfb4c4be0bd3d60601ed,real-control_correct-0ec44c79139c33e2-001,control_correct,finished_control,,false,gold_answer is not a finite numeric scalar,not_applicable,gold_answer is not a finite numeric scalar,,,,,,,,captured_ephemeral
inspect_ai,gsm8k_numeric_match,f10dc46f20df0738a9acbfb4c4be0bd3d60601ed,real-control_correct-81b17ec6e1a7d1a8-001,control_correct,finished_control,,false,gold_answer is not a finite numeric scalar,not_applicable,gold_answer is not a finite numeric scalar,,,,,,,,captured_ephemeral
inspect_ai,gsm8k_numeric_match,f10dc46f20df0738a9acbfb4c4be0bd3d60601ed,real-control_correct-0e5f87e242720bf2-001,control_correct,finished_control,,false,gold_answer is not a finite numeric scalar,not_applicable,gold_answer is not a finite numeric scalar,,,,,,,,captured_ephemeral
inspect_ai,gsm8k_numeric_match,f10dc46f20df0738a9acbfb4c4be0bd3d60601ed,real-control_correct-593135bb2de509c3-001,control_correct,finished_control,,false,gold_answer is not a finite numeric scalar,not_applicable,gold_answer is not a finite numeric scalar,,,,,,,,captured_ephemeral
inspect_ai,gsm8k_numeric_match,f10dc46f20df0738a9acbfb4c4be0bd3d60601ed,real-control_correct-c56c011273c6c234-001,control_correct,finished_control,,false,gold_answer is not a finite numeric scalar,not_applicable,gold_answer is not a finite numeric scalar,,,,,,,,captured_ephemeral
inspect_ai,gsm8k_numeric_match,f10dc46f20df0738a9acbfb4c4be0bd3d60601ed,real-control_correct-29005d671726f869-001,control_correct,finished_control,,false,gold_answer is not a finite numeric scalar,not_applicable,gold_answer is not a finite numeric scalar,,,,,,,,captured_ephemeral
inspect_ai,gsm8k_numeric_match,f10dc46f20df0738a9acbfb4c4be0bd3d60601ed,real-control_correct-67c0cfb485b8e0e1-001,control_correct,finished_control,,false,gold_answer is not a finite numeric scalar,not_applicable,gold_answer is not a finite numeric scalar,,,,,,,,captured_ephemeral
inspect_ai,gsm8k_numeric_match,f10dc46f20df0738a9acbfb4c4be0bd3d60601ed,real-control_correct-afc87305e9694a73-001,control_correct,finished_control,,false,gold_answer is not a finite numeric scalar,not_applicable,gold_answer is not a finite numeric scalar,,,,,,,,captured_ephemeral
inspect_ai,gsm8k_numeric_match,f10dc46f20df0738a9acbfb4c4be0bd3d60601ed,real-control_correct-e7d166d098fcef41-001,control_correct,finished_control,,true,,ok,,3840,true,,,,,true,captured_ephemeral
inspect_ai,gsm8k_numeric_match,f10dc46f20df0738a9acbfb4c4be0bd3d60601ed,real-control_correct-c377b550ceb9090b-001,control_correct,finished_control,,true,,ok,,3840,true,,,,,true,captured_ephemeral
inspect_ai,gsm8k_numeric_match,f10dc46f20df0738a9acbfb4c4be0bd3d60601ed,real-control_correct-b4137beeac8ed865-001,control_correct,finished_control,,false,gold_answer is not a finite numeric scalar,not_applicable,gold_answer is not a finite numeric scalar,,,,,,,,captured_ephemeral
inspect_ai,gsm8k_numeric_match,f10dc46f20df0738a9acbfb4c4be0bd3d60601ed,real-control_correct-8124daee9eec1012-001,control_correct,finished_control,,false,gold_answer is not a finite numeric scalar,not_applicable,gold_answer is not a finite numeric scalar,,,,,,,,captured_ephemeral
inspect_evals,aime_last_line_numeric,b31daf3f6f74ce48cb905d185a4c2afc524205b2,real-truncated-aa20e7ac6246feb9-001,truncated,real_truncated,,true,,ok,,,false,,,,,false,captured_ephemeral
inspect_evals,aime_last_line_numeric,b31daf3f6f74ce48cb905d185a4c2afc524205b2,real-truncated-aa20e7ac6246feb9-002,truncated,real_truncated,,true,,ok,,,false,,,,,false,captured_ephemeral
inspect_evals,aime_last_line_numeric,b31daf3f6f74ce48cb905d185a4c2afc524205b2,real-truncated-aa20e7ac6246feb9-003,truncated,real_truncated,,true,,ok,,,false,,,,,false,captured_ephemeral
inspect_evals,aime_last_line_numeric,b31daf3f6f74ce48cb905d185a4c2afc524205b2,real-truncated-aa20e7ac6246feb9-004,truncated,real_truncated,,true,,ok,,,false,,,,,false,captured_ephemeral
inspect_evals,aime_last_line_numeric,b31daf3f6f74ce48cb905d185a4c2afc524205b2,real-truncated-6cbbd1fc624eeadc-001,truncated,real_truncated,,true,,ok,,,false,,,,,false,captured_ephemeral
inspect_evals,aime_last_line_numeric,b31daf3f6f74ce48cb905d185a4c2afc524205b2,real-truncated-bd664f49bf0e323e-001,truncated,real_truncated,,true,,ok,,,false,,,,,false,captured_ephemeral
inspect_evals,aime_last_line_numeric,b31daf3f6f74ce48cb905d185a4c2afc524205b2,real-truncated-491eccf133b25a22-001,truncated,real_truncated,,true,,ok,,,false,,,,,false,captured_ephemeral
inspect_evals,aime_last_line_numeric,b31daf3f6f74ce48cb905d185a4c2afc524205b2,real-truncated-6a67539058b9830a-001,truncated,real_truncated,,false,real fixture is not from the frozen AIME 2026 dataset,not_applicable,real fixture is not from the frozen AIME 2026 dataset,,,,,,,,captured_ephemeral
inspect_evals,aime_last_line_numeric,b31daf3f6f74ce48cb905d185a4c2afc524205b2,real-truncated-80007a0418241777-001,truncated,real_truncated,,false,real fixture is not from the frozen AIME 2026 dataset,not_applicable,real fixture is not from the frozen AIME 2026 dataset,,,,,,,,captured_ephemeral
inspect_evals,aime_last_line_numeric,b31daf3f6f74ce48cb905d185a4c2afc524205b2,real-truncated-3e5a56704b99efaf-001,truncated,real_truncated,,false,real fixture is not from the frozen AIME 2026 dataset,not_applicable,real fixture is not from the frozen AIME 2026 dataset,,,,,,,,captured_ephemeral
inspect_evals,aime_last_line_numeric,b31daf3f6f74ce48cb905d185a4c2afc524205b2,real-truncated-0f801e8936e3e652-001,truncated,real_truncated,,false,real fixture is not from the frozen AIME 2026 dataset,not_applicable,real fixture is not from the frozen AIME 2026 dataset,,,,,,,,captured_ephemeral
inspect_evals,aime_last_line_numeric,b31daf3f6f74ce48cb905d185a4c2afc524205b2,real-truncated-64dca569eb2179ee-001,truncated,real_truncated,,false,real fixture is not from the frozen AIME 2026 dataset,not_applicable,real fixture is not from the frozen AIME 2026 dataset,,,,,,,,captured_ephemeral
inspect_evals,aime_last_line_numeric,b31daf3f6f74ce48cb905d185a4c2afc524205b2,real-truncated-62f658f8621431bd-001,truncated,real_truncated,,false,real fixture is not from the frozen AIME 2026 dataset,not_applicable,real fixture is not from the frozen AIME 2026 dataset,,,,,,,,captured_ephemeral
inspect_evals,aime_last_line_numeric,b31daf3f6f74ce48cb905d185a4c2afc524205b2,real-truncated-d1c8cfdc97ccfed3-001,truncated,real_truncated,,false,real fixture is not from the frozen AIME 2026 dataset,not_applicable,real fixture is not from the frozen AIME 2026 dataset,,,,,,,,captured_ephemeral
inspect_evals,aime_last_line_numeric,b31daf3f6f74ce48cb905d185a4c2afc524205b2,real-truncated-11ac842eba29ce66-001,truncated,real_truncated,,false,real fixture is not from the frozen AIME 2026 dataset,not_applicable,real fixture is not from the frozen AIME 2026 dataset,,,,,,,,captured_ephemeral
inspect_evals,aime_last_line_numeric,b31daf3f6f74ce48cb905d185a4c2afc524205b2,real-truncated-7d4dcc415df8964c-001,truncated,real_truncated,,false,real fixture is not from the frozen AIME 2026 dataset,not_applicable,real fixture is not from the frozen AIME 2026 dataset,,,,,,,,captured_ephemeral
inspect_evals,aime_last_line_numeric,b31daf3f6f74ce48cb905d185a4c2afc524205b2,real-truncated-40b63e4bb8bc1fc2-001,truncated,real_truncated,,false,real fixture is not from the frozen AIME 2026 dataset,not_applicable,real fixture is not from the frozen AIME 2026 dataset,,,,,,,,captured_ephemeral
inspect_evals,aime_last_line_numeric,b31daf3f6f74ce48cb905d185a4c2afc524205b2,real-truncated-e4cb8ed5052dcd59-001,truncated,real_truncated,,false,real fixture is not from the frozen AIME 2026 dataset,not_applicable,real fixture is not from the frozen AIME 2026 dataset,,,,,,,,captured_ephemeral
inspect_evals,aime_last_line_numeric,b31daf3f6f74ce48cb905d185a4c2afc524205b2,real-truncated-5f94257404611a94-001,truncated,real_truncated,,false,real fixture is not from the frozen AIME 2026 dataset,not_applicable,real fixture is not from the frozen AIME 2026 dataset,,,,,,,,captured_ephemeral
inspect_evals,aime_last_line_numeric,b31daf3f6f74ce48cb905d185a4c2afc524205b2,real-truncated-cac6cd311f4a62d6-001,truncated,real_truncated,,false,real fixture is not from the frozen AIME 2026 dataset,not_applicable,real fixture is not from the frozen AIME 2026 dataset,,,,,,,,captured_ephemeral
inspect_evals,aime_last_line_numeric,b31daf3f6f74ce48cb905d185a4c2afc524205b2,real-truncated-d8a68b2d62a0e37e-001,truncated,real_truncated,,false,real fixture is not from the frozen AIME 2026 dataset,not_applicable,real fixture is not from the frozen AIME 2026 dataset,,,,,,,,captured_ephemeral
inspect_evals,aime_last_line_numeric,b31daf3f6f74ce48cb905d185a4c2afc524205b2,real-truncated-6313122c5f9da4b8-001,truncated,real_truncated,,false,real fixture is not from the frozen AIME 2026 dataset,not_applicable,real fixture is not from the frozen AIME 2026 dataset,,,,,,,,captured_ephemeral
inspect_evals,aime_last_line_numeric,b31daf3f6f74ce48cb905d185a4c2afc524205b2,real-truncated-9880d7c411a9144e-001,truncated,real_truncated,,false,real fixture is not from the frozen AIME 2026 dataset,not_applicable,real fixture is not from the frozen AIME 2026 dataset,,,,,,,,captured_ephemeral
inspect_evals,aime_last_line_numeric,b31daf3f6f74ce48cb905d185a4c2afc524205b2,real-truncated-c4dd38bcc0c31ad8-001,truncated,real_truncated,,false,real fixture is not from the frozen AIME 2026 dataset,not_applicable,real fixture is not from the frozen AIME 2026 dataset,,,,,,,,captured_ephemeral
inspect_evals,aime_last_line_numeric,b31daf3f6f74ce48cb905d185a4c2afc524205b2,real-truncated-c7a933a4b57b2cee-001,truncated,real_truncated,,false,real fixture is not from the frozen AIME 2026 dataset,not_applicable,real fixture is not from the frozen AIME 2026 dataset,,,,,,,,captured_ephemeral
inspect_evals,aime_last_line_numeric,b31daf3f6f74ce48cb905d185a4c2afc524205b2,real-truncated-7ae317e50e0d73c5-001,truncated,real_truncated,,false,real fixture is not from the frozen AIME 2026 dataset,not_applicable,real fixture is not from the frozen AIME 2026 dataset,,,,,,,,captured_ephemeral
inspect_evals,aime_last_line_numeric,b31daf3f6f74ce48cb905d185a4c2afc524205b2,real-truncated-9ecfc35fcefae241-001,truncated,real_truncated,,false,real fixture is not from the frozen AIME 2026 dataset,not_applicable,real fixture is not from the frozen AIME 2026 dataset,,,,,,,,captured_ephemeral
inspect_evals,aime_last_line_numeric,b31daf3f6f74ce48cb905d185a4c2afc524205b2,real-truncated-acb3a5295c56829c-001,truncated,real_truncated,,false,real fixture is not from the frozen AIME 2026 dataset,not_applicable,real fixture is not from the frozen AIME 2026 dataset,,,,,,,,captured_ephemeral
inspect_evals,aime_last_line_numeric,b31daf3f6f74ce48cb905d185a4c2afc524205b2,real-truncated-25007c1e26d4eeb2-001,truncated,real_truncated,,false,real fixture is not from the frozen AIME 2026 dataset,not_applicable,real fixture is not from the frozen AIME 2026 dataset,,,,,,,,captured_ephemeral
inspect_evals,aime_last_line_numeric,b31daf3f6f74ce48cb905d185a4c2afc524205b2,real-truncated-ba728ce1826746c2-001,truncated,real_truncated,,false,real fixture is not from the frozen AIME 2026 dataset,not_applicable,real fixture is not from the frozen AIME 2026 dataset,,,,,,,,captured_ephemeral
inspect_evals,aime_last_line_numeric,b31daf3f6f74ce48cb905d185a4c2afc524205b2,real-truncated-707f12f62e6d4cef-001,truncated,real_truncated,,false,real fixture is not from the frozen AIME 2026 dataset,not_applicable,real fixture is not from the frozen AIME 2026 dataset,,,,,,,,captured_ephemeral
inspect_evals,aime_last_line_numeric,b31daf3f6f74ce48cb905d185a4c2afc524205b2,real-truncated-d2e93ae35a6c6929-001,truncated,real_truncated,,false,real fixture is not from the frozen AIME 2026 dataset,not_applicable,real fixture is not from the frozen AIME 2026 dataset,,,,,,,,captured_ephemeral
inspect_evals,aime_last_line_numeric,b31daf3f6f74ce48cb905d185a4c2afc524205b2,real-truncated-062cf1ffe5b924fa-001,truncated,real_truncated,,false,real fixture is not from the frozen AIME 2026 dataset,not_applicable,real fixture is not from the frozen AIME 2026 dataset,,,,,,,,captured_ephemeral
inspect_evals,aime_last_line_numeric,b31daf3f6f74ce48cb905d185a4c2afc524205b2,real-truncated-805630023b55e371-001,truncated,real_truncated,,false,real fixture is not from the frozen AIME 2026 dataset,not_applicable,real fixture is not from the frozen AIME 2026 dataset,,,,,,,,captured_ephemeral
inspect_evals,aime_last_line_numeric,b31daf3f6f74ce48cb905d185a4c2afc524205b2,real-truncated-3eacef22437fd915-001,truncated,real_truncated,,false,real fixture is not from the frozen AIME 2026 dataset,not_applicable,real fixture is not from the frozen AIME 2026 dataset,,,,,,,,captured_ephemeral
inspect_evals,aime_last_line_numeric,b31daf3f6f74ce48cb905d185a4c2afc524205b2,real-truncated-5da13db78fc0a540-001,truncated,real_truncated,,false,real fixture is not from the frozen AIME 2026 dataset,not_applicable,real fixture is not from the frozen AIME 2026 dataset,,,,,,,,captured_ephemeral
inspect_evals,aime_last_line_numeric,b31daf3f6f74ce48cb905d185a4c2afc524205b2,real-truncated-4480e573ba66416f-001,truncated,real_truncated,,false,real fixture is not from the frozen AIME 2026 dataset,not_applicable,real fixture is not from the frozen AIME 2026 dataset,,,,,,,,captured_ephemeral
inspect_evals,aime_last_line_numeric,b31daf3f6f74ce48cb905d185a4c2afc524205b2,real-truncated-5f4343c0d4868050-001,truncated,real_truncated,,false,real fixture is not from the frozen AIME 2026 dataset,not_applicable,real fixture is not from the frozen AIME 2026 dataset,,,,,,,,captured_ephemeral
inspect_evals,aime_last_line_numeric,b31daf3f6f74ce48cb905d185a4c2afc524205b2,real-truncated-4749817223a7201d-001,truncated,real_truncated,,false,real fixture is not from the frozen AIME 2026 dataset,not_applicable,real fixture is not from the frozen AIME 2026 dataset,,,,,,,,captured_ephemeral
inspect_evals,aime_last_line_numeric,b31daf3f6f74ce48cb905d185a4c2afc524205b2,real-truncated-bba38d303fcf87eb-001,truncated,real_truncated,,false,real fixture is not from the frozen AIME 2026 dataset,not_applicable,real fixture is not from the frozen AIME 2026 dataset,,,,,,,,captured_ephemeral
inspect_evals,aime_last_line_numeric,b31daf3f6f74ce48cb905d185a4c2afc524205b2,real-truncated-d85d90aaf4cc1ca6-001,truncated,real_truncated,,false,real fixture is not from the frozen AIME 2026 dataset,not_applicable,real fixture is not from the frozen AIME 2026 dataset,,,,,,,,captured_ephemeral
inspect_evals,aime_last_line_numeric,b31daf3f6f74ce48cb905d185a4c2afc524205b2,real-truncated-525ccd1eb6fbf139-001,truncated,real_truncated,,false,real fixture is not from the frozen AIME 2026 dataset,not_applicable,real fixture is not from the frozen AIME 2026 dataset,,,,,,,,captured_ephemeral
inspect_evals,aime_last_line_numeric,b31daf3f6f74ce48cb905d185a4c2afc524205b2,real-truncated-e1572c89e32df953-001,truncated,real_truncated,,false,real fixture is not from the frozen AIME 2026 dataset,not_applicable,real fixture is not from the frozen AIME 2026 dataset,,,,,,,,captured_ephemeral
inspect_evals,aime_last_line_numeric,b31daf3f6f74ce48cb905d185a4c2afc524205b2,real-truncated-247556f85b1c55a4-001,truncated,real_truncated,,false,real fixture is not from the frozen AIME 2026 dataset,not_applicable,real fixture is not from the frozen AIME 2026 dataset,,,,,,,,captured_ephemeral
inspect_evals,aime_last_line_numeric,b31daf3f6f74ce48cb905d185a4c2afc524205b2,real-truncated-75443d7e611f2187-001,truncated,real_truncated,,false,real fixture is not from the frozen AIME 2026 dataset,not_applicable,real fixture is not from the frozen AIME 2026 dataset,,,,,,,,captured_ephemeral
inspect_evals,aime_last_line_numeric,b31daf3f6f74ce48cb905d185a4c2afc524205b2,real-truncated-35be201956f48fd0-001,truncated,real_truncated,,false,real fixture is not from the frozen AIME 2026 dataset,not_applicable,real fixture is not from the frozen AIME 2026 dataset,,,,,,,,captured_ephemeral
inspect_evals,aime_last_line_numeric,b31daf3f6f74ce48cb905d185a4c2afc524205b2,real-truncated-9bb1434201a768b2-001,truncated,real_truncated,,false,real fixture is not from the frozen AIME 2026 dataset,not_applicable,real fixture is not from the frozen AIME 2026 dataset,,,,,,,,captured_ephemeral
inspect_evals,aime_last_line_numeric,b31daf3f6f74ce48cb905d185a4c2afc524205b2,real-truncated-95b8c4379b5dc2e4-001,truncated,real_truncated,,false,real fixture is not from the frozen AIME 2026 dataset,not_applicable,real fixture is not from the frozen AIME 2026 dataset,,,,,,,,captured_ephemeral
inspect_evals,aime_last_line_numeric,b31daf3f6f74ce48cb905d185a4c2afc524205b2,real-truncated-770210b9f8b54309-001,truncated,real_truncated,,false,real fixture is not from the frozen AIME 2026 dataset,not_applicable,real fixture is not from the frozen AIME 2026 dataset,,,,,,,,captured_ephemeral
inspect_evals,aime_last_line_numeric,b31daf3f6f74ce48cb905d185a4c2afc524205b2,real-truncated-89322f67b05ffd2c-001,truncated,real_truncated,,false,real fixture is not from the frozen AIME 2026 dataset,not_applicable,real fixture is not from the frozen AIME 2026 dataset,,,,,,,,captured_ephemeral
inspect_evals,aime_last_line_numeric,b31daf3f6f74ce48cb905d185a4c2afc524205b2,real-truncated-1f7af8c0564d30c0-001,truncated,real_truncated,,false,real fixture is not from the frozen AIME 2026 dataset,not_applicable,real fixture is not from the frozen AIME 2026 dataset,,,,,,,,captured_ephemeral
inspect_evals,aime_last_line_numeric,b31daf3f6f74ce48cb905d185a4c2afc524205b2,real-truncated-0f4e8f3e7a20e1ab-001,truncated,real_truncated,,false,real fixture is not from the frozen AIME 2026 dataset,not_applicable,real fixture is not from the frozen AIME 2026 dataset,,,,,,,,captured_ephemeral
inspect_evals,aime_last_line_numeric,b31daf3f6f74ce48cb905d185a4c2afc524205b2,real-truncated-88da8be5be46715d-001,truncated,real_truncated,,false,real fixture is not from the frozen AIME 2026 dataset,not_applicable,real fixture is not from the frozen AIME 2026 dataset,,,,,,,,captured_ephemeral
inspect_evals,aime_last_line_numeric,b31daf3f6f74ce48cb905d185a4c2afc524205b2,real-truncated-6082a79b2216cc1e-001,truncated,real_truncated,,false,real fixture is not from the frozen AIME 2026 dataset,not_applicable,real fixture is not from the frozen AIME 2026 dataset,,,,,,,,captured_ephemeral
inspect_evals,aime_last_line_numeric,b31daf3f6f74ce48cb905d185a4c2afc524205b2,real-truncated-798d25ae0b5abad7-001,truncated,real_truncated,,false,real fixture is not from the frozen AIME 2026 dataset,not_applicable,real fixture is not from the frozen AIME 2026 dataset,,,,,,,,captured_ephemeral
inspect_evals,aime_last_line_numeric,b31daf3f6f74ce48cb905d185a4c2afc524205b2,real-truncated-b92076fc9cd5e016-001,truncated,real_truncated,,false,real fixture is not from the frozen AIME 2026 dataset,not_applicable,real fixture is not from the frozen AIME 2026 dataset,,,,,,,,captured_ephemeral
inspect_evals,aime_last_line_numeric,b31daf3f6f74ce48cb905d185a4c2afc524205b2,real-truncated-aaa0d7f68b704bec-001,truncated,real_truncated,,false,real fixture is not from the frozen AIME 2026 dataset,not_applicable,real fixture is not from the frozen AIME 2026 dataset,,,,,,,,captured_ephemeral
inspect_evals,aime_last_line_numeric,b31daf3f6f74ce48cb905d185a4c2afc524205b2,real-truncated-55417c12215c3d52-001,truncated,real_truncated,,false,real fixture is not from the frozen AIME 2026 dataset,not_applicable,real fixture is not from the frozen AIME 2026 dataset,,,,,,,,captured_ephemeral
inspect_evals,aime_last_line_numeric,b31daf3f6f74ce48cb905d185a4c2afc524205b2,real-truncated-7119848ec423bf7a-001,truncated,real_truncated,,false,real fixture is not from the frozen AIME 2026 dataset,not_applicable,real fixture is not from the frozen AIME 2026 dataset,,,,,,,,captured_ephemeral
inspect_evals,aime_last_line_numeric,b31daf3f6f74ce48cb905d185a4c2afc524205b2,real-truncated-99187b20ecf0bdb9-001,truncated,real_truncated,,false,real fixture is not from the frozen AIME 2026 dataset,not_applicable,real fixture is not from the frozen AIME 2026 dataset,,,,,,,,captured_ephemeral
inspect_evals,aime_last_line_numeric,b31daf3f6f74ce48cb905d185a4c2afc524205b2,real-truncated-7734823d0e946fc4-001,truncated,real_truncated,,false,real fixture is not from the frozen AIME 2026 dataset,not_applicable,real fixture is not from the frozen AIME 2026 dataset,,,,,,,,captured_ephemeral
inspect_evals,aime_last_line_numeric,b31daf3f6f74ce48cb905d185a4c2afc524205b2,real-truncated-a1cc1d1204da2de1-001,truncated,real_truncated,,false,real fixture is not from the frozen AIME 2026 dataset,not_applicable,real fixture is not from the frozen AIME 2026 dataset,,,,,,,,captured_ephemeral
inspect_evals,aime_last_line_numeric,b31daf3f6f74ce48cb905d185a4c2afc524205b2,real-truncated-8ccb63cb04064591-001,truncated,real_truncated,,false,real fixture is not from the frozen AIME 2026 dataset,not_applicable,real fixture is not from the frozen AIME 2026 dataset,,,,,,,,captured_ephemeral
inspect_evals,aime_last_line_numeric,b31daf3f6f74ce48cb905d185a4c2afc524205b2,real-truncated-ef7b1a56c6749a3f-001,truncated,real_truncated,,false,real fixture is not from the frozen AIME 2026 dataset,not_applicable,real fixture is not from the frozen AIME 2026 dataset,,,,,,,,captured_ephemeral
inspect_evals,aime_last_line_numeric,b31daf3f6f74ce48cb905d185a4c2afc524205b2,real-truncated-4d3201f20fa1bbd7-001,truncated,real_truncated,,false,real fixture is not from the frozen AIME 2026 dataset,not_applicable,real fixture is not from the frozen AIME 2026 dataset,,,,,,,,captured_ephemeral
inspect_evals,aime_last_line_numeric,b31daf3f6f74ce48cb905d185a4c2afc524205b2,real-truncated-268a568ac4786f87-001,truncated,real_truncated,,false,real fixture is not from the frozen AIME 2026 dataset,not_applicable,real fixture is not from the frozen AIME 2026 dataset,,,,,,,,captured_ephemeral
inspect_evals,aime_last_line_numeric,b31daf3f6f74ce48cb905d185a4c2afc524205b2,real-truncated-fe7eed6c63be702d-001,truncated,real_truncated,,false,real fixture is not from the frozen AIME 2026 dataset,not_applicable,real fixture is not from the frozen AIME 2026 dataset,,,,,,,,captured_ephemeral
inspect_evals,aime_last_line_numeric,b31daf3f6f74ce48cb905d185a4c2afc524205b2,real-truncated-e730046d14071b1b-001,truncated,real_truncated,,false,real fixture is not from the frozen AIME 2026 dataset,not_applicable,real fixture is not from the frozen AIME 2026 dataset,,,,,,,,captured_ephemeral
inspect_evals,aime_last_line_numeric,b31daf3f6f74ce48cb905d185a4c2afc524205b2,real-truncated-22d120ff2613fb3c-001,truncated,real_truncated,,false,real fixture is not from the frozen AIME 2026 dataset,not_applicable,real fixture is not from the frozen AIME 2026 dataset,,,,,,,,captured_ephemeral
inspect_evals,aime_last_line_numeric,b31daf3f6f74ce48cb905d185a4c2afc524205b2,real-truncated-44a1889a65c89a98-001,truncated,real_truncated,,false,real fixture is not from the frozen AIME 2026 dataset,not_applicable,real fixture is not from the frozen AIME 2026 dataset,,,,,,,,captured_ephemeral
inspect_evals,aime_last_line_numeric,b31daf3f6f74ce48cb905d185a4c2afc524205b2,real-truncated-3044f9e5b658cf47-001,truncated,real_truncated,,false,real fixture is not from the frozen AIME 2026 dataset,not_applicable,real fixture is not from the frozen AIME 2026 dataset,,,,,,,,captured_ephemeral
inspect_evals,aime_last_line_numeric,b31daf3f6f74ce48cb905d185a4c2afc524205b2,real-truncated-9dba0a611623ccce-001,truncated,real_truncated,,false,real fixture is not from the frozen AIME 2026 dataset,not_applicable,real fixture is not from the frozen AIME 2026 dataset,,,,,,,,captured_ephemeral
inspect_evals,aime_last_line_numeric,b31daf3f6f74ce48cb905d185a4c2afc524205b2,real-truncated-56ad692d3950a6ae-001,truncated,real_truncated,,false,real fixture is not from the frozen AIME 2026 dataset,not_applicable,real fixture is not from the frozen AIME 2026 dataset,,,,,,,,captured_ephemeral
inspect_evals,aime_last_line_numeric,b31daf3f6f74ce48cb905d185a4c2afc524205b2,real-truncated-6279f7b6b01ea2e2-001,truncated,real_truncated,,false,real fixture is not from the frozen AIME 2026 dataset,not_applicable,real fixture is not from the frozen AIME 2026 dataset,,,,,,,,captured_ephemeral
inspect_evals,aime_last_line_numeric,b31daf3f6f74ce48cb905d185a4c2afc524205b2,real-truncated-210fbcf5ff0f49e9-001,truncated,real_truncated,,false,real fixture is not from the frozen AIME 2026 dataset,not_applicable,real fixture is not from the frozen AIME 2026 dataset,,,,,,,,captured_ephemeral
inspect_evals,aime_last_line_numeric,b31daf3f6f74ce48cb905d185a4c2afc524205b2,real-truncated-8b88e292ba1b4c5c-001,truncated,real_truncated,,false,real fixture is not from the frozen AIME 2026 dataset,not_applicable,real fixture is not from the frozen AIME 2026 dataset,,,,,,,,captured_ephemeral
inspect_evals,aime_last_line_numeric,b31daf3f6f74ce48cb905d185a4c2afc524205b2,real-truncated-bc0e37aef7f95216-001,truncated,real_truncated,,false,real fixture is not from the frozen AIME 2026 dataset,not_applicable,real fixture is not from the frozen AIME 2026 dataset,,,,,,,,captured_ephemeral
inspect_evals,aime_last_line_numeric,b31daf3f6f74ce48cb905d185a4c2afc524205b2,real-truncated-af0577d51fd778a1-001,truncated,real_truncated,,false,real fixture is not from the frozen AIME 2026 dataset,not_applicable,real fixture is not from the frozen AIME 2026 dataset,,,,,,,,captured_ephemeral
inspect_evals,aime_last_line_numeric,b31daf3f6f74ce48cb905d185a4c2afc524205b2,real-truncated-8ee42cd3eba12ec6-001,truncated,real_truncated,,false,real fixture is not from the frozen AIME 2026 dataset,not_applicable,real fixture is not from the frozen AIME 2026 dataset,,,,,,,,captured_ephemeral
inspect_evals,aime_last_line_numeric,b31daf3f6f74ce48cb905d185a4c2afc524205b2,real-truncated-11779f2fc604d057-001,truncated,real_truncated,,false,real fixture is not from the frozen AIME 2026 dataset,not_applicable,real fixture is not from the frozen AIME 2026 dataset,,,,,,,,captured_ephemeral
inspect_evals,aime_last_line_numeric,b31daf3f6f74ce48cb905d185a4c2afc524205b2,real-truncated-eface0049132e97d-001,truncated,real_truncated,,false,real fixture is not from the frozen AIME 2026 dataset,not_applicable,real fixture is not from the frozen AIME 2026 dataset,,,,,,,,captured_ephemeral
inspect_evals,aime_last_line_numeric,b31daf3f6f74ce48cb905d185a4c2afc524205b2,real-truncated-5713bc6fb1dfa8d0-001,truncated,real_truncated,,false,real fixture is not from the frozen AIME 2026 dataset,not_applicable,real fixture is not from the frozen AIME 2026 dataset,,,,,,,,captured_ephemeral
inspect_evals,aime_last_line_numeric,b31daf3f6f74ce48cb905d185a4c2afc524205b2,real-truncated-505bc873a129bcd1-001,truncated,real_truncated,,false,real fixture is not from the frozen AIME 2026 dataset,not_applicable,real fixture is not from the frozen AIME 2026 dataset,,,,,,,,captured_ephemeral
inspect_evals,aime_last_line_numeric,b31daf3f6f74ce48cb905d185a4c2afc524205b2,real-truncated-6853bba8299795d5-001,truncated,real_truncated,,false,real fixture is not from the frozen AIME 2026 dataset,not_applicable,real fixture is not from the frozen AIME 2026 dataset,,,,,,,,captured_ephemeral
inspect_evals,aime_last_line_numeric,b31daf3f6f74ce48cb905d185a4c2afc524205b2,real-truncated-20f1e0708a19abc4-001,truncated,real_truncated,,false,real fixture is not from the frozen AIME 2026 dataset,not_applicable,real fixture is not from the frozen AIME 2026 dataset,,,,,,,,captured_ephemeral
inspect_evals,aime_last_line_numeric,b31daf3f6f74ce48cb905d185a4c2afc524205b2,real-truncated-6e4eb7af77ed2ff8-001,truncated,real_truncated,,false,real fixture is not from the frozen AIME 2026 dataset,not_applicable,real fixture is not from the frozen AIME 2026 dataset,,,,,,,,captured_ephemeral
inspect_evals,aime_last_line_numeric,b31daf3f6f74ce48cb905d185a4c2afc524205b2,real-truncated-8ea28fa7707b3025-001,truncated,real_truncated,,false,real fixture is not from the frozen AIME 2026 dataset,not_applicable,real fixture is not from the frozen AIME 2026 dataset,,,,,,,,captured_ephemeral
inspect_evals,aime_last_line_numeric,b31daf3f6f74ce48cb905d185a4c2afc524205b2,real-truncated-d8eeb7b64dd7015a-001,truncated,real_truncated,,false,real fixture is not from the frozen AIME 2026 dataset,not_applicable,real fixture is not from the frozen AIME 2026 dataset,,,,,,,,captured_ephemeral
inspect_evals,aime_last_line_numeric,b31daf3f6f74ce48cb905d185a4c2afc524205b2,real-truncated-fb10e3776314a519-001,truncated,real_truncated,,false,real fixture is not from the frozen AIME 2026 dataset,not_applicable,real fixture is not from the frozen AIME 2026 dataset,,,,,,,,captured_ephemeral
inspect_evals,aime_last_line_numeric,b31daf3f6f74ce48cb905d185a4c2afc524205b2,real-truncated-ccd8a323f6c2b744-001,truncated,real_truncated,,false,real fixture is not from the frozen AIME 2026 dataset,not_applicable,real fixture is not from the frozen AIME 2026 dataset,,,,,,,,captured_ephemeral
inspect_evals,aime_last_line_numeric,b31daf3f6f74ce48cb905d185a4c2afc524205b2,real-truncated-1828f5a31563f6e3-001,truncated,real_truncated,,false,real fixture is not from the frozen AIME 2026 dataset,not_applicable,real fixture is not from the frozen AIME 2026 dataset,,,,,,,,captured_ephemeral
inspect_evals,aime_last_line_numeric,b31daf3f6f74ce48cb905d185a4c2afc524205b2,real-truncated-a5460d50cb8daafc-001,truncated,real_truncated,,false,real fixture is not from the frozen AIME 2026 dataset,not_applicable,real fixture is not from the frozen AIME 2026 dataset,,,,,,,,captured_ephemeral
inspect_evals,aime_last_line_numeric,b31daf3f6f74ce48cb905d185a4c2afc524205b2,real-truncated-e7536ddc4697865a-001,truncated,real_truncated,,false,real fixture is not from the frozen AIME 2026 dataset,not_applicable,real fixture is not from the frozen AIME 2026 dataset,,,,,,,,captured_ephemeral
inspect_evals,aime_last_line_numeric,b31daf3f6f74ce48cb905d185a4c2afc524205b2,real-truncated-3b6b5e2e07c8adab-001,truncated,real_truncated,,false,real fixture is not from the frozen AIME 2026 dataset,not_applicable,real fixture is not from the frozen AIME 2026 dataset,,,,,,,,captured_ephemeral
inspect_evals,aime_last_line_numeric,b31daf3f6f74ce48cb905d185a4c2afc524205b2,real-truncated-45fd9dd0b16def99-001,truncated,real_truncated,,false,real fixture is not from the frozen AIME 2026 dataset,not_applicable,real fixture is not from the frozen AIME 2026 dataset,,,,,,,,captured_ephemeral
inspect_evals,aime_last_line_numeric,b31daf3f6f74ce48cb905d185a4c2afc524205b2,real-truncated-390931de8b8a68ae-001,truncated,real_truncated,,false,real fixture is not from the frozen AIME 2026 dataset,not_applicable,real fixture is not from the frozen AIME 2026 dataset,,,,,,,,captured_ephemeral
inspect_evals,aime_last_line_numeric,b31daf3f6f74ce48cb905d185a4c2afc524205b2,real-truncated-23c7087e22382c85-001,truncated,real_truncated,,false,real fixture is not from the frozen AIME 2026 dataset,not_applicable,real fixture is not from the frozen AIME 2026 dataset,,,,,,,,captured_ephemeral
inspect_evals,aime_last_line_numeric,b31daf3f6f74ce48cb905d185a4c2afc524205b2,real-truncated-740acaaa5658c524-001,truncated,real_truncated,,false,real fixture is not from the frozen AIME 2026 dataset,not_applicable,real fixture is not from the frozen AIME 2026 dataset,,,,,,,,captured_ephemeral
inspect_evals,aime_last_line_numeric,b31daf3f6f74ce48cb905d185a4c2afc524205b2,real-truncated-e6a7555e64fb1fc8-001,truncated,real_truncated,,false,real fixture is not from the frozen AIME 2026 dataset,not_applicable,real fixture is not from the frozen AIME 2026 dataset,,,,,,,,captured_ephemeral
inspect_evals,aime_last_line_numeric,b31daf3f6f74ce48cb905d185a4c2afc524205b2,real-truncated-d4aec9cd22f44d16-001,truncated,real_truncated,,false,real fixture is not from the frozen AIME 2026 dataset,not_applicable,real fixture is not from the frozen AIME 2026 dataset,,,,,,,,captured_ephemeral
inspect_evals,aime_last_line_numeric,b31daf3f6f74ce48cb905d185a4c2afc524205b2,real-truncated-4ea3c98b3c90e29e-001,truncated,real_truncated,,false,real fixture is not from the frozen AIME 2026 dataset,not_applicable,real fixture is not from the frozen AIME 2026 dataset,,,,,,,,captured_ephemeral
inspect_evals,aime_last_line_numeric,b31daf3f6f74ce48cb905d185a4c2afc524205b2,real-truncated-f9eaa5fd29415a58-001,truncated,real_truncated,,false,real fixture is not from the frozen AIME 2026 dataset,not_applicable,real fixture is not from the frozen AIME 2026 dataset,,,,,,,,captured_ephemeral
inspect_evals,aime_last_line_numeric,b31daf3f6f74ce48cb905d185a4c2afc524205b2,real-truncated-85c7b95581c097ef-001,truncated,real_truncated,,false,real fixture is not from the frozen AIME 2026 dataset,not_applicable,real fixture is not from the frozen AIME 2026 dataset,,,,,,,,captured_ephemeral
inspect_evals,aime_last_line_numeric,b31daf3f6f74ce48cb905d185a4c2afc524205b2,real-truncated-aa1b94cca1993363-001,truncated,real_truncated,,false,real fixture is not from the frozen AIME 2026 dataset,not_applicable,real fixture is not from the frozen AIME 2026 dataset,,,,,,,,captured_ephemeral
inspect_evals,aime_last_line_numeric,b31daf3f6f74ce48cb905d185a4c2afc524205b2,real-truncated-6ee8443d1d436cf6-001,truncated,real_truncated,,false,real fixture is not from the frozen AIME 2026 dataset,not_applicable,real fixture is not from the frozen AIME 2026 dataset,,,,,,,,captured_ephemeral
inspect_evals,aime_last_line_numeric,b31daf3f6f74ce48cb905d185a4c2afc524205b2,real-truncated-6ee8443d1d436cf6-002,truncated,real_truncated,,false,real fixture is not from the frozen AIME 2026 dataset,not_applicable,real fixture is not from the frozen AIME 2026 dataset,,,,,,,,captured_ephemeral
inspect_evals,aime_last_line_numeric,b31daf3f6f74ce48cb905d185a4c2afc524205b2,real-truncated-6ee8443d1d436cf6-003,truncated,real_truncated,,false,real fixture is not from the frozen AIME 2026 dataset,not_applicable,real fixture is not from the frozen AIME 2026 dataset,,,,,,,,captured_ephemeral
inspect_evals,aime_last_line_numeric,b31daf3f6f74ce48cb905d185a4c2afc524205b2,real-truncated-5281b3506686a184-001,truncated,real_truncated,,false,real fixture is not from the frozen AIME 2026 dataset,not_applicable,real fixture is not from the frozen AIME 2026 dataset,,,,,,,,captured_ephemeral
inspect_evals,aime_last_line_numeric,b31daf3f6f74ce48cb905d185a4c2afc524205b2,real-truncated-5281b3506686a184-002,truncated,real_truncated,,false,real fixture is not from the frozen AIME 2026 dataset,not_applicable,real fixture is not from the frozen AIME 2026 dataset,,,,,,,,captured_ephemeral
inspect_evals,aime_last_line_numeric,b31daf3f6f74ce48cb905d185a4c2afc524205b2,real-truncated-5281b3506686a184-003,truncated,real_truncated,,false,real fixture is not from the frozen AIME 2026 dataset,not_applicable,real fixture is not from the frozen AIME 2026 dataset,,,,,,,,captured_ephemeral
inspect_evals,aime_last_line_numeric,b31daf3f6f74ce48cb905d185a4c2afc524205b2,real-truncated-abb81d1b8c4db67a-001,truncated,real_truncated,,false,real fixture is not from the frozen AIME 2026 dataset,not_applicable,real fixture is not from the frozen AIME 2026 dataset,,,,,,,,captured_ephemeral
inspect_evals,aime_last_line_numeric,b31daf3f6f74ce48cb905d185a4c2afc524205b2,real-truncated-a79daf5eab47793c-001,truncated,real_truncated,,false,real fixture is not from the frozen AIME 2026 dataset,not_applicable,real fixture is not from the frozen AIME 2026 dataset,,,,,,,,captured_ephemeral
inspect_evals,aime_last_line_numeric,b31daf3f6f74ce48cb905d185a4c2afc524205b2,real-truncated-16277ed40a76d930-001,truncated,real_truncated,,false,real fixture is not from the frozen AIME 2026 dataset,not_applicable,real fixture is not from the frozen AIME 2026 dataset,,,,,,,,captured_ephemeral
inspect_evals,aime_last_line_numeric,b31daf3f6f74ce48cb905d185a4c2afc524205b2,real-truncated-e4e046aee036728b-001,truncated,real_truncated,,false,real fixture is not from the frozen AIME 2026 dataset,not_applicable,real fixture is not from the frozen AIME 2026 dataset,,,,,,,,captured_ephemeral
inspect_evals,aime_last_line_numeric,b31daf3f6f74ce48cb905d185a4c2afc524205b2,real-truncated-6dd1f374f6ed08df-001,truncated,real_truncated,,false,real fixture is not from the frozen AIME 2026 dataset,not_applicable,real fixture is not from the frozen AIME 2026 dataset,,,,,,,,captured_ephemeral
inspect_evals,aime_last_line_numeric,b31daf3f6f74ce48cb905d185a4c2afc524205b2,real-truncated-0d2658ccd619147a-001,truncated,real_truncated,,false,real fixture is not from the frozen AIME 2026 dataset,not_applicable,real fixture is not from the frozen AIME 2026 dataset,,,,,,,,captured_ephemeral
inspect_evals,aime_last_line_numeric,b31daf3f6f74ce48cb905d185a4c2afc524205b2,real-truncated-74696bb1b2b136e8-001,truncated,real_truncated,,false,real fixture is not from the frozen AIME 2026 dataset,not_applicable,real fixture is not from the frozen AIME 2026 dataset,,,,,,,,captured_ephemeral
inspect_evals,aime_last_line_numeric,b31daf3f6f74ce48cb905d185a4c2afc524205b2,real-truncated-fdfa2be691dea487-001,truncated,real_truncated,,false,real fixture is not from the frozen AIME 2026 dataset,not_applicable,real fixture is not from the frozen AIME 2026 dataset,,,,,,,,captured_ephemeral
inspect_evals,aime_last_line_numeric,b31daf3f6f74ce48cb905d185a4c2afc524205b2,real-truncated-075bf5961ff00993-001,truncated,real_truncated,,false,real fixture is not from the frozen AIME 2026 dataset,not_applicable,real fixture is not from the frozen AIME 2026 dataset,,,,,,,,captured_ephemeral
inspect_evals,aime_last_line_numeric,b31daf3f6f74ce48cb905d185a4c2afc524205b2,real-truncated-075bf5961ff00993-002,truncated,real_truncated,,false,real fixture is not from the frozen AIME 2026 dataset,not_applicable,real fixture is not from the frozen AIME 2026 dataset,,,,,,,,captured_ephemeral
inspect_evals,aime_last_line_numeric,b31daf3f6f74ce48cb905d185a4c2afc524205b2,real-truncated-17eebdd1a966e5f0-001,truncated,real_truncated,,false,real fixture is not from the frozen AIME 2026 dataset,not_applicable,real fixture is not from the frozen AIME 2026 dataset,,,,,,,,captured_ephemeral
inspect_evals,aime_last_line_numeric,b31daf3f6f74ce48cb905d185a4c2afc524205b2,real-truncated-a4bb63b5ba4a773e-001,truncated,real_truncated,,false,real fixture is not from the frozen AIME 2026 dataset,not_applicable,real fixture is not from the frozen AIME 2026 dataset,,,,,,,,captured_ephemeral
inspect_evals,aime_last_line_numeric,b31daf3f6f74ce48cb905d185a4c2afc524205b2,real-truncated-a4bb63b5ba4a773e-002,truncated,real_truncated,,false,real fixture is not from the frozen AIME 2026 dataset,not_applicable,real fixture is not from the frozen AIME 2026 dataset,,,,,,,,captured_ephemeral
inspect_evals,aime_last_line_numeric,b31daf3f6f74ce48cb905d185a4c2afc524205b2,real-truncated-a4bb63b5ba4a773e-003,truncated,real_truncated,,false,real fixture is not from the frozen AIME 2026 dataset,not_applicable,real fixture is not from the frozen AIME 2026 dataset,,,,,,,,captured_ephemeral
inspect_evals,aime_last_line_numeric,b31daf3f6f74ce48cb905d185a4c2afc524205b2,real-truncated-355520fb8f2104ec-001,truncated,real_truncated,,false,real fixture is not from the frozen AIME 2026 dataset,not_applicable,real fixture is not from the frozen AIME 2026 dataset,,,,,,,,captured_ephemeral
inspect_evals,aime_last_line_numeric,b31daf3f6f74ce48cb905d185a4c2afc524205b2,real-truncated-49565e194413328d-001,truncated,real_truncated,,false,real fixture is not from the frozen AIME 2026 dataset,not_applicable,real fixture is not from the frozen AIME 2026 dataset,,,,,,,,captured_ephemeral
inspect_evals,aime_last_line_numeric,b31daf3f6f74ce48cb905d185a4c2afc524205b2,real-truncated-85f19c1e57445cde-001,truncated,real_truncated,,false,real fixture is not from the frozen AIME 2026 dataset,not_applicable,real fixture is not from the frozen AIME 2026 dataset,,,,,,,,captured_ephemeral
inspect_evals,aime_last_line_numeric,b31daf3f6f74ce48cb905d185a4c2afc524205b2,real-truncated-bd836ccf84464689-001,truncated,real_truncated,,false,real fixture is not from the frozen AIME 2026 dataset,not_applicable,real fixture is not from the frozen AIME 2026 dataset,,,,,,,,captured_ephemeral
inspect_evals,aime_last_line_numeric,b31daf3f6f74ce48cb905d185a4c2afc524205b2,real-truncated-b881db2f3106d76e-001,truncated,real_truncated,,false,real fixture is not from the frozen AIME 2026 dataset,not_applicable,real fixture is not from the frozen AIME 2026 dataset,,,,,,,,captured_ephemeral
inspect_evals,aime_last_line_numeric,b31daf3f6f74ce48cb905d185a4c2afc524205b2,real-truncated-58796eda234de823-001,truncated,real_truncated,,false,real fixture is not from the frozen AIME 2026 dataset,not_applicable,real fixture is not from the frozen AIME 2026 dataset,,,,,,,,captured_ephemeral
inspect_evals,aime_last_line_numeric,b31daf3f6f74ce48cb905d185a4c2afc524205b2,real-truncated-d876807b9ced546e-001,truncated,real_truncated,,false,real fixture is not from the frozen AIME 2026 dataset,not_applicable,real fixture is not from the frozen AIME 2026 dataset,,,,,,,,captured_ephemeral
inspect_evals,aime_last_line_numeric,b31daf3f6f74ce48cb905d185a4c2afc524205b2,synthetic-1729-mid_box-001,truncated,synthetic_truncated,mid_box,true,,ok,,,false,,,,,false,captured_ephemeral
inspect_evals,aime_last_line_numeric,b31daf3f6f74ce48cb905d185a4c2afc524205b2,synthetic-1729-mid_box-002,truncated,synthetic_truncated,mid_box,true,,ok,,,false,,,,,false,captured_ephemeral
inspect_evals,aime_last_line_numeric,b31daf3f6f74ce48cb905d185a4c2afc524205b2,synthetic-1729-mid_box-003,truncated,synthetic_truncated,mid_box,true,,ok,,,false,,,,,false,captured_ephemeral
inspect_evals,aime_last_line_numeric,b31daf3f6f74ce48cb905d185a4c2afc524205b2,synthetic-1729-mid_box-004,truncated,synthetic_truncated,mid_box,true,,ok,,,false,,,,,false,captured_ephemeral
inspect_evals,aime_last_line_numeric,b31daf3f6f74ce48cb905d185a4c2afc524205b2,synthetic-1729-mid_box-005,truncated,synthetic_truncated,mid_box,true,,ok,,,false,,,,,false,captured_ephemeral
inspect_evals,aime_last_line_numeric,b31daf3f6f74ce48cb905d185a4c2afc524205b2,synthetic-1729-mid_box-006,truncated,synthetic_truncated,mid_box,true,,ok,,,false,,,,,false,captured_ephemeral
inspect_evals,aime_last_line_numeric,b31daf3f6f74ce48cb905d185a4c2afc524205b2,synthetic-1729-mid_box-007,truncated,synthetic_truncated,mid_box,true,,ok,,,false,,,,,false,captured_ephemeral
inspect_evals,aime_last_line_numeric,b31daf3f6f74ce48cb905d185a4c2afc524205b2,synthetic-1729-mid_box-008,truncated,synthetic_truncated,mid_box,true,,ok,,,false,,,,,false,captured_ephemeral
inspect_evals,aime_last_line_numeric,b31daf3f6f74ce48cb905d185a4c2afc524205b2,synthetic-1729-mid_box-009,truncated,synthetic_truncated,mid_box,true,,ok,,,false,,,,,false,captured_ephemeral
inspect_evals,aime_last_line_numeric,b31daf3f6f74ce48cb905d185a4c2afc524205b2,synthetic-1729-mid_box-010,truncated,synthetic_truncated,mid_box,true,,ok,,,false,,,,,false,captured_ephemeral
inspect_evals,aime_last_line_numeric,b31daf3f6f74ce48cb905d185a4c2afc524205b2,synthetic-1729-mid_box-011,truncated,synthetic_truncated,mid_box,true,,ok,,,false,,,,,false,captured_ephemeral
inspect_evals,aime_last_line_numeric,b31daf3f6f74ce48cb905d185a4c2afc524205b2,synthetic-1729-mid_box-012,truncated,synthetic_truncated,mid_box,true,,ok,,,false,,,,,false,captured_ephemeral
inspect_evals,aime_last_line_numeric,b31daf3f6f74ce48cb905d185a4c2afc524205b2,synthetic-1729-mid_box-013,truncated,synthetic_truncated,mid_box,true,,ok,,,false,,,,,false,captured_ephemeral
inspect_evals,aime_last_line_numeric,b31daf3f6f74ce48cb905d185a4c2afc524205b2,synthetic-1729-mid_box-014,truncated,synthetic_truncated,mid_box,true,,ok,,,false,,,,,false,captured_ephemeral
inspect_evals,aime_last_line_numeric,b31daf3f6f74ce48cb905d185a4c2afc524205b2,synthetic-1729-mid_box-015,truncated,synthetic_truncated,mid_box,true,,ok,,,false,,,,,false,captured_ephemeral
inspect_evals,aime_last_line_numeric,b31daf3f6f74ce48cb905d185a4c2afc524205b2,synthetic-1729-mid_box-016,truncated,synthetic_truncated,mid_box,true,,ok,,,false,,,,,false,captured_ephemeral
inspect_evals,aime_last_line_numeric,b31daf3f6f74ce48cb905d185a4c2afc524205b2,synthetic-1729-mid_box-017,truncated,synthetic_truncated,mid_box,true,,ok,,,false,,,,,false,captured_ephemeral
inspect_evals,aime_last_line_numeric,b31daf3f6f74ce48cb905d185a4c2afc524205b2,synthetic-1729-mid_box-018,truncated,synthetic_truncated,mid_box,true,,ok,,,false,,,,,false,captured_ephemeral
inspect_evals,aime_last_line_numeric,b31daf3f6f74ce48cb905d185a4c2afc524205b2,synthetic-1729-mid_box-019,truncated,synthetic_truncated,mid_box,true,,ok,,,false,,,,,false,captured_ephemeral
inspect_evals,aime_last_line_numeric,b31daf3f6f74ce48cb905d185a4c2afc524205b2,synthetic-1729-mid_box-020,truncated,synthetic_truncated,mid_box,true,,ok,,,false,,,,,false,captured_ephemeral
inspect_evals,aime_last_line_numeric,b31daf3f6f74ce48cb905d185a4c2afc524205b2,synthetic-1729-mid_multiple_choice_enumeration-001,truncated,synthetic_truncated,mid_multiple_choice_enumeration,true,,ok,,,false,,,,,false,captured_ephemeral
inspect_evals,aime_last_line_numeric,b31daf3f6f74ce48cb905d185a4c2afc524205b2,synthetic-1729-mid_multiple_choice_enumeration-002,truncated,synthetic_truncated,mid_multiple_choice_enumeration,true,,ok,,,false,,,,,false,captured_ephemeral
inspect_evals,aime_last_line_numeric,b31daf3f6f74ce48cb905d185a4c2afc524205b2,synthetic-1729-mid_multiple_choice_enumeration-003,truncated,synthetic_truncated,mid_multiple_choice_enumeration,true,,ok,,,false,,,,,false,captured_ephemeral
inspect_evals,aime_last_line_numeric,b31daf3f6f74ce48cb905d185a4c2afc524205b2,synthetic-1729-mid_multiple_choice_enumeration-004,truncated,synthetic_truncated,mid_multiple_choice_enumeration,true,,ok,,,false,,,,,false,captured_ephemeral
inspect_evals,aime_last_line_numeric,b31daf3f6f74ce48cb905d185a4c2afc524205b2,synthetic-1729-mid_multiple_choice_enumeration-005,truncated,synthetic_truncated,mid_multiple_choice_enumeration,true,,ok,,,false,,,,,false,captured_ephemeral
inspect_evals,aime_last_line_numeric,b31daf3f6f74ce48cb905d185a4c2afc524205b2,synthetic-1729-mid_multiple_choice_enumeration-006,truncated,synthetic_truncated,mid_multiple_choice_enumeration,true,,ok,,,false,,,,,false,captured_ephemeral
inspect_evals,aime_last_line_numeric,b31daf3f6f74ce48cb905d185a4c2afc524205b2,synthetic-1729-mid_multiple_choice_enumeration-007,truncated,synthetic_truncated,mid_multiple_choice_enumeration,true,,ok,,,false,,,,,false,captured_ephemeral
inspect_evals,aime_last_line_numeric,b31daf3f6f74ce48cb905d185a4c2afc524205b2,synthetic-1729-mid_multiple_choice_enumeration-008,truncated,synthetic_truncated,mid_multiple_choice_enumeration,true,,ok,,,false,,,,,false,captured_ephemeral
inspect_evals,aime_last_line_numeric,b31daf3f6f74ce48cb905d185a4c2afc524205b2,synthetic-1729-mid_multiple_choice_enumeration-009,truncated,synthetic_truncated,mid_multiple_choice_enumeration,true,,ok,,,false,,,,,false,captured_ephemeral
inspect_evals,aime_last_line_numeric,b31daf3f6f74ce48cb905d185a4c2afc524205b2,synthetic-1729-mid_multiple_choice_enumeration-010,truncated,synthetic_truncated,mid_multiple_choice_enumeration,true,,ok,,,false,,,,,false,captured_ephemeral
inspect_evals,aime_last_line_numeric,b31daf3f6f74ce48cb905d185a4c2afc524205b2,synthetic-1729-mid_multiple_choice_enumeration-011,truncated,synthetic_truncated,mid_multiple_choice_enumeration,true,,ok,,,false,,,,,false,captured_ephemeral
inspect_evals,aime_last_line_numeric,b31daf3f6f74ce48cb905d185a4c2afc524205b2,synthetic-1729-mid_multiple_choice_enumeration-012,truncated,synthetic_truncated,mid_multiple_choice_enumeration,true,,ok,,,false,,,,,false,captured_ephemeral
inspect_evals,aime_last_line_numeric,b31daf3f6f74ce48cb905d185a4c2afc524205b2,synthetic-1729-mid_multiple_choice_enumeration-013,truncated,synthetic_truncated,mid_multiple_choice_enumeration,true,,ok,,,false,,,,,false,captured_ephemeral
inspect_evals,aime_last_line_numeric,b31daf3f6f74ce48cb905d185a4c2afc524205b2,synthetic-1729-mid_multiple_choice_enumeration-014,truncated,synthetic_truncated,mid_multiple_choice_enumeration,true,,ok,,,false,,,,,false,captured_ephemeral
inspect_evals,aime_last_line_numeric,b31daf3f6f74ce48cb905d185a4c2afc524205b2,synthetic-1729-mid_multiple_choice_enumeration-015,truncated,synthetic_truncated,mid_multiple_choice_enumeration,true,,ok,,,false,,,,,false,captured_ephemeral
inspect_evals,aime_last_line_numeric,b31daf3f6f74ce48cb905d185a4c2afc524205b2,synthetic-1729-mid_multiple_choice_enumeration-016,truncated,synthetic_truncated,mid_multiple_choice_enumeration,true,,ok,,,false,,,,,false,captured_ephemeral
inspect_evals,aime_last_line_numeric,b31daf3f6f74ce48cb905d185a4c2afc524205b2,synthetic-1729-mid_multiple_choice_enumeration-017,truncated,synthetic_truncated,mid_multiple_choice_enumeration,true,,ok,,,false,,,,,false,captured_ephemeral
inspect_evals,aime_last_line_numeric,b31daf3f6f74ce48cb905d185a4c2afc524205b2,synthetic-1729-mid_multiple_choice_enumeration-018,truncated,synthetic_truncated,mid_multiple_choice_enumeration,true,,ok,,,false,,,,,false,captured_ephemeral
inspect_evals,aime_last_line_numeric,b31daf3f6f74ce48cb905d185a4c2afc524205b2,synthetic-1729-mid_multiple_choice_enumeration-019,truncated,synthetic_truncated,mid_multiple_choice_enumeration,true,,ok,,,false,,,,,false,captured_ephemeral
inspect_evals,aime_last_line_numeric,b31daf3f6f74ce48cb905d185a4c2afc524205b2,synthetic-1729-mid_multiple_choice_enumeration-020,truncated,synthetic_truncated,mid_multiple_choice_enumeration,true,,ok,,,false,,,,,false,captured_ephemeral
inspect_evals,aime_last_line_numeric,b31daf3f6f74ce48cb905d185a4c2afc524205b2,synthetic-1729-post_final_answer-001,truncated,synthetic_truncated,post_final_answer,true,,ok,,706,true,,,,,true,captured_ephemeral
inspect_evals,aime_last_line_numeric,b31daf3f6f74ce48cb905d185a4c2afc524205b2,synthetic-1729-post_final_answer-002,truncated,synthetic_truncated,post_final_answer,true,,ok,,750,true,,,,,true,captured_ephemeral
inspect_evals,aime_last_line_numeric,b31daf3f6f74ce48cb905d185a4c2afc524205b2,synthetic-1729-post_final_answer-003,truncated,synthetic_truncated,post_final_answer,true,,ok,,191,true,,,,,true,captured_ephemeral
inspect_evals,aime_last_line_numeric,b31daf3f6f74ce48cb905d185a4c2afc524205b2,synthetic-1729-post_final_answer-004,truncated,synthetic_truncated,post_final_answer,true,,ok,,744,true,,,,,true,captured_ephemeral
inspect_evals,aime_last_line_numeric,b31daf3f6f74ce48cb905d185a4c2afc524205b2,synthetic-1729-post_final_answer-005,truncated,synthetic_truncated,post_final_answer,true,,ok,,894,true,,,,,true,captured_ephemeral
inspect_evals,aime_last_line_numeric,b31daf3f6f74ce48cb905d185a4c2afc524205b2,synthetic-1729-post_final_answer-006,truncated,synthetic_truncated,post_final_answer,true,,ok,,813,true,,,,,true,captured_ephemeral
inspect_evals,aime_last_line_numeric,b31daf3f6f74ce48cb905d185a4c2afc524205b2,synthetic-1729-post_final_answer-007,truncated,synthetic_truncated,post_final_answer,true,,ok,,463,true,,,,,true,captured_ephemeral
inspect_evals,aime_last_line_numeric,b31daf3f6f74ce48cb905d185a4c2afc524205b2,synthetic-1729-post_final_answer-008,truncated,synthetic_truncated,post_final_answer,true,,ok,,398,true,,,,,true,captured_ephemeral
inspect_evals,aime_last_line_numeric,b31daf3f6f74ce48cb905d185a4c2afc524205b2,synthetic-1729-post_final_answer-009,truncated,synthetic_truncated,post_final_answer,true,,ok,,738,true,,,,,true,captured_ephemeral
inspect_evals,aime_last_line_numeric,b31daf3f6f74ce48cb905d185a4c2afc524205b2,synthetic-1729-post_final_answer-010,truncated,synthetic_truncated,post_final_answer,true,,ok,,864,true,,,,,true,captured_ephemeral
inspect_evals,aime_last_line_numeric,b31daf3f6f74ce48cb905d185a4c2afc524205b2,synthetic-1729-post_final_answer-011,truncated,synthetic_truncated,post_final_answer,true,,ok,,183,true,,,,,true,captured_ephemeral
inspect_evals,aime_last_line_numeric,b31daf3f6f74ce48cb905d185a4c2afc524205b2,synthetic-1729-post_final_answer-012,truncated,synthetic_truncated,post_final_answer,true,,ok,,56,true,,,,,true,captured_ephemeral
inspect_evals,aime_last_line_numeric,b31daf3f6f74ce48cb905d185a4c2afc524205b2,synthetic-1729-post_final_answer-013,truncated,synthetic_truncated,post_final_answer,true,,ok,,948,true,,,,,true,captured_ephemeral
inspect_evals,aime_last_line_numeric,b31daf3f6f74ce48cb905d185a4c2afc524205b2,synthetic-1729-post_final_answer-014,truncated,synthetic_truncated,post_final_answer,true,,ok,,376,true,,,,,true,captured_ephemeral
inspect_evals,aime_last_line_numeric,b31daf3f6f74ce48cb905d185a4c2afc524205b2,synthetic-1729-post_final_answer-015,truncated,synthetic_truncated,post_final_answer,true,,ok,,755,true,,,,,true,captured_ephemeral
inspect_evals,aime_last_line_numeric,b31daf3f6f74ce48cb905d185a4c2afc524205b2,synthetic-1729-post_final_answer-016,truncated,synthetic_truncated,post_final_answer,true,,ok,,551,true,,,,,true,captured_ephemeral
inspect_evals,aime_last_line_numeric,b31daf3f6f74ce48cb905d185a4c2afc524205b2,synthetic-1729-post_final_answer-017,truncated,synthetic_truncated,post_final_answer,true,,ok,,741,true,,,,,true,captured_ephemeral
inspect_evals,aime_last_line_numeric,b31daf3f6f74ce48cb905d185a4c2afc524205b2,synthetic-1729-post_final_answer-018,truncated,synthetic_truncated,post_final_answer,true,,ok,,952,true,,,,,true,captured_ephemeral
inspect_evals,aime_last_line_numeric,b31daf3f6f74ce48cb905d185a4c2afc524205b2,synthetic-1729-post_final_answer-019,truncated,synthetic_truncated,post_final_answer,true,,ok,,510,true,,,,,true,captured_ephemeral
inspect_evals,aime_last_line_numeric,b31daf3f6f74ce48cb905d185a4c2afc524205b2,synthetic-1729-post_final_answer-020,truncated,synthetic_truncated,post_final_answer,true,,ok,,45,true,,,,,true,captured_ephemeral
inspect_evals,aime_last_line_numeric,b31daf3f6f74ce48cb905d185a4c2afc524205b2,synthetic-1729-degeneration_loop_plausible_number-001,truncated,synthetic_truncated,degeneration_loop_plausible_number,true,,ok,,686,true,,,,,false,captured_ephemeral
inspect_evals,aime_last_line_numeric,b31daf3f6f74ce48cb905d185a4c2afc524205b2,synthetic-1729-degeneration_loop_plausible_number-002,truncated,synthetic_truncated,degeneration_loop_plausible_number,true,,ok,,794,true,,,,,false,captured_ephemeral
inspect_evals,aime_last_line_numeric,b31daf3f6f74ce48cb905d185a4c2afc524205b2,synthetic-1729-degeneration_loop_plausible_number-003,truncated,synthetic_truncated,degeneration_loop_plausible_number,true,,ok,,187,true,,,,,false,captured_ephemeral
inspect_evals,aime_last_line_numeric,b31daf3f6f74ce48cb905d185a4c2afc524205b2,synthetic-1729-degeneration_loop_plausible_number-004,truncated,synthetic_truncated,degeneration_loop_plausible_number,true,,ok,,154,true,,,,,false,captured_ephemeral
inspect_evals,aime_last_line_numeric,b31daf3f6f74ce48cb905d185a4c2afc524205b2,synthetic-1729-degeneration_loop_plausible_number-005,truncated,synthetic_truncated,degeneration_loop_plausible_number,true,,ok,,421,true,,,,,false,captured_ephemeral
inspect_evals,aime_last_line_numeric,b31daf3f6f74ce48cb905d185a4c2afc524205b2,synthetic-1729-degeneration_loop_plausible_number-006,truncated,synthetic_truncated,degeneration_loop_plausible_number,true,,ok,,851,true,,,,,false,captured_ephemeral
inspect_evals,aime_last_line_numeric,b31daf3f6f74ce48cb905d185a4c2afc524205b2,synthetic-1729-degeneration_loop_plausible_number-007,truncated,synthetic_truncated,degeneration_loop_plausible_number,true,,ok,,878,true,,,,,false,captured_ephemeral
inspect_evals,aime_last_line_numeric,b31daf3f6f74ce48cb905d185a4c2afc524205b2,synthetic-1729-degeneration_loop_plausible_number-008,truncated,synthetic_truncated,degeneration_loop_plausible_number,true,,ok,,906,true,,,,,false,captured_ephemeral
inspect_evals,aime_last_line_numeric,b31daf3f6f74ce48cb905d185a4c2afc524205b2,synthetic-1729-degeneration_loop_plausible_number-009,truncated,synthetic_truncated,degeneration_loop_plausible_number,true,,ok,,569,true,,,,,false,captured_ephemeral
inspect_evals,aime_last_line_numeric,b31daf3f6f74ce48cb905d185a4c2afc524205b2,synthetic-1729-degeneration_loop_plausible_number-010,truncated,synthetic_truncated,degeneration_loop_plausible_number,true,,ok,,593,true,,,,,false,captured_ephemeral
inspect_evals,aime_last_line_numeric,b31daf3f6f74ce48cb905d185a4c2afc524205b2,synthetic-1729-degeneration_loop_plausible_number-011,truncated,synthetic_truncated,degeneration_loop_plausible_number,true,,ok,,959,true,,,,,false,captured_ephemeral
inspect_evals,aime_last_line_numeric,b31daf3f6f74ce48cb905d185a4c2afc524205b2,synthetic-1729-degeneration_loop_plausible_number-012,truncated,synthetic_truncated,degeneration_loop_plausible_number,true,,ok,,887,true,,,,,false,captured_ephemeral
inspect_evals,aime_last_line_numeric,b31daf3f6f74ce48cb905d185a4c2afc524205b2,synthetic-1729-degeneration_loop_plausible_number-013,truncated,synthetic_truncated,degeneration_loop_plausible_number,true,,ok,,331,true,,,,,false,captured_ephemeral
inspect_evals,aime_last_line_numeric,b31daf3f6f74ce48cb905d185a4c2afc524205b2,synthetic-1729-degeneration_loop_plausible_number-014,truncated,synthetic_truncated,degeneration_loop_plausible_number,true,,ok,,474,true,,,,,false,captured_ephemeral
inspect_evals,aime_last_line_numeric,b31daf3f6f74ce48cb905d185a4c2afc524205b2,synthetic-1729-degeneration_loop_plausible_number-015,truncated,synthetic_truncated,degeneration_loop_plausible_number,true,,ok,,555,true,,,,,false,captured_ephemeral
inspect_evals,aime_last_line_numeric,b31daf3f6f74ce48cb905d185a4c2afc524205b2,synthetic-1729-degeneration_loop_plausible_number-016,truncated,synthetic_truncated,degeneration_loop_plausible_number,true,,ok,,400,true,,,,,false,captured_ephemeral
inspect_evals,aime_last_line_numeric,b31daf3f6f74ce48cb905d185a4c2afc524205b2,synthetic-1729-degeneration_loop_plausible_number-017,truncated,synthetic_truncated,degeneration_loop_plausible_number,true,,ok,,867,true,,,,,false,captured_ephemeral
inspect_evals,aime_last_line_numeric,b31daf3f6f74ce48cb905d185a4c2afc524205b2,synthetic-1729-degeneration_loop_plausible_number-018,truncated,synthetic_truncated,degeneration_loop_plausible_number,true,,ok,,945,true,,,,,false,captured_ephemeral
inspect_evals,aime_last_line_numeric,b31daf3f6f74ce48cb905d185a4c2afc524205b2,synthetic-1729-degeneration_loop_plausible_number-019,truncated,synthetic_truncated,degeneration_loop_plausible_number,true,,ok,,103,true,,,,,false,captured_ephemeral
inspect_evals,aime_last_line_numeric,b31daf3f6f74ce48cb905d185a4c2afc524205b2,synthetic-1729-degeneration_loop_plausible_number-020,truncated,synthetic_truncated,degeneration_loop_plausible_number,true,,ok,,70,true,,,,,false,captured_ephemeral
inspect_evals,aime_last_line_numeric,b31daf3f6f74ce48cb905d185a4c2afc524205b2,synthetic-1729-mid_latex_expression-001,truncated,synthetic_truncated,mid_latex_expression,true,,ok,,,false,,,,,false,captured_ephemeral
inspect_evals,aime_last_line_numeric,b31daf3f6f74ce48cb905d185a4c2afc524205b2,synthetic-1729-mid_latex_expression-002,truncated,synthetic_truncated,mid_latex_expression,true,,ok,,,false,,,,,false,captured_ephemeral
inspect_evals,aime_last_line_numeric,b31daf3f6f74ce48cb905d185a4c2afc524205b2,synthetic-1729-mid_latex_expression-003,truncated,synthetic_truncated,mid_latex_expression,true,,ok,,,false,,,,,false,captured_ephemeral
inspect_evals,aime_last_line_numeric,b31daf3f6f74ce48cb905d185a4c2afc524205b2,synthetic-1729-mid_latex_expression-004,truncated,synthetic_truncated,mid_latex_expression,true,,ok,,,false,,,,,false,captured_ephemeral
inspect_evals,aime_last_line_numeric,b31daf3f6f74ce48cb905d185a4c2afc524205b2,synthetic-1729-mid_latex_expression-005,truncated,synthetic_truncated,mid_latex_expression,true,,ok,,,false,,,,,false,captured_ephemeral
inspect_evals,aime_last_line_numeric,b31daf3f6f74ce48cb905d185a4c2afc524205b2,synthetic-1729-mid_latex_expression-006,truncated,synthetic_truncated,mid_latex_expression,true,,ok,,,false,,,,,false,captured_ephemeral
inspect_evals,aime_last_line_numeric,b31daf3f6f74ce48cb905d185a4c2afc524205b2,synthetic-1729-mid_latex_expression-007,truncated,synthetic_truncated,mid_latex_expression,true,,ok,,,false,,,,,false,captured_ephemeral
inspect_evals,aime_last_line_numeric,b31daf3f6f74ce48cb905d185a4c2afc524205b2,synthetic-1729-mid_latex_expression-008,truncated,synthetic_truncated,mid_latex_expression,true,,ok,,,false,,,,,false,captured_ephemeral
inspect_evals,aime_last_line_numeric,b31daf3f6f74ce48cb905d185a4c2afc524205b2,synthetic-1729-mid_latex_expression-009,truncated,synthetic_truncated,mid_latex_expression,true,,ok,,,false,,,,,false,captured_ephemeral
inspect_evals,aime_last_line_numeric,b31daf3f6f74ce48cb905d185a4c2afc524205b2,synthetic-1729-mid_latex_expression-010,truncated,synthetic_truncated,mid_latex_expression,true,,ok,,,false,,,,,false,captured_ephemeral
inspect_evals,aime_last_line_numeric,b31daf3f6f74ce48cb905d185a4c2afc524205b2,synthetic-1729-mid_latex_expression-011,truncated,synthetic_truncated,mid_latex_expression,true,,ok,,,false,,,,,false,captured_ephemeral
inspect_evals,aime_last_line_numeric,b31daf3f6f74ce48cb905d185a4c2afc524205b2,synthetic-1729-mid_latex_expression-012,truncated,synthetic_truncated,mid_latex_expression,true,,ok,,,false,,,,,false,captured_ephemeral
inspect_evals,aime_last_line_numeric,b31daf3f6f74ce48cb905d185a4c2afc524205b2,synthetic-1729-mid_latex_expression-013,truncated,synthetic_truncated,mid_latex_expression,true,,ok,,,false,,,,,false,captured_ephemeral
inspect_evals,aime_last_line_numeric,b31daf3f6f74ce48cb905d185a4c2afc524205b2,synthetic-1729-mid_latex_expression-014,truncated,synthetic_truncated,mid_latex_expression,true,,ok,,,false,,,,,false,captured_ephemeral
inspect_evals,aime_last_line_numeric,b31daf3f6f74ce48cb905d185a4c2afc524205b2,synthetic-1729-mid_latex_expression-015,truncated,synthetic_truncated,mid_latex_expression,true,,ok,,,false,,,,,false,captured_ephemeral
inspect_evals,aime_last_line_numeric,b31daf3f6f74ce48cb905d185a4c2afc524205b2,synthetic-1729-mid_latex_expression-016,truncated,synthetic_truncated,mid_latex_expression,true,,ok,,,false,,,,,false,captured_ephemeral
inspect_evals,aime_last_line_numeric,b31daf3f6f74ce48cb905d185a4c2afc524205b2,synthetic-1729-mid_latex_expression-017,truncated,synthetic_truncated,mid_latex_expression,true,,ok,,,false,,,,,false,captured_ephemeral
inspect_evals,aime_last_line_numeric,b31daf3f6f74ce48cb905d185a4c2afc524205b2,synthetic-1729-mid_latex_expression-018,truncated,synthetic_truncated,mid_latex_expression,true,,ok,,,false,,,,,false,captured_ephemeral
inspect_evals,aime_last_line_numeric,b31daf3f6f74ce48cb905d185a4c2afc524205b2,synthetic-1729-mid_latex_expression-019,truncated,synthetic_truncated,mid_latex_expression,true,,ok,,,false,,,,,false,captured_ephemeral
inspect_evals,aime_last_line_numeric,b31daf3f6f74ce48cb905d185a4c2afc524205b2,synthetic-1729-mid_latex_expression-020,truncated,synthetic_truncated,mid_latex_expression,true,,ok,,,false,,,,,false,captured_ephemeral
inspect_evals,aime_last_line_numeric,b31daf3f6f74ce48cb905d185a4c2afc524205b2,real-control_correct-89378d7c9af16411-001,control_correct,finished_control,,true,,ok,,396,true,,,,,true,captured_ephemeral
inspect_evals,aime_last_line_numeric,b31daf3f6f74ce48cb905d185a4c2afc524205b2,real-control_correct-16e0de893f7ebe3a-001,control_correct,finished_control,,true,,ok,,396,true,,,,,true,captured_ephemeral
inspect_evals,aime_last_line_numeric,b31daf3f6f74ce48cb905d185a4c2afc524205b2,real-control_correct-2d3da8c4bfee3c4c-001,control_correct,finished_control,,true,,ok,,396,true,,,,,true,captured_ephemeral
inspect_evals,aime_last_line_numeric,b31daf3f6f74ce48cb905d185a4c2afc524205b2,real-control_correct-c9f62a5de2de08df-001,control_correct,finished_control,,true,,ok,,396,true,,,,,true,captured_ephemeral
inspect_evals,aime_last_line_numeric,b31daf3f6f74ce48cb905d185a4c2afc524205b2,real-control_correct-c6ddf5c572a35adb-001,control_correct,finished_control,,true,,ok,,396,true,,,,,true,captured_ephemeral
inspect_evals,aime_last_line_numeric,b31daf3f6f74ce48cb905d185a4c2afc524205b2,real-control_correct-17d3bfe110828692-001,control_correct,finished_control,,true,,ok,,396,true,,,,,true,captured_ephemeral
inspect_evals,aime_last_line_numeric,b31daf3f6f74ce48cb905d185a4c2afc524205b2,real-control_correct-61723f102d6ae8a1-001,control_correct,finished_control,,false,real fixture is not from the frozen AIME 2026 dataset,not_applicable,real fixture is not from the frozen AIME 2026 dataset,,,,,,,,captured_ephemeral
inspect_evals,aime_last_line_numeric,b31daf3f6f74ce48cb905d185a4c2afc524205b2,real-control_correct-255be5d582935302-001,control_correct,finished_control,,false,real fixture is not from the frozen AIME 2026 dataset,not_applicable,real fixture is not from the frozen AIME 2026 dataset,,,,,,,,captured_ephemeral
inspect_evals,aime_last_line_numeric,b31daf3f6f74ce48cb905d185a4c2afc524205b2,real-control_correct-9e251a1ffea90916-001,control_correct,finished_control,,false,real fixture is not from the frozen AIME 2026 dataset,not_applicable,real fixture is not from the frozen AIME 2026 dataset,,,,,,,,captured_ephemeral
inspect_evals,aime_last_line_numeric,b31daf3f6f74ce48cb905d185a4c2afc524205b2,real-control_correct-43de6f6db2801086-001,control_correct,finished_control,,false,real fixture is not from the frozen AIME 2026 dataset,not_applicable,real fixture is not from the frozen AIME 2026 dataset,,,,,,,,captured_ephemeral
inspect_evals,aime_last_line_numeric,b31daf3f6f74ce48cb905d185a4c2afc524205b2,real-control_correct-eeb69bc8e4b6afb6-001,control_correct,finished_control,,false,real fixture is not from the frozen AIME 2026 dataset,not_applicable,real fixture is not from the frozen AIME 2026 dataset,,,,,,,,captured_ephemeral
inspect_evals,aime_last_line_numeric,b31daf3f6f74ce48cb905d185a4c2afc524205b2,real-control_correct-8e92ff00e3dc8c7f-001,control_correct,finished_control,,false,real fixture is not from the frozen AIME 2026 dataset,not_applicable,real fixture is not from the frozen AIME 2026 dataset,,,,,,,,captured_ephemeral
inspect_evals,aime_last_line_numeric,b31daf3f6f74ce48cb905d185a4c2afc524205b2,real-control_correct-c2bfbc405396d110-001,control_correct,finished_control,,false,real fixture is not from the frozen AIME 2026 dataset,not_applicable,real fixture is not from the frozen AIME 2026 dataset,,,,,,,,captured_ephemeral
inspect_evals,aime_last_line_numeric,b31daf3f6f74ce48cb905d185a4c2afc524205b2,real-control_correct-c44a3d80f5ea3ae9-001,control_correct,finished_control,,false,real fixture is not from the frozen AIME 2026 dataset,not_applicable,real fixture is not from the frozen AIME 2026 dataset,,,,,,,,captured_ephemeral
inspect_evals,aime_last_line_numeric,b31daf3f6f74ce48cb905d185a4c2afc524205b2,real-control_correct-45c33fc7f4b89ab1-001,control_correct,finished_control,,false,real fixture is not from the frozen AIME 2026 dataset,not_applicable,real fixture is not from the frozen AIME 2026 dataset,,,,,,,,captured_ephemeral
inspect_evals,aime_last_line_numeric,b31daf3f6f74ce48cb905d185a4c2afc524205b2,real-control_correct-2ec159fcc5ac75cf-001,control_correct,finished_control,,false,real fixture is not from the frozen AIME 2026 dataset,not_applicable,real fixture is not from the frozen AIME 2026 dataset,,,,,,,,captured_ephemeral
inspect_evals,aime_last_line_numeric,b31daf3f6f74ce48cb905d185a4c2afc524205b2,real-control_correct-4bc94d1cce22bd8b-001,control_correct,finished_control,,false,real fixture is not from the frozen AIME 2026 dataset,not_applicable,real fixture is not from the frozen AIME 2026 dataset,,,,,,,,captured_ephemeral
inspect_evals,aime_last_line_numeric,b31daf3f6f74ce48cb905d185a4c2afc524205b2,real-control_correct-02db4d1921acd1d7-001,control_correct,finished_control,,false,real fixture is not from the frozen AIME 2026 dataset,not_applicable,real fixture is not from the frozen AIME 2026 dataset,,,,,,,,captured_ephemeral
inspect_evals,aime_last_line_numeric,b31daf3f6f74ce48cb905d185a4c2afc524205b2,real-control_correct-0e0bf8d361f29f7c-001,control_correct,finished_control,,false,real fixture is not from the frozen AIME 2026 dataset,not_applicable,real fixture is not from the frozen AIME 2026 dataset,,,,,,,,captured_ephemeral
inspect_evals,aime_last_line_numeric,b31daf3f6f74ce48cb905d185a4c2afc524205b2,real-control_correct-585dbca476773d3a-001,control_correct,finished_control,,false,real fixture is not from the frozen AIME 2026 dataset,not_applicable,real fixture is not from the frozen AIME 2026 dataset,,,,,,,,captured_ephemeral
inspect_evals,aime_last_line_numeric,b31daf3f6f74ce48cb905d185a4c2afc524205b2,real-control_correct-066f81dce4312897-001,control_correct,finished_control,,false,real fixture is not from the frozen AIME 2026 dataset,not_applicable,real fixture is not from the frozen AIME 2026 dataset,,,,,,,,captured_ephemeral
inspect_evals,aime_last_line_numeric,b31daf3f6f74ce48cb905d185a4c2afc524205b2,real-control_correct-7c345a24b0485152-001,control_correct,finished_control,,false,real fixture is not from the frozen AIME 2026 dataset,not_applicable,real fixture is not from the frozen AIME 2026 dataset,,,,,,,,captured_ephemeral
inspect_evals,aime_last_line_numeric,b31daf3f6f74ce48cb905d185a4c2afc524205b2,real-control_correct-14b3558563a36d01-001,control_correct,finished_control,,false,real fixture is not from the frozen AIME 2026 dataset,not_applicable,real fixture is not from the frozen AIME 2026 dataset,,,,,,,,captured_ephemeral
inspect_evals,aime_last_line_numeric,b31daf3f6f74ce48cb905d185a4c2afc524205b2,real-control_correct-52cde770e82e4c2e-001,control_correct,finished_control,,false,real fixture is not from the frozen AIME 2026 dataset,not_applicable,real fixture is not from the frozen AIME 2026 dataset,,,,,,,,captured_ephemeral
inspect_evals,aime_last_line_numeric,b31daf3f6f74ce48cb905d185a4c2afc524205b2,real-control_correct-a3713e645b1649de-001,control_correct,finished_control,,false,real fixture is not from the frozen AIME 2026 dataset,not_applicable,real fixture is not from the frozen AIME 2026 dataset,,,,,,,,captured_ephemeral
inspect_evals,aime_last_line_numeric,b31daf3f6f74ce48cb905d185a4c2afc524205b2,real-control_correct-2154392bb16da70b-001,control_correct,finished_control,,false,real fixture is not from the frozen AIME 2026 dataset,not_applicable,real fixture is not from the frozen AIME 2026 dataset,,,,,,,,captured_ephemeral
inspect_evals,aime_last_line_numeric,b31daf3f6f74ce48cb905d185a4c2afc524205b2,real-control_correct-58e45e3809bf2724-001,control_correct,finished_control,,false,real fixture is not from the frozen AIME 2026 dataset,not_applicable,real fixture is not from the frozen AIME 2026 dataset,,,,,,,,captured_ephemeral
inspect_evals,aime_last_line_numeric,b31daf3f6f74ce48cb905d185a4c2afc524205b2,real-control_correct-ef625c1ebfd1e6d8-001,control_correct,finished_control,,false,real fixture is not from the frozen AIME 2026 dataset,not_applicable,real fixture is not from the frozen AIME 2026 dataset,,,,,,,,captured_ephemeral
inspect_evals,aime_last_line_numeric,b31daf3f6f74ce48cb905d185a4c2afc524205b2,real-control_correct-fc4941cec6e2d7b3-001,control_correct,finished_control,,false,real fixture is not from the frozen AIME 2026 dataset,not_applicable,real fixture is not from the frozen AIME 2026 dataset,,,,,,,,captured_ephemeral
inspect_evals,aime_last_line_numeric,b31daf3f6f74ce48cb905d185a4c2afc524205b2,real-control_correct-14a0b724276c5caa-001,control_correct,finished_control,,false,real fixture is not from the frozen AIME 2026 dataset,not_applicable,real fixture is not from the frozen AIME 2026 dataset,,,,,,,,captured_ephemeral
inspect_evals,aime_last_line_numeric,b31daf3f6f74ce48cb905d185a4c2afc524205b2,real-control_correct-5aba32f1a8311a80-001,control_correct,finished_control,,false,real fixture is not from the frozen AIME 2026 dataset,not_applicable,real fixture is not from the frozen AIME 2026 dataset,,,,,,,,captured_ephemeral
inspect_evals,aime_last_line_numeric,b31daf3f6f74ce48cb905d185a4c2afc524205b2,real-control_correct-2efd83efcd01279f-001,control_correct,finished_control,,false,real fixture is not from the frozen AIME 2026 dataset,not_applicable,real fixture is not from the frozen AIME 2026 dataset,,,,,,,,captured_ephemeral
inspect_evals,aime_last_line_numeric,b31daf3f6f74ce48cb905d185a4c2afc524205b2,real-control_correct-c4ae4e148917ebf3-001,control_correct,finished_control,,false,real fixture is not from the frozen AIME 2026 dataset,not_applicable,real fixture is not from the frozen AIME 2026 dataset,,,,,,,,captured_ephemeral
inspect_evals,aime_last_line_numeric,b31daf3f6f74ce48cb905d185a4c2afc524205b2,real-control_correct-d2716747c59bfdd8-001,control_correct,finished_control,,false,real fixture is not from the frozen AIME 2026 dataset,not_applicable,real fixture is not from the frozen AIME 2026 dataset,,,,,,,,captured_ephemeral
inspect_evals,aime_last_line_numeric,b31daf3f6f74ce48cb905d185a4c2afc524205b2,real-control_correct-62093781aed9b537-001,control_correct,finished_control,,false,real fixture is not from the frozen AIME 2026 dataset,not_applicable,real fixture is not from the frozen AIME 2026 dataset,,,,,,,,captured_ephemeral
inspect_evals,aime_last_line_numeric,b31daf3f6f74ce48cb905d185a4c2afc524205b2,real-control_correct-b286790a32a1fbe8-001,control_correct,finished_control,,false,real fixture is not from the frozen AIME 2026 dataset,not_applicable,real fixture is not from the frozen AIME 2026 dataset,,,,,,,,captured_ephemeral
inspect_evals,aime_last_line_numeric,b31daf3f6f74ce48cb905d185a4c2afc524205b2,real-control_correct-d18b4c82b12f0306-001,control_correct,finished_control,,false,real fixture is not from the frozen AIME 2026 dataset,not_applicable,real fixture is not from the frozen AIME 2026 dataset,,,,,,,,captured_ephemeral
inspect_evals,aime_last_line_numeric,b31daf3f6f74ce48cb905d185a4c2afc524205b2,real-control_correct-96dfc10499a820c6-001,control_correct,finished_control,,false,real fixture is not from the frozen AIME 2026 dataset,not_applicable,real fixture is not from the frozen AIME 2026 dataset,,,,,,,,captured_ephemeral
inspect_evals,aime_last_line_numeric,b31daf3f6f74ce48cb905d185a4c2afc524205b2,real-control_correct-3ec3306f5f7bc543-001,control_correct,finished_control,,false,real fixture is not from the frozen AIME 2026 dataset,not_applicable,real fixture is not from the frozen AIME 2026 dataset,,,,,,,,captured_ephemeral
inspect_evals,aime_last_line_numeric,b31daf3f6f74ce48cb905d185a4c2afc524205b2,real-control_correct-337848c60cd45f12-001,control_correct,finished_control,,false,real fixture is not from the frozen AIME 2026 dataset,not_applicable,real fixture is not from the frozen AIME 2026 dataset,,,,,,,,captured_ephemeral
inspect_evals,aime_last_line_numeric,b31daf3f6f74ce48cb905d185a4c2afc524205b2,real-control_correct-8494ad4e58faefe9-001,control_correct,finished_control,,false,real fixture is not from the frozen AIME 2026 dataset,not_applicable,real fixture is not from the frozen AIME 2026 dataset,,,,,,,,captured_ephemeral
inspect_evals,aime_last_line_numeric,b31daf3f6f74ce48cb905d185a4c2afc524205b2,real-control_correct-0f0941eab1767f38-001,control_correct,finished_control,,false,real fixture is not from the frozen AIME 2026 dataset,not_applicable,real fixture is not from the frozen AIME 2026 dataset,,,,,,,,captured_ephemeral
inspect_evals,aime_last_line_numeric,b31daf3f6f74ce48cb905d185a4c2afc524205b2,real-control_correct-beea208faf3d4bf4-001,control_correct,finished_control,,false,real fixture is not from the frozen AIME 2026 dataset,not_applicable,real fixture is not from the frozen AIME 2026 dataset,,,,,,,,captured_ephemeral
inspect_evals,aime_last_line_numeric,b31daf3f6f74ce48cb905d185a4c2afc524205b2,real-control_correct-49c6c44114b703fb-001,control_correct,finished_control,,false,real fixture is not from the frozen AIME 2026 dataset,not_applicable,real fixture is not from the frozen AIME 2026 dataset,,,,,,,,captured_ephemeral
inspect_evals,aime_last_line_numeric,b31daf3f6f74ce48cb905d185a4c2afc524205b2,real-control_correct-7e4dcc5a2d2dc94f-001,control_correct,finished_control,,false,real fixture is not from the frozen AIME 2026 dataset,not_applicable,real fixture is not from the frozen AIME 2026 dataset,,,,,,,,captured_ephemeral
inspect_evals,aime_last_line_numeric,b31daf3f6f74ce48cb905d185a4c2afc524205b2,real-control_correct-f3c4bd0f7b512e57-001,control_correct,finished_control,,false,real fixture is not from the frozen AIME 2026 dataset,not_applicable,real fixture is not from the frozen AIME 2026 dataset,,,,,,,,captured_ephemeral
inspect_evals,aime_last_line_numeric,b31daf3f6f74ce48cb905d185a4c2afc524205b2,real-control_correct-77dca34ea2834915-001,control_correct,finished_control,,false,real fixture is not from the frozen AIME 2026 dataset,not_applicable,real fixture is not from the frozen AIME 2026 dataset,,,,,,,,captured_ephemeral
inspect_evals,aime_last_line_numeric,b31daf3f6f74ce48cb905d185a4c2afc524205b2,real-control_correct-f61d7cc8e44486cd-001,control_correct,finished_control,,false,real fixture is not from the frozen AIME 2026 dataset,not_applicable,real fixture is not from the frozen AIME 2026 dataset,,,,,,,,captured_ephemeral
inspect_evals,aime_last_line_numeric,b31daf3f6f74ce48cb905d185a4c2afc524205b2,real-control_correct-83db8adebe9798de-001,control_correct,finished_control,,false,real fixture is not from the frozen AIME 2026 dataset,not_applicable,real fixture is not from the frozen AIME 2026 dataset,,,,,,,,captured_ephemeral
inspect_evals,aime_last_line_numeric,b31daf3f6f74ce48cb905d185a4c2afc524205b2,real-control_correct-b745903bf49608cc-001,control_correct,finished_control,,false,real fixture is not from the frozen AIME 2026 dataset,not_applicable,real fixture is not from the frozen AIME 2026 dataset,,,,,,,,captured_ephemeral
inspect_evals,aime_last_line_numeric,b31daf3f6f74ce48cb905d185a4c2afc524205b2,real-control_correct-2c758d44ca541778-001,control_correct,finished_control,,false,real fixture is not from the frozen AIME 2026 dataset,not_applicable,real fixture is not from the frozen AIME 2026 dataset,,,,,,,,captured_ephemeral
inspect_evals,aime_last_line_numeric,b31daf3f6f74ce48cb905d185a4c2afc524205b2,real-control_correct-4a3fdef251946148-001,control_correct,finished_control,,false,real fixture is not from the frozen AIME 2026 dataset,not_applicable,real fixture is not from the frozen AIME 2026 dataset,,,,,,,,captured_ephemeral
inspect_evals,aime_last_line_numeric,b31daf3f6f74ce48cb905d185a4c2afc524205b2,real-control_correct-0ec44c79139c33e2-001,control_correct,finished_control,,false,real fixture is not from the frozen AIME 2026 dataset,not_applicable,real fixture is not from the frozen AIME 2026 dataset,,,,,,,,captured_ephemeral
inspect_evals,aime_last_line_numeric,b31daf3f6f74ce48cb905d185a4c2afc524205b2,real-control_correct-81b17ec6e1a7d1a8-001,control_correct,finished_control,,false,real fixture is not from the frozen AIME 2026 dataset,not_applicable,real fixture is not from the frozen AIME 2026 dataset,,,,,,,,captured_ephemeral
inspect_evals,aime_last_line_numeric,b31daf3f6f74ce48cb905d185a4c2afc524205b2,real-control_correct-0e5f87e242720bf2-001,control_correct,finished_control,,false,real fixture is not from the frozen AIME 2026 dataset,not_applicable,real fixture is not from the frozen AIME 2026 dataset,,,,,,,,captured_ephemeral
inspect_evals,aime_last_line_numeric,b31daf3f6f74ce48cb905d185a4c2afc524205b2,real-control_correct-593135bb2de509c3-001,control_correct,finished_control,,false,real fixture is not from the frozen AIME 2026 dataset,not_applicable,real fixture is not from the frozen AIME 2026 dataset,,,,,,,,captured_ephemeral
inspect_evals,aime_last_line_numeric,b31daf3f6f74ce48cb905d185a4c2afc524205b2,real-control_correct-c56c011273c6c234-001,control_correct,finished_control,,false,real fixture is not from the frozen AIME 2026 dataset,not_applicable,real fixture is not from the frozen AIME 2026 dataset,,,,,,,,captured_ephemeral
inspect_evals,aime_last_line_numeric,b31daf3f6f74ce48cb905d185a4c2afc524205b2,real-control_correct-29005d671726f869-001,control_correct,finished_control,,false,real fixture is not from the frozen AIME 2026 dataset,not_applicable,real fixture is not from the frozen AIME 2026 dataset,,,,,,,,captured_ephemeral
inspect_evals,aime_last_line_numeric,b31daf3f6f74ce48cb905d185a4c2afc524205b2,real-control_correct-67c0cfb485b8e0e1-001,control_correct,finished_control,,false,real fixture is not from the frozen AIME 2026 dataset,not_applicable,real fixture is not from the frozen AIME 2026 dataset,,,,,,,,captured_ephemeral
inspect_evals,aime_last_line_numeric,b31daf3f6f74ce48cb905d185a4c2afc524205b2,real-control_correct-afc87305e9694a73-001,control_correct,finished_control,,false,real fixture is not from the frozen AIME 2026 dataset,not_applicable,real fixture is not from the frozen AIME 2026 dataset,,,,,,,,captured_ephemeral
inspect_evals,aime_last_line_numeric,b31daf3f6f74ce48cb905d185a4c2afc524205b2,real-control_correct-e7d166d098fcef41-001,control_correct,finished_control,,false,real fixture is not from the frozen AIME 2026 dataset,not_applicable,real fixture is not from the frozen AIME 2026 dataset,,,,,,,,captured_ephemeral
inspect_evals,aime_last_line_numeric,b31daf3f6f74ce48cb905d185a4c2afc524205b2,real-control_correct-c377b550ceb9090b-001,control_correct,finished_control,,false,real fixture is not from the frozen AIME 2026 dataset,not_applicable,real fixture is not from the frozen AIME 2026 dataset,,,,,,,,captured_ephemeral
inspect_evals,aime_last_line_numeric,b31daf3f6f74ce48cb905d185a4c2afc524205b2,real-control_correct-b4137beeac8ed865-001,control_correct,finished_control,,false,real fixture is not from the frozen AIME 2026 dataset,not_applicable,real fixture is not from the frozen AIME 2026 dataset,,,,,,,,captured_ephemeral
inspect_evals,aime_last_line_numeric,b31daf3f6f74ce48cb905d185a4c2afc524205b2,real-control_correct-8124daee9eec1012-001,control_correct,finished_control,,false,real fixture is not from the frozen AIME 2026 dataset,not_applicable,real fixture is not from the frozen AIME 2026 dataset,,,,,,,,captured_ephemeral
simple-evals,mgsm_answer_prefix,652c89d0ca9df547706735883097e9537d40dc47,real-truncated-aa20e7ac6246feb9-001,truncated,real_truncated,,true,,ok,,,false,,,,,false,captured_ephemeral
simple-evals,mgsm_answer_prefix,652c89d0ca9df547706735883097e9537d40dc47,real-truncated-aa20e7ac6246feb9-002,truncated,real_truncated,,true,,ok,,,false,,,,,false,captured_ephemeral
simple-evals,mgsm_answer_prefix,652c89d0ca9df547706735883097e9537d40dc47,real-truncated-aa20e7ac6246feb9-003,truncated,real_truncated,,true,,ok,,,false,,,,,false,captured_ephemeral
simple-evals,mgsm_answer_prefix,652c89d0ca9df547706735883097e9537d40dc47,real-truncated-aa20e7ac6246feb9-004,truncated,real_truncated,,true,,ok,,,false,,,,,false,captured_ephemeral
simple-evals,mgsm_answer_prefix,652c89d0ca9df547706735883097e9537d40dc47,real-truncated-6cbbd1fc624eeadc-001,truncated,real_truncated,,true,,ok,,,false,,,,,false,captured_ephemeral
simple-evals,mgsm_answer_prefix,652c89d0ca9df547706735883097e9537d40dc47,real-truncated-bd664f49bf0e323e-001,truncated,real_truncated,,true,,ok,,,false,,,,,false,captured_ephemeral
simple-evals,mgsm_answer_prefix,652c89d0ca9df547706735883097e9537d40dc47,real-truncated-491eccf133b25a22-001,truncated,real_truncated,,true,,ok,,,false,,,,,false,captured_ephemeral
simple-evals,mgsm_answer_prefix,652c89d0ca9df547706735883097e9537d40dc47,real-truncated-6a67539058b9830a-001,truncated,real_truncated,,true,,ok,,,false,,,,,false,captured_ephemeral
simple-evals,mgsm_answer_prefix,652c89d0ca9df547706735883097e9537d40dc47,real-truncated-80007a0418241777-001,truncated,real_truncated,,true,,ok,,,false,,,,,false,captured_ephemeral
simple-evals,mgsm_answer_prefix,652c89d0ca9df547706735883097e9537d40dc47,real-truncated-3e5a56704b99efaf-001,truncated,real_truncated,,true,,ok,,,false,,,,,false,captured_ephemeral
simple-evals,mgsm_answer_prefix,652c89d0ca9df547706735883097e9537d40dc47,real-truncated-0f801e8936e3e652-001,truncated,real_truncated,,true,,ok,,,false,,,,,false,captured_ephemeral
simple-evals,mgsm_answer_prefix,652c89d0ca9df547706735883097e9537d40dc47,real-truncated-64dca569eb2179ee-001,truncated,real_truncated,,true,,ok,,,false,,,,,false,captured_ephemeral
simple-evals,mgsm_answer_prefix,652c89d0ca9df547706735883097e9537d40dc47,real-truncated-62f658f8621431bd-001,truncated,real_truncated,,true,,ok,,,false,,,,,false,captured_ephemeral
simple-evals,mgsm_answer_prefix,652c89d0ca9df547706735883097e9537d40dc47,real-truncated-d1c8cfdc97ccfed3-001,truncated,real_truncated,,true,,ok,,,false,,,,,false,captured_ephemeral
simple-evals,mgsm_answer_prefix,652c89d0ca9df547706735883097e9537d40dc47,real-truncated-11ac842eba29ce66-001,truncated,real_truncated,,true,,ok,,,false,,,,,false,captured_ephemeral
simple-evals,mgsm_answer_prefix,652c89d0ca9df547706735883097e9537d40dc47,real-truncated-7d4dcc415df8964c-001,truncated,real_truncated,,true,,ok,,,false,,,,,false,captured_ephemeral
simple-evals,mgsm_answer_prefix,652c89d0ca9df547706735883097e9537d40dc47,real-truncated-40b63e4bb8bc1fc2-001,truncated,real_truncated,,true,,ok,,,false,,,,,false,captured_ephemeral
simple-evals,mgsm_answer_prefix,652c89d0ca9df547706735883097e9537d40dc47,real-truncated-e4cb8ed5052dcd59-001,truncated,real_truncated,,true,,ok,,,false,,,,,false,captured_ephemeral
simple-evals,mgsm_answer_prefix,652c89d0ca9df547706735883097e9537d40dc47,real-truncated-5f94257404611a94-001,truncated,real_truncated,,true,,ok,,,false,,,,,false,captured_ephemeral
simple-evals,mgsm_answer_prefix,652c89d0ca9df547706735883097e9537d40dc47,real-truncated-cac6cd311f4a62d6-001,truncated,real_truncated,,true,,ok,,,false,,,,,false,captured_ephemeral
simple-evals,mgsm_answer_prefix,652c89d0ca9df547706735883097e9537d40dc47,real-truncated-d8a68b2d62a0e37e-001,truncated,real_truncated,,true,,ok,,,false,,,,,false,captured_ephemeral
simple-evals,mgsm_answer_prefix,652c89d0ca9df547706735883097e9537d40dc47,real-truncated-6313122c5f9da4b8-001,truncated,real_truncated,,true,,ok,,,false,,,,,false,captured_ephemeral
simple-evals,mgsm_answer_prefix,652c89d0ca9df547706735883097e9537d40dc47,real-truncated-9880d7c411a9144e-001,truncated,real_truncated,,true,,ok,,,false,,,,,false,captured_ephemeral
simple-evals,mgsm_answer_prefix,652c89d0ca9df547706735883097e9537d40dc47,real-truncated-c4dd38bcc0c31ad8-001,truncated,real_truncated,,true,,ok,,,false,,,,,false,captured_ephemeral
simple-evals,mgsm_answer_prefix,652c89d0ca9df547706735883097e9537d40dc47,real-truncated-c7a933a4b57b2cee-001,truncated,real_truncated,,true,,ok,,,false,,,,,false,captured_ephemeral
simple-evals,mgsm_answer_prefix,652c89d0ca9df547706735883097e9537d40dc47,real-truncated-7ae317e50e0d73c5-001,truncated,real_truncated,,true,,ok,,,false,,,,,false,captured_ephemeral
simple-evals,mgsm_answer_prefix,652c89d0ca9df547706735883097e9537d40dc47,real-truncated-9ecfc35fcefae241-001,truncated,real_truncated,,true,,ok,,,false,,,,,false,captured_ephemeral
simple-evals,mgsm_answer_prefix,652c89d0ca9df547706735883097e9537d40dc47,real-truncated-acb3a5295c56829c-001,truncated,real_truncated,,true,,ok,,,false,,,,,false,captured_ephemeral
simple-evals,mgsm_answer_prefix,652c89d0ca9df547706735883097e9537d40dc47,real-truncated-25007c1e26d4eeb2-001,truncated,real_truncated,,true,,ok,,,false,,,,,false,captured_ephemeral
simple-evals,mgsm_answer_prefix,652c89d0ca9df547706735883097e9537d40dc47,real-truncated-ba728ce1826746c2-001,truncated,real_truncated,,true,,ok,,,false,,,,,false,captured_ephemeral
simple-evals,mgsm_answer_prefix,652c89d0ca9df547706735883097e9537d40dc47,real-truncated-707f12f62e6d4cef-001,truncated,real_truncated,,true,,ok,,,false,,,,,false,captured_ephemeral
simple-evals,mgsm_answer_prefix,652c89d0ca9df547706735883097e9537d40dc47,real-truncated-d2e93ae35a6c6929-001,truncated,real_truncated,,true,,ok,,,false,,,,,false,captured_ephemeral
simple-evals,mgsm_answer_prefix,652c89d0ca9df547706735883097e9537d40dc47,real-truncated-062cf1ffe5b924fa-001,truncated,real_truncated,,true,,ok,,,false,,,,,false,captured_ephemeral
simple-evals,mgsm_answer_prefix,652c89d0ca9df547706735883097e9537d40dc47,real-truncated-805630023b55e371-001,truncated,real_truncated,,true,,ok,,,false,,,,,false,captured_ephemeral
simple-evals,mgsm_answer_prefix,652c89d0ca9df547706735883097e9537d40dc47,real-truncated-3eacef22437fd915-001,truncated,real_truncated,,true,,ok,,,false,,,,,false,captured_ephemeral
simple-evals,mgsm_answer_prefix,652c89d0ca9df547706735883097e9537d40dc47,real-truncated-5da13db78fc0a540-001,truncated,real_truncated,,true,,ok,,,false,,,,,false,captured_ephemeral
simple-evals,mgsm_answer_prefix,652c89d0ca9df547706735883097e9537d40dc47,real-truncated-4480e573ba66416f-001,truncated,real_truncated,,true,,ok,,,false,,,,,false,captured_ephemeral
simple-evals,mgsm_answer_prefix,652c89d0ca9df547706735883097e9537d40dc47,real-truncated-5f4343c0d4868050-001,truncated,real_truncated,,true,,ok,,,false,,,,,false,captured_ephemeral
simple-evals,mgsm_answer_prefix,652c89d0ca9df547706735883097e9537d40dc47,real-truncated-4749817223a7201d-001,truncated,real_truncated,,true,,ok,,,false,,,,,false,captured_ephemeral
simple-evals,mgsm_answer_prefix,652c89d0ca9df547706735883097e9537d40dc47,real-truncated-bba38d303fcf87eb-001,truncated,real_truncated,,true,,ok,,,false,,,,,false,captured_ephemeral
simple-evals,mgsm_answer_prefix,652c89d0ca9df547706735883097e9537d40dc47,real-truncated-d85d90aaf4cc1ca6-001,truncated,real_truncated,,true,,ok,,,false,,,,,false,captured_ephemeral
simple-evals,mgsm_answer_prefix,652c89d0ca9df547706735883097e9537d40dc47,real-truncated-525ccd1eb6fbf139-001,truncated,real_truncated,,true,,ok,,,false,,,,,false,captured_ephemeral
simple-evals,mgsm_answer_prefix,652c89d0ca9df547706735883097e9537d40dc47,real-truncated-e1572c89e32df953-001,truncated,real_truncated,,true,,ok,,,false,,,,,false,captured_ephemeral
simple-evals,mgsm_answer_prefix,652c89d0ca9df547706735883097e9537d40dc47,real-truncated-247556f85b1c55a4-001,truncated,real_truncated,,true,,ok,,,false,,,,,false,captured_ephemeral
simple-evals,mgsm_answer_prefix,652c89d0ca9df547706735883097e9537d40dc47,real-truncated-75443d7e611f2187-001,truncated,real_truncated,,true,,ok,,,false,,,,,false,captured_ephemeral
simple-evals,mgsm_answer_prefix,652c89d0ca9df547706735883097e9537d40dc47,real-truncated-35be201956f48fd0-001,truncated,real_truncated,,true,,ok,,,false,,,,,false,captured_ephemeral
simple-evals,mgsm_answer_prefix,652c89d0ca9df547706735883097e9537d40dc47,real-truncated-9bb1434201a768b2-001,truncated,real_truncated,,true,,ok,,,false,,,,,false,captured_ephemeral
simple-evals,mgsm_answer_prefix,652c89d0ca9df547706735883097e9537d40dc47,real-truncated-95b8c4379b5dc2e4-001,truncated,real_truncated,,true,,ok,,,false,,,,,false,captured_ephemeral
simple-evals,mgsm_answer_prefix,652c89d0ca9df547706735883097e9537d40dc47,real-truncated-770210b9f8b54309-001,truncated,real_truncated,,true,,ok,,,false,,,,,false,captured_ephemeral
simple-evals,mgsm_answer_prefix,652c89d0ca9df547706735883097e9537d40dc47,real-truncated-89322f67b05ffd2c-001,truncated,real_truncated,,true,,ok,,,false,,,,,false,captured_ephemeral
simple-evals,mgsm_answer_prefix,652c89d0ca9df547706735883097e9537d40dc47,real-truncated-1f7af8c0564d30c0-001,truncated,real_truncated,,true,,ok,,,false,,,,,false,captured_ephemeral
simple-evals,mgsm_answer_prefix,652c89d0ca9df547706735883097e9537d40dc47,real-truncated-0f4e8f3e7a20e1ab-001,truncated,real_truncated,,true,,ok,,,false,,,,,false,captured_ephemeral
simple-evals,mgsm_answer_prefix,652c89d0ca9df547706735883097e9537d40dc47,real-truncated-88da8be5be46715d-001,truncated,real_truncated,,true,,ok,,,false,,,,,false,captured_ephemeral
simple-evals,mgsm_answer_prefix,652c89d0ca9df547706735883097e9537d40dc47,real-truncated-6082a79b2216cc1e-001,truncated,real_truncated,,true,,ok,,,false,,,,,false,captured_ephemeral
simple-evals,mgsm_answer_prefix,652c89d0ca9df547706735883097e9537d40dc47,real-truncated-798d25ae0b5abad7-001,truncated,real_truncated,,true,,ok,,,false,,,,,false,captured_ephemeral
simple-evals,mgsm_answer_prefix,652c89d0ca9df547706735883097e9537d40dc47,real-truncated-b92076fc9cd5e016-001,truncated,real_truncated,,true,,ok,,,false,,,,,false,captured_ephemeral
simple-evals,mgsm_answer_prefix,652c89d0ca9df547706735883097e9537d40dc47,real-truncated-aaa0d7f68b704bec-001,truncated,real_truncated,,true,,ok,,,false,,,,,false,captured_ephemeral
simple-evals,mgsm_answer_prefix,652c89d0ca9df547706735883097e9537d40dc47,real-truncated-55417c12215c3d52-001,truncated,real_truncated,,true,,ok,,,false,,,,,false,captured_ephemeral
simple-evals,mgsm_answer_prefix,652c89d0ca9df547706735883097e9537d40dc47,real-truncated-7119848ec423bf7a-001,truncated,real_truncated,,true,,ok,,,false,,,,,false,captured_ephemeral
simple-evals,mgsm_answer_prefix,652c89d0ca9df547706735883097e9537d40dc47,real-truncated-99187b20ecf0bdb9-001,truncated,real_truncated,,true,,ok,,,false,,,,,false,captured_ephemeral
simple-evals,mgsm_answer_prefix,652c89d0ca9df547706735883097e9537d40dc47,real-truncated-7734823d0e946fc4-001,truncated,real_truncated,,true,,ok,,,false,,,,,false,captured_ephemeral
simple-evals,mgsm_answer_prefix,652c89d0ca9df547706735883097e9537d40dc47,real-truncated-a1cc1d1204da2de1-001,truncated,real_truncated,,true,,ok,,,false,,,,,false,captured_ephemeral
simple-evals,mgsm_answer_prefix,652c89d0ca9df547706735883097e9537d40dc47,real-truncated-8ccb63cb04064591-001,truncated,real_truncated,,true,,ok,,,false,,,,,false,captured_ephemeral
simple-evals,mgsm_answer_prefix,652c89d0ca9df547706735883097e9537d40dc47,real-truncated-ef7b1a56c6749a3f-001,truncated,real_truncated,,true,,ok,,,false,,,,,false,captured_ephemeral
simple-evals,mgsm_answer_prefix,652c89d0ca9df547706735883097e9537d40dc47,real-truncated-4d3201f20fa1bbd7-001,truncated,real_truncated,,true,,ok,,,false,,,,,false,captured_ephemeral
simple-evals,mgsm_answer_prefix,652c89d0ca9df547706735883097e9537d40dc47,real-truncated-268a568ac4786f87-001,truncated,real_truncated,,true,,ok,,,false,,,,,false,captured_ephemeral
simple-evals,mgsm_answer_prefix,652c89d0ca9df547706735883097e9537d40dc47,real-truncated-fe7eed6c63be702d-001,truncated,real_truncated,,true,,ok,,,false,,,,,false,captured_ephemeral
simple-evals,mgsm_answer_prefix,652c89d0ca9df547706735883097e9537d40dc47,real-truncated-e730046d14071b1b-001,truncated,real_truncated,,true,,ok,,,false,,,,,false,captured_ephemeral
simple-evals,mgsm_answer_prefix,652c89d0ca9df547706735883097e9537d40dc47,real-truncated-22d120ff2613fb3c-001,truncated,real_truncated,,true,,ok,,,false,,,,,false,captured_ephemeral
simple-evals,mgsm_answer_prefix,652c89d0ca9df547706735883097e9537d40dc47,real-truncated-44a1889a65c89a98-001,truncated,real_truncated,,true,,ok,,,false,,,,,false,captured_ephemeral
simple-evals,mgsm_answer_prefix,652c89d0ca9df547706735883097e9537d40dc47,real-truncated-3044f9e5b658cf47-001,truncated,real_truncated,,true,,ok,,,false,,,,,false,captured_ephemeral
simple-evals,mgsm_answer_prefix,652c89d0ca9df547706735883097e9537d40dc47,real-truncated-9dba0a611623ccce-001,truncated,real_truncated,,true,,ok,,,false,,,,,false,captured_ephemeral
simple-evals,mgsm_answer_prefix,652c89d0ca9df547706735883097e9537d40dc47,real-truncated-56ad692d3950a6ae-001,truncated,real_truncated,,true,,ok,,,false,,,,,false,captured_ephemeral
simple-evals,mgsm_answer_prefix,652c89d0ca9df547706735883097e9537d40dc47,real-truncated-6279f7b6b01ea2e2-001,truncated,real_truncated,,true,,ok,,,false,,,,,false,captured_ephemeral
simple-evals,mgsm_answer_prefix,652c89d0ca9df547706735883097e9537d40dc47,real-truncated-210fbcf5ff0f49e9-001,truncated,real_truncated,,true,,ok,,,false,,,,,false,captured_ephemeral
simple-evals,mgsm_answer_prefix,652c89d0ca9df547706735883097e9537d40dc47,real-truncated-8b88e292ba1b4c5c-001,truncated,real_truncated,,true,,ok,,,false,,,,,false,captured_ephemeral
simple-evals,mgsm_answer_prefix,652c89d0ca9df547706735883097e9537d40dc47,real-truncated-bc0e37aef7f95216-001,truncated,real_truncated,,true,,ok,,,false,,,,,false,captured_ephemeral
simple-evals,mgsm_answer_prefix,652c89d0ca9df547706735883097e9537d40dc47,real-truncated-af0577d51fd778a1-001,truncated,real_truncated,,true,,ok,,,false,,,,,false,captured_ephemeral
simple-evals,mgsm_answer_prefix,652c89d0ca9df547706735883097e9537d40dc47,real-truncated-8ee42cd3eba12ec6-001,truncated,real_truncated,,true,,ok,,,false,,,,,false,captured_ephemeral
simple-evals,mgsm_answer_prefix,652c89d0ca9df547706735883097e9537d40dc47,real-truncated-11779f2fc604d057-001,truncated,real_truncated,,true,,ok,,,false,,,,,false,captured_ephemeral
simple-evals,mgsm_answer_prefix,652c89d0ca9df547706735883097e9537d40dc47,real-truncated-eface0049132e97d-001,truncated,real_truncated,,true,,ok,,,false,,,,,false,captured_ephemeral
simple-evals,mgsm_answer_prefix,652c89d0ca9df547706735883097e9537d40dc47,real-truncated-5713bc6fb1dfa8d0-001,truncated,real_truncated,,true,,ok,,,false,,,,,false,captured_ephemeral
simple-evals,mgsm_answer_prefix,652c89d0ca9df547706735883097e9537d40dc47,real-truncated-505bc873a129bcd1-001,truncated,real_truncated,,true,,ok,,,false,,,,,false,captured_ephemeral
simple-evals,mgsm_answer_prefix,652c89d0ca9df547706735883097e9537d40dc47,real-truncated-6853bba8299795d5-001,truncated,real_truncated,,true,,ok,,,false,,,,,false,captured_ephemeral
simple-evals,mgsm_answer_prefix,652c89d0ca9df547706735883097e9537d40dc47,real-truncated-20f1e0708a19abc4-001,truncated,real_truncated,,true,,ok,,,false,,,,,false,captured_ephemeral
simple-evals,mgsm_answer_prefix,652c89d0ca9df547706735883097e9537d40dc47,real-truncated-6e4eb7af77ed2ff8-001,truncated,real_truncated,,true,,ok,,,false,,,,,false,captured_ephemeral
simple-evals,mgsm_answer_prefix,652c89d0ca9df547706735883097e9537d40dc47,real-truncated-8ea28fa7707b3025-001,truncated,real_truncated,,true,,ok,,,false,,,,,false,captured_ephemeral
simple-evals,mgsm_answer_prefix,652c89d0ca9df547706735883097e9537d40dc47,real-truncated-d8eeb7b64dd7015a-001,truncated,real_truncated,,true,,ok,,,false,,,,,false,captured_ephemeral
simple-evals,mgsm_answer_prefix,652c89d0ca9df547706735883097e9537d40dc47,real-truncated-fb10e3776314a519-001,truncated,real_truncated,,true,,ok,,,false,,,,,false,captured_ephemeral
simple-evals,mgsm_answer_prefix,652c89d0ca9df547706735883097e9537d40dc47,real-truncated-ccd8a323f6c2b744-001,truncated,real_truncated,,true,,ok,,,false,,,,,false,captured_ephemeral
simple-evals,mgsm_answer_prefix,652c89d0ca9df547706735883097e9537d40dc47,real-truncated-1828f5a31563f6e3-001,truncated,real_truncated,,true,,ok,,,false,,,,,false,captured_ephemeral
simple-evals,mgsm_answer_prefix,652c89d0ca9df547706735883097e9537d40dc47,real-truncated-a5460d50cb8daafc-001,truncated,real_truncated,,true,,ok,,,false,,,,,false,captured_ephemeral
simple-evals,mgsm_answer_prefix,652c89d0ca9df547706735883097e9537d40dc47,real-truncated-e7536ddc4697865a-001,truncated,real_truncated,,true,,ok,,,false,,,,,false,captured_ephemeral
simple-evals,mgsm_answer_prefix,652c89d0ca9df547706735883097e9537d40dc47,real-truncated-3b6b5e2e07c8adab-001,truncated,real_truncated,,true,,ok,,,false,,,,,false,captured_ephemeral
simple-evals,mgsm_answer_prefix,652c89d0ca9df547706735883097e9537d40dc47,real-truncated-45fd9dd0b16def99-001,truncated,real_truncated,,true,,ok,,,false,,,,,false,captured_ephemeral
simple-evals,mgsm_answer_prefix,652c89d0ca9df547706735883097e9537d40dc47,real-truncated-390931de8b8a68ae-001,truncated,real_truncated,,true,,ok,,,false,,,,,false,captured_ephemeral
simple-evals,mgsm_answer_prefix,652c89d0ca9df547706735883097e9537d40dc47,real-truncated-23c7087e22382c85-001,truncated,real_truncated,,true,,ok,,,false,,,,,false,captured_ephemeral
simple-evals,mgsm_answer_prefix,652c89d0ca9df547706735883097e9537d40dc47,real-truncated-740acaaa5658c524-001,truncated,real_truncated,,true,,ok,,,false,,,,,false,captured_ephemeral
simple-evals,mgsm_answer_prefix,652c89d0ca9df547706735883097e9537d40dc47,real-truncated-e6a7555e64fb1fc8-001,truncated,real_truncated,,true,,ok,,,false,,,,,false,captured_ephemeral
simple-evals,mgsm_answer_prefix,652c89d0ca9df547706735883097e9537d40dc47,real-truncated-d4aec9cd22f44d16-001,truncated,real_truncated,,true,,ok,,,false,,,,,false,captured_ephemeral
simple-evals,mgsm_answer_prefix,652c89d0ca9df547706735883097e9537d40dc47,real-truncated-4ea3c98b3c90e29e-001,truncated,real_truncated,,true,,ok,,,false,,,,,false,captured_ephemeral
simple-evals,mgsm_answer_prefix,652c89d0ca9df547706735883097e9537d40dc47,real-truncated-f9eaa5fd29415a58-001,truncated,real_truncated,,true,,ok,,,false,,,,,false,captured_ephemeral
simple-evals,mgsm_answer_prefix,652c89d0ca9df547706735883097e9537d40dc47,real-truncated-85c7b95581c097ef-001,truncated,real_truncated,,true,,ok,,,false,,,,,false,captured_ephemeral
simple-evals,mgsm_answer_prefix,652c89d0ca9df547706735883097e9537d40dc47,real-truncated-aa1b94cca1993363-001,truncated,real_truncated,,true,,ok,,,false,,,,,false,captured_ephemeral
simple-evals,mgsm_answer_prefix,652c89d0ca9df547706735883097e9537d40dc47,real-truncated-6ee8443d1d436cf6-001,truncated,real_truncated,,true,,ok,,,false,,,,,false,captured_ephemeral
simple-evals,mgsm_answer_prefix,652c89d0ca9df547706735883097e9537d40dc47,real-truncated-6ee8443d1d436cf6-002,truncated,real_truncated,,true,,ok,,,false,,,,,false,captured_ephemeral
simple-evals,mgsm_answer_prefix,652c89d0ca9df547706735883097e9537d40dc47,real-truncated-6ee8443d1d436cf6-003,truncated,real_truncated,,true,,ok,,,false,,,,,false,captured_ephemeral
simple-evals,mgsm_answer_prefix,652c89d0ca9df547706735883097e9537d40dc47,real-truncated-5281b3506686a184-001,truncated,real_truncated,,true,,ok,,,false,,,,,false,captured_ephemeral
simple-evals,mgsm_answer_prefix,652c89d0ca9df547706735883097e9537d40dc47,real-truncated-5281b3506686a184-002,truncated,real_truncated,,true,,ok,,,false,,,,,false,captured_ephemeral
simple-evals,mgsm_answer_prefix,652c89d0ca9df547706735883097e9537d40dc47,real-truncated-5281b3506686a184-003,truncated,real_truncated,,true,,ok,,,false,,,,,false,captured_ephemeral
simple-evals,mgsm_answer_prefix,652c89d0ca9df547706735883097e9537d40dc47,real-truncated-abb81d1b8c4db67a-001,truncated,real_truncated,,true,,ok,,,false,,,,,false,captured_ephemeral
simple-evals,mgsm_answer_prefix,652c89d0ca9df547706735883097e9537d40dc47,real-truncated-a79daf5eab47793c-001,truncated,real_truncated,,true,,ok,,,false,,,,,false,captured_ephemeral
simple-evals,mgsm_answer_prefix,652c89d0ca9df547706735883097e9537d40dc47,real-truncated-16277ed40a76d930-001,truncated,real_truncated,,true,,ok,,,false,,,,,false,captured_ephemeral
simple-evals,mgsm_answer_prefix,652c89d0ca9df547706735883097e9537d40dc47,real-truncated-e4e046aee036728b-001,truncated,real_truncated,,true,,ok,,,false,,,,,false,captured_ephemeral
simple-evals,mgsm_answer_prefix,652c89d0ca9df547706735883097e9537d40dc47,real-truncated-6dd1f374f6ed08df-001,truncated,real_truncated,,true,,ok,,,false,,,,,false,captured_ephemeral
simple-evals,mgsm_answer_prefix,652c89d0ca9df547706735883097e9537d40dc47,real-truncated-0d2658ccd619147a-001,truncated,real_truncated,,true,,ok,,,false,,,,,false,captured_ephemeral
simple-evals,mgsm_answer_prefix,652c89d0ca9df547706735883097e9537d40dc47,real-truncated-74696bb1b2b136e8-001,truncated,real_truncated,,true,,ok,,9,true,,,,,false,captured_ephemeral
simple-evals,mgsm_answer_prefix,652c89d0ca9df547706735883097e9537d40dc47,real-truncated-fdfa2be691dea487-001,truncated,real_truncated,,true,,ok,,,false,,,,,false,captured_ephemeral
simple-evals,mgsm_answer_prefix,652c89d0ca9df547706735883097e9537d40dc47,real-truncated-075bf5961ff00993-001,truncated,real_truncated,,true,,ok,,,false,,,,,false,captured_ephemeral
simple-evals,mgsm_answer_prefix,652c89d0ca9df547706735883097e9537d40dc47,real-truncated-075bf5961ff00993-002,truncated,real_truncated,,true,,ok,,,false,,,,,false,captured_ephemeral
simple-evals,mgsm_answer_prefix,652c89d0ca9df547706735883097e9537d40dc47,real-truncated-17eebdd1a966e5f0-001,truncated,real_truncated,,true,,ok,,,false,,,,,false,captured_ephemeral
simple-evals,mgsm_answer_prefix,652c89d0ca9df547706735883097e9537d40dc47,real-truncated-a4bb63b5ba4a773e-001,truncated,real_truncated,,true,,ok,,,false,,,,,false,captured_ephemeral
simple-evals,mgsm_answer_prefix,652c89d0ca9df547706735883097e9537d40dc47,real-truncated-a4bb63b5ba4a773e-002,truncated,real_truncated,,true,,ok,,,false,,,,,false,captured_ephemeral
simple-evals,mgsm_answer_prefix,652c89d0ca9df547706735883097e9537d40dc47,real-truncated-a4bb63b5ba4a773e-003,truncated,real_truncated,,true,,ok,,,false,,,,,false,captured_ephemeral
simple-evals,mgsm_answer_prefix,652c89d0ca9df547706735883097e9537d40dc47,real-truncated-355520fb8f2104ec-001,truncated,real_truncated,,true,,ok,,,false,,,,,false,captured_ephemeral
simple-evals,mgsm_answer_prefix,652c89d0ca9df547706735883097e9537d40dc47,real-truncated-49565e194413328d-001,truncated,real_truncated,,true,,ok,,,false,,,,,false,captured_ephemeral
simple-evals,mgsm_answer_prefix,652c89d0ca9df547706735883097e9537d40dc47,real-truncated-85f19c1e57445cde-001,truncated,real_truncated,,true,,ok,,,false,,,,,false,captured_ephemeral
simple-evals,mgsm_answer_prefix,652c89d0ca9df547706735883097e9537d40dc47,real-truncated-bd836ccf84464689-001,truncated,real_truncated,,true,,ok,,,false,,,,,false,captured_ephemeral
simple-evals,mgsm_answer_prefix,652c89d0ca9df547706735883097e9537d40dc47,real-truncated-b881db2f3106d76e-001,truncated,real_truncated,,true,,ok,,,false,,,,,false,captured_ephemeral
simple-evals,mgsm_answer_prefix,652c89d0ca9df547706735883097e9537d40dc47,real-truncated-58796eda234de823-001,truncated,real_truncated,,true,,ok,,3,true,,,,,false,captured_ephemeral
simple-evals,mgsm_answer_prefix,652c89d0ca9df547706735883097e9537d40dc47,real-truncated-d876807b9ced546e-001,truncated,real_truncated,,true,,ok,,,false,,,,,false,captured_ephemeral
simple-evals,mgsm_answer_prefix,652c89d0ca9df547706735883097e9537d40dc47,synthetic-1729-mid_box-001,truncated,synthetic_truncated,mid_box,true,,ok,,,false,,,,,false,captured_ephemeral
simple-evals,mgsm_answer_prefix,652c89d0ca9df547706735883097e9537d40dc47,synthetic-1729-mid_box-002,truncated,synthetic_truncated,mid_box,true,,ok,,,false,,,,,false,captured_ephemeral
simple-evals,mgsm_answer_prefix,652c89d0ca9df547706735883097e9537d40dc47,synthetic-1729-mid_box-003,truncated,synthetic_truncated,mid_box,true,,ok,,,false,,,,,false,captured_ephemeral
simple-evals,mgsm_answer_prefix,652c89d0ca9df547706735883097e9537d40dc47,synthetic-1729-mid_box-004,truncated,synthetic_truncated,mid_box,true,,ok,,,false,,,,,false,captured_ephemeral
simple-evals,mgsm_answer_prefix,652c89d0ca9df547706735883097e9537d40dc47,synthetic-1729-mid_box-005,truncated,synthetic_truncated,mid_box,true,,ok,,,false,,,,,false,captured_ephemeral
simple-evals,mgsm_answer_prefix,652c89d0ca9df547706735883097e9537d40dc47,synthetic-1729-mid_box-006,truncated,synthetic_truncated,mid_box,true,,ok,,,false,,,,,false,captured_ephemeral
simple-evals,mgsm_answer_prefix,652c89d0ca9df547706735883097e9537d40dc47,synthetic-1729-mid_box-007,truncated,synthetic_truncated,mid_box,true,,ok,,,false,,,,,false,captured_ephemeral
simple-evals,mgsm_answer_prefix,652c89d0ca9df547706735883097e9537d40dc47,synthetic-1729-mid_box-008,truncated,synthetic_truncated,mid_box,true,,ok,,,false,,,,,false,captured_ephemeral
simple-evals,mgsm_answer_prefix,652c89d0ca9df547706735883097e9537d40dc47,synthetic-1729-mid_box-009,truncated,synthetic_truncated,mid_box,true,,ok,,,false,,,,,false,captured_ephemeral
simple-evals,mgsm_answer_prefix,652c89d0ca9df547706735883097e9537d40dc47,synthetic-1729-mid_box-010,truncated,synthetic_truncated,mid_box,true,,ok,,,false,,,,,false,captured_ephemeral
simple-evals,mgsm_answer_prefix,652c89d0ca9df547706735883097e9537d40dc47,synthetic-1729-mid_box-011,truncated,synthetic_truncated,mid_box,true,,ok,,,false,,,,,false,captured_ephemeral
simple-evals,mgsm_answer_prefix,652c89d0ca9df547706735883097e9537d40dc47,synthetic-1729-mid_box-012,truncated,synthetic_truncated,mid_box,true,,ok,,,false,,,,,false,captured_ephemeral
simple-evals,mgsm_answer_prefix,652c89d0ca9df547706735883097e9537d40dc47,synthetic-1729-mid_box-013,truncated,synthetic_truncated,mid_box,true,,ok,,,false,,,,,false,captured_ephemeral
simple-evals,mgsm_answer_prefix,652c89d0ca9df547706735883097e9537d40dc47,synthetic-1729-mid_box-014,truncated,synthetic_truncated,mid_box,true,,ok,,,false,,,,,false,captured_ephemeral
simple-evals,mgsm_answer_prefix,652c89d0ca9df547706735883097e9537d40dc47,synthetic-1729-mid_box-015,truncated,synthetic_truncated,mid_box,true,,ok,,,false,,,,,false,captured_ephemeral
simple-evals,mgsm_answer_prefix,652c89d0ca9df547706735883097e9537d40dc47,synthetic-1729-mid_box-016,truncated,synthetic_truncated,mid_box,true,,ok,,,false,,,,,false,captured_ephemeral
simple-evals,mgsm_answer_prefix,652c89d0ca9df547706735883097e9537d40dc47,synthetic-1729-mid_box-017,truncated,synthetic_truncated,mid_box,true,,ok,,,false,,,,,false,captured_ephemeral
simple-evals,mgsm_answer_prefix,652c89d0ca9df547706735883097e9537d40dc47,synthetic-1729-mid_box-018,truncated,synthetic_truncated,mid_box,true,,ok,,,false,,,,,false,captured_ephemeral
simple-evals,mgsm_answer_prefix,652c89d0ca9df547706735883097e9537d40dc47,synthetic-1729-mid_box-019,truncated,synthetic_truncated,mid_box,true,,ok,,,false,,,,,false,captured_ephemeral
simple-evals,mgsm_answer_prefix,652c89d0ca9df547706735883097e9537d40dc47,synthetic-1729-mid_box-020,truncated,synthetic_truncated,mid_box,true,,ok,,,false,,,,,false,captured_ephemeral
simple-evals,mgsm_answer_prefix,652c89d0ca9df547706735883097e9537d40dc47,synthetic-1729-mid_multiple_choice_enumeration-001,truncated,synthetic_truncated,mid_multiple_choice_enumeration,true,,ok,,,false,,,,,false,captured_ephemeral
simple-evals,mgsm_answer_prefix,652c89d0ca9df547706735883097e9537d40dc47,synthetic-1729-mid_multiple_choice_enumeration-002,truncated,synthetic_truncated,mid_multiple_choice_enumeration,true,,ok,,,false,,,,,false,captured_ephemeral
simple-evals,mgsm_answer_prefix,652c89d0ca9df547706735883097e9537d40dc47,synthetic-1729-mid_multiple_choice_enumeration-003,truncated,synthetic_truncated,mid_multiple_choice_enumeration,true,,ok,,,false,,,,,false,captured_ephemeral
simple-evals,mgsm_answer_prefix,652c89d0ca9df547706735883097e9537d40dc47,synthetic-1729-mid_multiple_choice_enumeration-004,truncated,synthetic_truncated,mid_multiple_choice_enumeration,true,,ok,,,false,,,,,false,captured_ephemeral
simple-evals,mgsm_answer_prefix,652c89d0ca9df547706735883097e9537d40dc47,synthetic-1729-mid_multiple_choice_enumeration-005,truncated,synthetic_truncated,mid_multiple_choice_enumeration,true,,ok,,,false,,,,,false,captured_ephemeral
simple-evals,mgsm_answer_prefix,652c89d0ca9df547706735883097e9537d40dc47,synthetic-1729-mid_multiple_choice_enumeration-006,truncated,synthetic_truncated,mid_multiple_choice_enumeration,true,,ok,,,false,,,,,false,captured_ephemeral
simple-evals,mgsm_answer_prefix,652c89d0ca9df547706735883097e9537d40dc47,synthetic-1729-mid_multiple_choice_enumeration-007,truncated,synthetic_truncated,mid_multiple_choice_enumeration,true,,ok,,,false,,,,,false,captured_ephemeral
simple-evals,mgsm_answer_prefix,652c89d0ca9df547706735883097e9537d40dc47,synthetic-1729-mid_multiple_choice_enumeration-008,truncated,synthetic_truncated,mid_multiple_choice_enumeration,true,,ok,,,false,,,,,false,captured_ephemeral
simple-evals,mgsm_answer_prefix,652c89d0ca9df547706735883097e9537d40dc47,synthetic-1729-mid_multiple_choice_enumeration-009,truncated,synthetic_truncated,mid_multiple_choice_enumeration,true,,ok,,,false,,,,,false,captured_ephemeral
simple-evals,mgsm_answer_prefix,652c89d0ca9df547706735883097e9537d40dc47,synthetic-1729-mid_multiple_choice_enumeration-010,truncated,synthetic_truncated,mid_multiple_choice_enumeration,true,,ok,,,false,,,,,false,captured_ephemeral
simple-evals,mgsm_answer_prefix,652c89d0ca9df547706735883097e9537d40dc47,synthetic-1729-mid_multiple_choice_enumeration-011,truncated,synthetic_truncated,mid_multiple_choice_enumeration,true,,ok,,,false,,,,,false,captured_ephemeral
simple-evals,mgsm_answer_prefix,652c89d0ca9df547706735883097e9537d40dc47,synthetic-1729-mid_multiple_choice_enumeration-012,truncated,synthetic_truncated,mid_multiple_choice_enumeration,true,,ok,,,false,,,,,false,captured_ephemeral
simple-evals,mgsm_answer_prefix,652c89d0ca9df547706735883097e9537d40dc47,synthetic-1729-mid_multiple_choice_enumeration-013,truncated,synthetic_truncated,mid_multiple_choice_enumeration,true,,ok,,,false,,,,,false,captured_ephemeral
simple-evals,mgsm_answer_prefix,652c89d0ca9df547706735883097e9537d40dc47,synthetic-1729-mid_multiple_choice_enumeration-014,truncated,synthetic_truncated,mid_multiple_choice_enumeration,true,,ok,,,false,,,,,false,captured_ephemeral
simple-evals,mgsm_answer_prefix,652c89d0ca9df547706735883097e9537d40dc47,synthetic-1729-mid_multiple_choice_enumeration-015,truncated,synthetic_truncated,mid_multiple_choice_enumeration,true,,ok,,,false,,,,,false,captured_ephemeral
simple-evals,mgsm_answer_prefix,652c89d0ca9df547706735883097e9537d40dc47,synthetic-1729-mid_multiple_choice_enumeration-016,truncated,synthetic_truncated,mid_multiple_choice_enumeration,true,,ok,,,false,,,,,false,captured_ephemeral
simple-evals,mgsm_answer_prefix,652c89d0ca9df547706735883097e9537d40dc47,synthetic-1729-mid_multiple_choice_enumeration-017,truncated,synthetic_truncated,mid_multiple_choice_enumeration,true,,ok,,,false,,,,,false,captured_ephemeral
simple-evals,mgsm_answer_prefix,652c89d0ca9df547706735883097e9537d40dc47,synthetic-1729-mid_multiple_choice_enumeration-018,truncated,synthetic_truncated,mid_multiple_choice_enumeration,true,,ok,,,false,,,,,false,captured_ephemeral
simple-evals,mgsm_answer_prefix,652c89d0ca9df547706735883097e9537d40dc47,synthetic-1729-mid_multiple_choice_enumeration-019,truncated,synthetic_truncated,mid_multiple_choice_enumeration,true,,ok,,,false,,,,,false,captured_ephemeral
simple-evals,mgsm_answer_prefix,652c89d0ca9df547706735883097e9537d40dc47,synthetic-1729-mid_multiple_choice_enumeration-020,truncated,synthetic_truncated,mid_multiple_choice_enumeration,true,,ok,,,false,,,,,false,captured_ephemeral
simple-evals,mgsm_answer_prefix,652c89d0ca9df547706735883097e9537d40dc47,synthetic-1729-post_final_answer-001,truncated,synthetic_truncated,post_final_answer,true,,ok,,,false,,,,,false,captured_ephemeral
simple-evals,mgsm_answer_prefix,652c89d0ca9df547706735883097e9537d40dc47,synthetic-1729-post_final_answer-002,truncated,synthetic_truncated,post_final_answer,true,,ok,,,false,,,,,false,captured_ephemeral
simple-evals,mgsm_answer_prefix,652c89d0ca9df547706735883097e9537d40dc47,synthetic-1729-post_final_answer-003,truncated,synthetic_truncated,post_final_answer,true,,ok,,,false,,,,,false,captured_ephemeral
simple-evals,mgsm_answer_prefix,652c89d0ca9df547706735883097e9537d40dc47,synthetic-1729-post_final_answer-004,truncated,synthetic_truncated,post_final_answer,true,,ok,,,false,,,,,false,captured_ephemeral
simple-evals,mgsm_answer_prefix,652c89d0ca9df547706735883097e9537d40dc47,synthetic-1729-post_final_answer-005,truncated,synthetic_truncated,post_final_answer,true,,ok,,,false,,,,,false,captured_ephemeral
simple-evals,mgsm_answer_prefix,652c89d0ca9df547706735883097e9537d40dc47,synthetic-1729-post_final_answer-006,truncated,synthetic_truncated,post_final_answer,true,,ok,,,false,,,,,false,captured_ephemeral
simple-evals,mgsm_answer_prefix,652c89d0ca9df547706735883097e9537d40dc47,synthetic-1729-post_final_answer-007,truncated,synthetic_truncated,post_final_answer,true,,ok,,,false,,,,,false,captured_ephemeral
simple-evals,mgsm_answer_prefix,652c89d0ca9df547706735883097e9537d40dc47,synthetic-1729-post_final_answer-008,truncated,synthetic_truncated,post_final_answer,true,,ok,,,false,,,,,false,captured_ephemeral
simple-evals,mgsm_answer_prefix,652c89d0ca9df547706735883097e9537d40dc47,synthetic-1729-post_final_answer-009,truncated,synthetic_truncated,post_final_answer,true,,ok,,,false,,,,,false,captured_ephemeral
simple-evals,mgsm_answer_prefix,652c89d0ca9df547706735883097e9537d40dc47,synthetic-1729-post_final_answer-010,truncated,synthetic_truncated,post_final_answer,true,,ok,,,false,,,,,false,captured_ephemeral
simple-evals,mgsm_answer_prefix,652c89d0ca9df547706735883097e9537d40dc47,synthetic-1729-post_final_answer-011,truncated,synthetic_truncated,post_final_answer,true,,ok,,,false,,,,,false,captured_ephemeral
simple-evals,mgsm_answer_prefix,652c89d0ca9df547706735883097e9537d40dc47,synthetic-1729-post_final_answer-012,truncated,synthetic_truncated,post_final_answer,true,,ok,,,false,,,,,false,captured_ephemeral
simple-evals,mgsm_answer_prefix,652c89d0ca9df547706735883097e9537d40dc47,synthetic-1729-post_final_answer-013,truncated,synthetic_truncated,post_final_answer,true,,ok,,,false,,,,,false,captured_ephemeral
simple-evals,mgsm_answer_prefix,652c89d0ca9df547706735883097e9537d40dc47,synthetic-1729-post_final_answer-014,truncated,synthetic_truncated,post_final_answer,true,,ok,,,false,,,,,false,captured_ephemeral
simple-evals,mgsm_answer_prefix,652c89d0ca9df547706735883097e9537d40dc47,synthetic-1729-post_final_answer-015,truncated,synthetic_truncated,post_final_answer,true,,ok,,,false,,,,,false,captured_ephemeral
simple-evals,mgsm_answer_prefix,652c89d0ca9df547706735883097e9537d40dc47,synthetic-1729-post_final_answer-016,truncated,synthetic_truncated,post_final_answer,true,,ok,,,false,,,,,false,captured_ephemeral
simple-evals,mgsm_answer_prefix,652c89d0ca9df547706735883097e9537d40dc47,synthetic-1729-post_final_answer-017,truncated,synthetic_truncated,post_final_answer,true,,ok,,,false,,,,,false,captured_ephemeral
simple-evals,mgsm_answer_prefix,652c89d0ca9df547706735883097e9537d40dc47,synthetic-1729-post_final_answer-018,truncated,synthetic_truncated,post_final_answer,true,,ok,,,false,,,,,false,captured_ephemeral
simple-evals,mgsm_answer_prefix,652c89d0ca9df547706735883097e9537d40dc47,synthetic-1729-post_final_answer-019,truncated,synthetic_truncated,post_final_answer,true,,ok,,,false,,,,,false,captured_ephemeral
simple-evals,mgsm_answer_prefix,652c89d0ca9df547706735883097e9537d40dc47,synthetic-1729-post_final_answer-020,truncated,synthetic_truncated,post_final_answer,true,,ok,,,false,,,,,false,captured_ephemeral
simple-evals,mgsm_answer_prefix,652c89d0ca9df547706735883097e9537d40dc47,synthetic-1729-degeneration_loop_plausible_number-001,truncated,synthetic_truncated,degeneration_loop_plausible_number,true,,ok,,,false,,,,,false,captured_ephemeral
simple-evals,mgsm_answer_prefix,652c89d0ca9df547706735883097e9537d40dc47,synthetic-1729-degeneration_loop_plausible_number-002,truncated,synthetic_truncated,degeneration_loop_plausible_number,true,,ok,,,false,,,,,false,captured_ephemeral
simple-evals,mgsm_answer_prefix,652c89d0ca9df547706735883097e9537d40dc47,synthetic-1729-degeneration_loop_plausible_number-003,truncated,synthetic_truncated,degeneration_loop_plausible_number,true,,ok,,,false,,,,,false,captured_ephemeral
simple-evals,mgsm_answer_prefix,652c89d0ca9df547706735883097e9537d40dc47,synthetic-1729-degeneration_loop_plausible_number-004,truncated,synthetic_truncated,degeneration_loop_plausible_number,true,,ok,,,false,,,,,false,captured_ephemeral
simple-evals,mgsm_answer_prefix,652c89d0ca9df547706735883097e9537d40dc47,synthetic-1729-degeneration_loop_plausible_number-005,truncated,synthetic_truncated,degeneration_loop_plausible_number,true,,ok,,,false,,,,,false,captured_ephemeral
simple-evals,mgsm_answer_prefix,652c89d0ca9df547706735883097e9537d40dc47,synthetic-1729-degeneration_loop_plausible_number-006,truncated,synthetic_truncated,degeneration_loop_plausible_number,true,,ok,,,false,,,,,false,captured_ephemeral
simple-evals,mgsm_answer_prefix,652c89d0ca9df547706735883097e9537d40dc47,synthetic-1729-degeneration_loop_plausible_number-007,truncated,synthetic_truncated,degeneration_loop_plausible_number,true,,ok,,,false,,,,,false,captured_ephemeral
simple-evals,mgsm_answer_prefix,652c89d0ca9df547706735883097e9537d40dc47,synthetic-1729-degeneration_loop_plausible_number-008,truncated,synthetic_truncated,degeneration_loop_plausible_number,true,,ok,,,false,,,,,false,captured_ephemeral
simple-evals,mgsm_answer_prefix,652c89d0ca9df547706735883097e9537d40dc47,synthetic-1729-degeneration_loop_plausible_number-009,truncated,synthetic_truncated,degeneration_loop_plausible_number,true,,ok,,,false,,,,,false,captured_ephemeral
simple-evals,mgsm_answer_prefix,652c89d0ca9df547706735883097e9537d40dc47,synthetic-1729-degeneration_loop_plausible_number-010,truncated,synthetic_truncated,degeneration_loop_plausible_number,true,,ok,,,false,,,,,false,captured_ephemeral
simple-evals,mgsm_answer_prefix,652c89d0ca9df547706735883097e9537d40dc47,synthetic-1729-degeneration_loop_plausible_number-011,truncated,synthetic_truncated,degeneration_loop_plausible_number,true,,ok,,,false,,,,,false,captured_ephemeral
simple-evals,mgsm_answer_prefix,652c89d0ca9df547706735883097e9537d40dc47,synthetic-1729-degeneration_loop_plausible_number-012,truncated,synthetic_truncated,degeneration_loop_plausible_number,true,,ok,,,false,,,,,false,captured_ephemeral
simple-evals,mgsm_answer_prefix,652c89d0ca9df547706735883097e9537d40dc47,synthetic-1729-degeneration_loop_plausible_number-013,truncated,synthetic_truncated,degeneration_loop_plausible_number,true,,ok,,,false,,,,,false,captured_ephemeral
simple-evals,mgsm_answer_prefix,652c89d0ca9df547706735883097e9537d40dc47,synthetic-1729-degeneration_loop_plausible_number-014,truncated,synthetic_truncated,degeneration_loop_plausible_number,true,,ok,,,false,,,,,false,captured_ephemeral
simple-evals,mgsm_answer_prefix,652c89d0ca9df547706735883097e9537d40dc47,synthetic-1729-degeneration_loop_plausible_number-015,truncated,synthetic_truncated,degeneration_loop_plausible_number,true,,ok,,,false,,,,,false,captured_ephemeral
simple-evals,mgsm_answer_prefix,652c89d0ca9df547706735883097e9537d40dc47,synthetic-1729-degeneration_loop_plausible_number-016,truncated,synthetic_truncated,degeneration_loop_plausible_number,true,,ok,,,false,,,,,false,captured_ephemeral
simple-evals,mgsm_answer_prefix,652c89d0ca9df547706735883097e9537d40dc47,synthetic-1729-degeneration_loop_plausible_number-017,truncated,synthetic_truncated,degeneration_loop_plausible_number,true,,ok,,,false,,,,,false,captured_ephemeral
simple-evals,mgsm_answer_prefix,652c89d0ca9df547706735883097e9537d40dc47,synthetic-1729-degeneration_loop_plausible_number-018,truncated,synthetic_truncated,degeneration_loop_plausible_number,true,,ok,,,false,,,,,false,captured_ephemeral
simple-evals,mgsm_answer_prefix,652c89d0ca9df547706735883097e9537d40dc47,synthetic-1729-degeneration_loop_plausible_number-019,truncated,synthetic_truncated,degeneration_loop_plausible_number,true,,ok,,,false,,,,,false,captured_ephemeral
simple-evals,mgsm_answer_prefix,652c89d0ca9df547706735883097e9537d40dc47,synthetic-1729-degeneration_loop_plausible_number-020,truncated,synthetic_truncated,degeneration_loop_plausible_number,true,,ok,,,false,,,,,false,captured_ephemeral
simple-evals,mgsm_answer_prefix,652c89d0ca9df547706735883097e9537d40dc47,synthetic-1729-mid_latex_expression-001,truncated,synthetic_truncated,mid_latex_expression,true,,ok,,,false,,,,,false,captured_ephemeral
simple-evals,mgsm_answer_prefix,652c89d0ca9df547706735883097e9537d40dc47,synthetic-1729-mid_latex_expression-002,truncated,synthetic_truncated,mid_latex_expression,true,,ok,,,false,,,,,false,captured_ephemeral
simple-evals,mgsm_answer_prefix,652c89d0ca9df547706735883097e9537d40dc47,synthetic-1729-mid_latex_expression-003,truncated,synthetic_truncated,mid_latex_expression,true,,ok,,,false,,,,,false,captured_ephemeral
simple-evals,mgsm_answer_prefix,652c89d0ca9df547706735883097e9537d40dc47,synthetic-1729-mid_latex_expression-004,truncated,synthetic_truncated,mid_latex_expression,true,,ok,,,false,,,,,false,captured_ephemeral
simple-evals,mgsm_answer_prefix,652c89d0ca9df547706735883097e9537d40dc47,synthetic-1729-mid_latex_expression-005,truncated,synthetic_truncated,mid_latex_expression,true,,ok,,,false,,,,,false,captured_ephemeral
simple-evals,mgsm_answer_prefix,652c89d0ca9df547706735883097e9537d40dc47,synthetic-1729-mid_latex_expression-006,truncated,synthetic_truncated,mid_latex_expression,true,,ok,,,false,,,,,false,captured_ephemeral
simple-evals,mgsm_answer_prefix,652c89d0ca9df547706735883097e9537d40dc47,synthetic-1729-mid_latex_expression-007,truncated,synthetic_truncated,mid_latex_expression,true,,ok,,,false,,,,,false,captured_ephemeral
simple-evals,mgsm_answer_prefix,652c89d0ca9df547706735883097e9537d40dc47,synthetic-1729-mid_latex_expression-008,truncated,synthetic_truncated,mid_latex_expression,true,,ok,,,false,,,,,false,captured_ephemeral
simple-evals,mgsm_answer_prefix,652c89d0ca9df547706735883097e9537d40dc47,synthetic-1729-mid_latex_expression-009,truncated,synthetic_truncated,mid_latex_expression,true,,ok,,,false,,,,,false,captured_ephemeral
simple-evals,mgsm_answer_prefix,652c89d0ca9df547706735883097e9537d40dc47,synthetic-1729-mid_latex_expression-010,truncated,synthetic_truncated,mid_latex_expression,true,,ok,,,false,,,,,false,captured_ephemeral
simple-evals,mgsm_answer_prefix,652c89d0ca9df547706735883097e9537d40dc47,synthetic-1729-mid_latex_expression-011,truncated,synthetic_truncated,mid_latex_expression,true,,ok,,,false,,,,,false,captured_ephemeral
simple-evals,mgsm_answer_prefix,652c89d0ca9df547706735883097e9537d40dc47,synthetic-1729-mid_latex_expression-012,truncated,synthetic_truncated,mid_latex_expression,true,,ok,,,false,,,,,false,captured_ephemeral
simple-evals,mgsm_answer_prefix,652c89d0ca9df547706735883097e9537d40dc47,synthetic-1729-mid_latex_expression-013,truncated,synthetic_truncated,mid_latex_expression,true,,ok,,,false,,,,,false,captured_ephemeral
simple-evals,mgsm_answer_prefix,652c89d0ca9df547706735883097e9537d40dc47,synthetic-1729-mid_latex_expression-014,truncated,synthetic_truncated,mid_latex_expression,true,,ok,,,false,,,,,false,captured_ephemeral
simple-evals,mgsm_answer_prefix,652c89d0ca9df547706735883097e9537d40dc47,synthetic-1729-mid_latex_expression-015,truncated,synthetic_truncated,mid_latex_expression,true,,ok,,,false,,,,,false,captured_ephemeral
simple-evals,mgsm_answer_prefix,652c89d0ca9df547706735883097e9537d40dc47,synthetic-1729-mid_latex_expression-016,truncated,synthetic_truncated,mid_latex_expression,true,,ok,,,false,,,,,false,captured_ephemeral
simple-evals,mgsm_answer_prefix,652c89d0ca9df547706735883097e9537d40dc47,synthetic-1729-mid_latex_expression-017,truncated,synthetic_truncated,mid_latex_expression,true,,ok,,,false,,,,,false,captured_ephemeral
simple-evals,mgsm_answer_prefix,652c89d0ca9df547706735883097e9537d40dc47,synthetic-1729-mid_latex_expression-018,truncated,synthetic_truncated,mid_latex_expression,true,,ok,,,false,,,,,false,captured_ephemeral
simple-evals,mgsm_answer_prefix,652c89d0ca9df547706735883097e9537d40dc47,synthetic-1729-mid_latex_expression-019,truncated,synthetic_truncated,mid_latex_expression,true,,ok,,,false,,,,,false,captured_ephemeral
simple-evals,mgsm_answer_prefix,652c89d0ca9df547706735883097e9537d40dc47,synthetic-1729-mid_latex_expression-020,truncated,synthetic_truncated,mid_latex_expression,true,,ok,,,false,,,,,false,captured_ephemeral
simple-evals,mgsm_answer_prefix,652c89d0ca9df547706735883097e9537d40dc47,real-control_correct-89378d7c9af16411-001,control_correct,finished_control,,true,,ok,,,false,,,,,false,captured_ephemeral
simple-evals,mgsm_answer_prefix,652c89d0ca9df547706735883097e9537d40dc47,real-control_correct-16e0de893f7ebe3a-001,control_correct,finished_control,,true,,ok,,,false,,,,,false,captured_ephemeral
simple-evals,mgsm_answer_prefix,652c89d0ca9df547706735883097e9537d40dc47,real-control_correct-2d3da8c4bfee3c4c-001,control_correct,finished_control,,true,,ok,,,false,,,,,false,captured_ephemeral
simple-evals,mgsm_answer_prefix,652c89d0ca9df547706735883097e9537d40dc47,real-control_correct-c9f62a5de2de08df-001,control_correct,finished_control,,true,,ok,,,false,,,,,false,captured_ephemeral
simple-evals,mgsm_answer_prefix,652c89d0ca9df547706735883097e9537d40dc47,real-control_correct-c6ddf5c572a35adb-001,control_correct,finished_control,,true,,ok,,,false,,,,,false,captured_ephemeral
simple-evals,mgsm_answer_prefix,652c89d0ca9df547706735883097e9537d40dc47,real-control_correct-17d3bfe110828692-001,control_correct,finished_control,,true,,ok,,,false,,,,,false,captured_ephemeral
simple-evals,mgsm_answer_prefix,652c89d0ca9df547706735883097e9537d40dc47,real-control_correct-61723f102d6ae8a1-001,control_correct,finished_control,,true,,ok,,,false,,,,,false,captured_ephemeral
simple-evals,mgsm_answer_prefix,652c89d0ca9df547706735883097e9537d40dc47,real-control_correct-255be5d582935302-001,control_correct,finished_control,,true,,ok,,,false,,,,,false,captured_ephemeral
simple-evals,mgsm_answer_prefix,652c89d0ca9df547706735883097e9537d40dc47,real-control_correct-9e251a1ffea90916-001,control_correct,finished_control,,true,,ok,,,false,,,,,false,captured_ephemeral
simple-evals,mgsm_answer_prefix,652c89d0ca9df547706735883097e9537d40dc47,real-control_correct-43de6f6db2801086-001,control_correct,finished_control,,true,,ok,,,false,,,,,false,captured_ephemeral
simple-evals,mgsm_answer_prefix,652c89d0ca9df547706735883097e9537d40dc47,real-control_correct-eeb69bc8e4b6afb6-001,control_correct,finished_control,,true,,ok,,,false,,,,,false,captured_ephemeral
simple-evals,mgsm_answer_prefix,652c89d0ca9df547706735883097e9537d40dc47,real-control_correct-8e92ff00e3dc8c7f-001,control_correct,finished_control,,true,,ok,,,false,,,,,false,captured_ephemeral
simple-evals,mgsm_answer_prefix,652c89d0ca9df547706735883097e9537d40dc47,real-control_correct-c2bfbc405396d110-001,control_correct,finished_control,,true,,ok,,,false,,,,,false,captured_ephemeral
simple-evals,mgsm_answer_prefix,652c89d0ca9df547706735883097e9537d40dc47,real-control_correct-c44a3d80f5ea3ae9-001,control_correct,finished_control,,true,,ok,,,false,,,,,false,captured_ephemeral
simple-evals,mgsm_answer_prefix,652c89d0ca9df547706735883097e9537d40dc47,real-control_correct-45c33fc7f4b89ab1-001,control_correct,finished_control,,true,,ok,,,false,,,,,false,captured_ephemeral
simple-evals,mgsm_answer_prefix,652c89d0ca9df547706735883097e9537d40dc47,real-control_correct-2ec159fcc5ac75cf-001,control_correct,finished_control,,true,,ok,,,false,,,,,false,captured_ephemeral
simple-evals,mgsm_answer_prefix,652c89d0ca9df547706735883097e9537d40dc47,real-control_correct-4bc94d1cce22bd8b-001,control_correct,finished_control,,true,,ok,,,false,,,,,false,captured_ephemeral
simple-evals,mgsm_answer_prefix,652c89d0ca9df547706735883097e9537d40dc47,real-control_correct-02db4d1921acd1d7-001,control_correct,finished_control,,true,,ok,,,false,,,,,false,captured_ephemeral
simple-evals,mgsm_answer_prefix,652c89d0ca9df547706735883097e9537d40dc47,real-control_correct-0e0bf8d361f29f7c-001,control_correct,finished_control,,true,,ok,,,false,,,,,false,captured_ephemeral
simple-evals,mgsm_answer_prefix,652c89d0ca9df547706735883097e9537d40dc47,real-control_correct-585dbca476773d3a-001,control_correct,finished_control,,true,,ok,,,false,,,,,false,captured_ephemeral
simple-evals,mgsm_answer_prefix,652c89d0ca9df547706735883097e9537d40dc47,real-control_correct-066f81dce4312897-001,control_correct,finished_control,,true,,ok,,,false,,,,,false,captured_ephemeral
simple-evals,mgsm_answer_prefix,652c89d0ca9df547706735883097e9537d40dc47,real-control_correct-7c345a24b0485152-001,control_correct,finished_control,,true,,ok,,,false,,,,,false,captured_ephemeral
simple-evals,mgsm_answer_prefix,652c89d0ca9df547706735883097e9537d40dc47,real-control_correct-14b3558563a36d01-001,control_correct,finished_control,,true,,ok,,,false,,,,,false,captured_ephemeral
simple-evals,mgsm_answer_prefix,652c89d0ca9df547706735883097e9537d40dc47,real-control_correct-52cde770e82e4c2e-001,control_correct,finished_control,,true,,ok,,,false,,,,,false,captured_ephemeral
simple-evals,mgsm_answer_prefix,652c89d0ca9df547706735883097e9537d40dc47,real-control_correct-a3713e645b1649de-001,control_correct,finished_control,,true,,ok,,,false,,,,,false,captured_ephemeral
simple-evals,mgsm_answer_prefix,652c89d0ca9df547706735883097e9537d40dc47,real-control_correct-2154392bb16da70b-001,control_correct,finished_control,,true,,ok,,,false,,,,,false,captured_ephemeral
simple-evals,mgsm_answer_prefix,652c89d0ca9df547706735883097e9537d40dc47,real-control_correct-58e45e3809bf2724-001,control_correct,finished_control,,true,,ok,,,false,,,,,false,captured_ephemeral
simple-evals,mgsm_answer_prefix,652c89d0ca9df547706735883097e9537d40dc47,real-control_correct-ef625c1ebfd1e6d8-001,control_correct,finished_control,,true,,ok,,,false,,,,,false,captured_ephemeral
simple-evals,mgsm_answer_prefix,652c89d0ca9df547706735883097e9537d40dc47,real-control_correct-fc4941cec6e2d7b3-001,control_correct,finished_control,,true,,ok,,,false,,,,,false,captured_ephemeral
simple-evals,mgsm_answer_prefix,652c89d0ca9df547706735883097e9537d40dc47,real-control_correct-14a0b724276c5caa-001,control_correct,finished_control,,true,,ok,,,false,,,,,false,captured_ephemeral
simple-evals,mgsm_answer_prefix,652c89d0ca9df547706735883097e9537d40dc47,real-control_correct-5aba32f1a8311a80-001,control_correct,finished_control,,true,,ok,,,false,,,,,false,captured_ephemeral
simple-evals,mgsm_answer_prefix,652c89d0ca9df547706735883097e9537d40dc47,real-control_correct-2efd83efcd01279f-001,control_correct,finished_control,,true,,ok,,,false,,,,,false,captured_ephemeral
simple-evals,mgsm_answer_prefix,652c89d0ca9df547706735883097e9537d40dc47,real-control_correct-c4ae4e148917ebf3-001,control_correct,finished_control,,true,,ok,,,false,,,,,false,captured_ephemeral
simple-evals,mgsm_answer_prefix,652c89d0ca9df547706735883097e9537d40dc47,real-control_correct-d2716747c59bfdd8-001,control_correct,finished_control,,true,,ok,,,false,,,,,false,captured_ephemeral
simple-evals,mgsm_answer_prefix,652c89d0ca9df547706735883097e9537d40dc47,real-control_correct-62093781aed9b537-001,control_correct,finished_control,,true,,ok,,,false,,,,,false,captured_ephemeral
simple-evals,mgsm_answer_prefix,652c89d0ca9df547706735883097e9537d40dc47,real-control_correct-b286790a32a1fbe8-001,control_correct,finished_control,,true,,ok,,,false,,,,,false,captured_ephemeral
simple-evals,mgsm_answer_prefix,652c89d0ca9df547706735883097e9537d40dc47,real-control_correct-d18b4c82b12f0306-001,control_correct,finished_control,,true,,ok,,,false,,,,,false,captured_ephemeral
simple-evals,mgsm_answer_prefix,652c89d0ca9df547706735883097e9537d40dc47,real-control_correct-96dfc10499a820c6-001,control_correct,finished_control,,true,,ok,,,false,,,,,false,captured_ephemeral
simple-evals,mgsm_answer_prefix,652c89d0ca9df547706735883097e9537d40dc47,real-control_correct-3ec3306f5f7bc543-001,control_correct,finished_control,,true,,ok,,,false,,,,,false,captured_ephemeral
simple-evals,mgsm_answer_prefix,652c89d0ca9df547706735883097e9537d40dc47,real-control_correct-337848c60cd45f12-001,control_correct,finished_control,,true,,ok,,,false,,,,,false,captured_ephemeral
simple-evals,mgsm_answer_prefix,652c89d0ca9df547706735883097e9537d40dc47,real-control_correct-8494ad4e58faefe9-001,control_correct,finished_control,,true,,ok,,,false,,,,,false,captured_ephemeral
simple-evals,mgsm_answer_prefix,652c89d0ca9df547706735883097e9537d40dc47,real-control_correct-0f0941eab1767f38-001,control_correct,finished_control,,true,,ok,,,false,,,,,false,captured_ephemeral
simple-evals,mgsm_answer_prefix,652c89d0ca9df547706735883097e9537d40dc47,real-control_correct-beea208faf3d4bf4-001,control_correct,finished_control,,true,,ok,,,false,,,,,false,captured_ephemeral
simple-evals,mgsm_answer_prefix,652c89d0ca9df547706735883097e9537d40dc47,real-control_correct-49c6c44114b703fb-001,control_correct,finished_control,,true,,ok,,,false,,,,,false,captured_ephemeral
simple-evals,mgsm_answer_prefix,652c89d0ca9df547706735883097e9537d40dc47,real-control_correct-7e4dcc5a2d2dc94f-001,control_correct,finished_control,,true,,ok,,,false,,,,,false,captured_ephemeral
simple-evals,mgsm_answer_prefix,652c89d0ca9df547706735883097e9537d40dc47,real-control_correct-f3c4bd0f7b512e57-001,control_correct,finished_control,,true,,ok,,,false,,,,,false,captured_ephemeral
simple-evals,mgsm_answer_prefix,652c89d0ca9df547706735883097e9537d40dc47,real-control_correct-77dca34ea2834915-001,control_correct,finished_control,,true,,ok,,,false,,,,,false,captured_ephemeral
simple-evals,mgsm_answer_prefix,652c89d0ca9df547706735883097e9537d40dc47,real-control_correct-f61d7cc8e44486cd-001,control_correct,finished_control,,true,,ok,,,false,,,,,false,captured_ephemeral
simple-evals,mgsm_answer_prefix,652c89d0ca9df547706735883097e9537d40dc47,real-control_correct-83db8adebe9798de-001,control_correct,finished_control,,true,,ok,,23,true,,,,,false,captured_ephemeral
simple-evals,mgsm_answer_prefix,652c89d0ca9df547706735883097e9537d40dc47,real-control_correct-b745903bf49608cc-001,control_correct,finished_control,,true,,ok,,26,true,,,,,true,captured_ephemeral
simple-evals,mgsm_answer_prefix,652c89d0ca9df547706735883097e9537d40dc47,real-control_correct-2c758d44ca541778-001,control_correct,finished_control,,true,,ok,,,false,,,,,false,captured_ephemeral
simple-evals,mgsm_answer_prefix,652c89d0ca9df547706735883097e9537d40dc47,real-control_correct-4a3fdef251946148-001,control_correct,finished_control,,true,,ok,,23,true,,,,,false,captured_ephemeral
simple-evals,mgsm_answer_prefix,652c89d0ca9df547706735883097e9537d40dc47,real-control_correct-0ec44c79139c33e2-001,control_correct,finished_control,,true,,ok,,2017,true,,,,,false,captured_ephemeral
simple-evals,mgsm_answer_prefix,652c89d0ca9df547706735883097e9537d40dc47,real-control_correct-81b17ec6e1a7d1a8-001,control_correct,finished_control,,true,,ok,,2017,true,,,,,false,captured_ephemeral
simple-evals,mgsm_answer_prefix,652c89d0ca9df547706735883097e9537d40dc47,real-control_correct-0e5f87e242720bf2-001,control_correct,finished_control,,true,,ok,,,false,,,,,false,captured_ephemeral
simple-evals,mgsm_answer_prefix,652c89d0ca9df547706735883097e9537d40dc47,real-control_correct-593135bb2de509c3-001,control_correct,finished_control,,true,,ok,,,false,,,,,false,captured_ephemeral
simple-evals,mgsm_answer_prefix,652c89d0ca9df547706735883097e9537d40dc47,real-control_correct-c56c011273c6c234-001,control_correct,finished_control,,true,,ok,,,false,,,,,false,captured_ephemeral
simple-evals,mgsm_answer_prefix,652c89d0ca9df547706735883097e9537d40dc47,real-control_correct-29005d671726f869-001,control_correct,finished_control,,true,,ok,,,false,,,,,false,captured_ephemeral
simple-evals,mgsm_answer_prefix,652c89d0ca9df547706735883097e9537d40dc47,real-control_correct-67c0cfb485b8e0e1-001,control_correct,finished_control,,true,,ok,,,false,,,,,false,captured_ephemeral
simple-evals,mgsm_answer_prefix,652c89d0ca9df547706735883097e9537d40dc47,real-control_correct-afc87305e9694a73-001,control_correct,finished_control,,true,,ok,,,false,,,,,false,captured_ephemeral
simple-evals,mgsm_answer_prefix,652c89d0ca9df547706735883097e9537d40dc47,real-control_correct-e7d166d098fcef41-001,control_correct,finished_control,,true,,ok,,,false,,,,,false,captured_ephemeral
simple-evals,mgsm_answer_prefix,652c89d0ca9df547706735883097e9537d40dc47,real-control_correct-c377b550ceb9090b-001,control_correct,finished_control,,true,,ok,,,false,,,,,false,captured_ephemeral
simple-evals,mgsm_answer_prefix,652c89d0ca9df547706735883097e9537d40dc47,real-control_correct-b4137beeac8ed865-001,control_correct,finished_control,,true,,ok,,,false,,,,,false,captured_ephemeral
simple-evals,mgsm_answer_prefix,652c89d0ca9df547706735883097e9537d40dc47,real-control_correct-8124daee9eec1012-001,control_correct,finished_control,,true,,ok,,,false,,,,,false,captured_ephemeral
lighteval,math_extractive_match,64f4f5ae173626509fad6e477ca4ee56ebb26129,real-truncated-aa20e7ac6246feb9-001,truncated,real_truncated,,true,,ok,,,false,,,,,false,captured_ephemeral
lighteval,math_extractive_match,64f4f5ae173626509fad6e477ca4ee56ebb26129,real-truncated-aa20e7ac6246feb9-002,truncated,real_truncated,,true,,ok,,,false,,,,,false,captured_ephemeral
lighteval,math_extractive_match,64f4f5ae173626509fad6e477ca4ee56ebb26129,real-truncated-aa20e7ac6246feb9-003,truncated,real_truncated,,true,,ok,,,false,,,,,false,captured_ephemeral
lighteval,math_extractive_match,64f4f5ae173626509fad6e477ca4ee56ebb26129,real-truncated-aa20e7ac6246feb9-004,truncated,real_truncated,,true,,ok,,,false,,,,,false,captured_ephemeral
lighteval,math_extractive_match,64f4f5ae173626509fad6e477ca4ee56ebb26129,real-truncated-6cbbd1fc624eeadc-001,truncated,real_truncated,,true,,ok,,"[""0"",""0""]",true,,,,,false,captured_ephemeral
lighteval,math_extractive_match,64f4f5ae173626509fad6e477ca4ee56ebb26129,real-truncated-bd664f49bf0e323e-001,truncated,real_truncated,,true,,ok,,"[""0"",""0""]",true,,,,,false,captured_ephemeral
lighteval,math_extractive_match,64f4f5ae173626509fad6e477ca4ee56ebb26129,real-truncated-491eccf133b25a22-001,truncated,real_truncated,,true,,ok,,,false,,,,,false,captured_ephemeral
lighteval,math_extractive_match,64f4f5ae173626509fad6e477ca4ee56ebb26129,real-truncated-6a67539058b9830a-001,truncated,real_truncated,,true,,ok,,"[""5816"",""5816).""]",true,,,,,false,captured_ephemeral
lighteval,math_extractive_match,64f4f5ae173626509fad6e477ca4ee56ebb26129,real-truncated-80007a0418241777-001,truncated,real_truncated,,true,,ok,,"[""3875/286"",""3875/286""]",true,,,,,false,captured_ephemeral
lighteval,math_extractive_match,64f4f5ae173626509fad6e477ca4ee56ebb26129,real-truncated-3e5a56704b99efaf-001,truncated,real_truncated,,true,,ok,,"[""798681656"",""798681656""]",true,,,,,false,captured_ephemeral
lighteval,math_extractive_match,64f4f5ae173626509fad6e477ca4ee56ebb26129,real-truncated-0f801e8936e3e652-001,truncated,real_truncated,,true,,ok,,"[""-4.47200000000000"",""-2.236)(4.854 -3)(4.854 -4.472)""]",true,,,,,false,captured_ephemeral
lighteval,math_extractive_match,64f4f5ae173626509fad6e477ca4ee56ebb26129,real-truncated-64dca569eb2179ee-001,truncated,real_truncated,,true,,ok,,"[""727"",""727""]",true,,,,,false,captured_ephemeral
lighteval,math_extractive_match,64f4f5ae173626509fad6e477ca4ee56ebb26129,real-truncated-62f658f8621431bd-001,truncated,real_truncated,,true,,ok,,"[""9.09000000000000"",""9.09""]",true,,,,,false,captured_ephemeral
lighteval,math_extractive_match,64f4f5ae173626509fad6e477ca4ee56ebb26129,real-truncated-d1c8cfdc97ccfed3-001,truncated,real_truncated,,true,,ok,,"[""2"",""2""]",true,,,,,false,captured_ephemeral
lighteval,math_extractive_match,64f4f5ae173626509fad6e477ca4ee56ebb26129,real-truncated-11ac842eba29ce66-001,truncated,real_truncated,,true,,ok,,"[""1"",""1""]",true,,,,,false,captured_ephemeral
lighteval,math_extractive_match,64f4f5ae173626509fad6e477ca4ee56ebb26129,real-truncated-7d4dcc415df8964c-001,truncated,real_truncated,,true,,ok,,"[""P(90)"",""P(90)""]",true,,,,,false,captured_ephemeral
lighteval,math_extractive_match,64f4f5ae173626509fad6e477ca4ee56ebb26129,real-truncated-40b63e4bb8bc1fc2-001,truncated,real_truncated,,true,,ok,,"[""8"",""8""]",true,,,,,false,captured_ephemeral
lighteval,math_extractive_match,64f4f5ae173626509fad6e477ca4ee56ebb26129,real-truncated-e4cb8ed5052dcd59-001,truncated,real_truncated,,true,,ok,,"[""232"",""232""]",true,,,,,false,captured_ephemeral
lighteval,math_extractive_match,64f4f5ae173626509fad6e477ca4ee56ebb26129,real-truncated-5f94257404611a94-001,truncated,real_truncated,,true,,ok,,"[""99"",""99""]",true,,,,,false,captured_ephemeral
lighteval,math_extractive_match,64f4f5ae173626509fad6e477ca4ee56ebb26129,real-truncated-cac6cd311f4a62d6-001,truncated,real_truncated,,true,,ok,,"[""c*du*o*p*r*t"",""product""]",true,,,,,false,captured_ephemeral
lighteval,math_extractive_match,64f4f5ae173626509fad6e477ca4ee56ebb26129,real-truncated-d8a68b2d62a0e37e-001,truncated,real_truncated,,true,,ok,,"[""19"",""19""]",true,,,,,false,captured_ephemeral
lighteval,math_extractive_match,64f4f5ae173626509fad6e477ca4ee56ebb26129,real-truncated-6313122c5f9da4b8-001,truncated,real_truncated,,true,,ok,,"[""4608"",""4608""]",true,,,,,false,captured_ephemeral
lighteval,math_extractive_match,64f4f5ae173626509fad6e477ca4ee56ebb26129,real-truncated-9880d7c411a9144e-001,truncated,real_truncated,,true,,ok,,"[""1354/65"",""1354/65""]",true,,,,,false,captured_ephemeral
lighteval,math_extractive_match,64f4f5ae173626509fad6e477ca4ee56ebb26129,real-truncated-c4dd38bcc0c31ad8-001,truncated,real_truncated,,true,,ok,,"[""12"",""12""]",true,,,,,false,captured_ephemeral
lighteval,math_extractive_match,64f4f5ae173626509fad6e477ca4ee56ebb26129,real-truncated-c7a933a4b57b2cee-001,truncated,real_truncated,,true,,ok,,"[""12"",""12""]",true,,,,,false,captured_ephemeral
lighteval,math_extractive_match,64f4f5ae173626509fad6e477ca4ee56ebb26129,real-truncated-7ae317e50e0d73c5-001,truncated,real_truncated,,true,,ok,,"[""3 + 4 + 8"",""4+3+8\n\n""]",true,,,,,false,captured_ephemeral
lighteval,math_extractive_match,64f4f5ae173626509fad6e477ca4ee56ebb26129,real-truncated-9ecfc35fcefae241-001,truncated,real_truncated,,true,,ok,,,false,,,,,false,captured_ephemeral
lighteval,math_extractive_match,64f4f5ae173626509fad6e477ca4ee56ebb26129,real-truncated-acb3a5295c56829c-001,truncated,real_truncated,,true,,ok,,,false,,,,,false,captured_ephemeral
lighteval,math_extractive_match,64f4f5ae173626509fad6e477ca4ee56ebb26129,real-truncated-25007c1e26d4eeb2-001,truncated,real_truncated,,true,,ok,,"[""10"",""10""]",true,,,,,false,captured_ephemeral
lighteval,math_extractive_match,64f4f5ae173626509fad6e477ca4ee56ebb26129,real-truncated-ba728ce1826746c2-001,truncated,real_truncated,,true,,ok,,"[""Eq(P*X, -1*2*sqrt(3) + sqrt(23))"",""XP = \\sqrt{23} - 2\\sqrt{3}""]",true,,,,,false,captured_ephemeral
lighteval,math_extractive_match,64f4f5ae173626509fad6e477ca4ee56ebb26129,real-truncated-707f12f62e6d4cef-001,truncated,real_truncated,,true,,ok,,"[""77/2"",""\\frac{77}{2}""]",true,,,,,false,captured_ephemeral
lighteval,math_extractive_match,64f4f5ae173626509fad6e477ca4ee56ebb26129,real-truncated-d2e93ae35a6c6929-001,truncated,real_truncated,,true,,ok,,"[""1.00000000000000"",""1.0""]",true,,,,,false,captured_ephemeral
lighteval,math_extractive_match,64f4f5ae173626509fad6e477ca4ee56ebb26129,real-truncated-062cf1ffe5b924fa-001,truncated,real_truncated,,true,,ok,,"[""0.14*1.14"",""0.14*1.14\n""]",true,,,,,false,captured_ephemeral
lighteval,math_extractive_match,64f4f5ae173626509fad6e477ca4ee56ebb26129,real-truncated-805630023b55e371-001,truncated,real_truncated,,true,,ok,,"[""N*i*l*n*o*o*o*s*t*u"",""No solution""]",true,,,,,false,captured_ephemeral
lighteval,math_extractive_match,64f4f5ae173626509fad6e477ca4ee56ebb26129,real-truncated-3eacef22437fd915-001,truncated,real_truncated,,true,,ok,,"[""3"",""(3/2""]",true,,,,,false,captured_ephemeral
lighteval,math_extractive_match,64f4f5ae173626509fad6e477ca4ee56ebb26129,real-truncated-5da13db78fc0a540-001,truncated,real_truncated,,true,,ok,,"[""25"",""25""]",true,,,,,false,captured_ephemeral
lighteval,math_extractive_match,64f4f5ae173626509fad6e477ca4ee56ebb26129,real-truncated-4480e573ba66416f-001,truncated,real_truncated,,true,,ok,,"[""2"",""2""]",true,,,,,false,captured_ephemeral
lighteval,math_extractive_match,64f4f5ae173626509fad6e477ca4ee56ebb26129,real-truncated-5f4343c0d4868050-001,truncated,real_truncated,,true,,ok,,"[""2"",""2""]",true,,,,,false,captured_ephemeral
lighteval,math_extractive_match,64f4f5ae173626509fad6e477ca4ee56ebb26129,real-truncated-4749817223a7201d-001,truncated,real_truncated,,true,,ok,,"[""2024"",""2024""]",true,,,,,false,captured_ephemeral
lighteval,math_extractive_match,64f4f5ae173626509fad6e477ca4ee56ebb26129,real-truncated-bba38d303fcf87eb-001,truncated,real_truncated,,true,,ok,,"[""sqrt(3)"",""\\sqrt{3}""]",true,,,,,false,captured_ephemeral
lighteval,math_extractive_match,64f4f5ae173626509fad6e477ca4ee56ebb26129,real-truncated-d85d90aaf4cc1ca6-001,truncated,real_truncated,,true,,ok,,"[""10"",""10""]",true,,,,,false,captured_ephemeral
lighteval,math_extractive_match,64f4f5ae173626509fad6e477ca4ee56ebb26129,real-truncated-525ccd1eb6fbf139-001,truncated,real_truncated,,true,,ok,,"[""20"",""20""]",true,,,,,false,captured_ephemeral
lighteval,math_extractive_match,64f4f5ae173626509fad6e477ca4ee56ebb26129,real-truncated-e1572c89e32df953-001,truncated,real_truncated,,true,,ok,,"[""20"",""20""]",true,,,,,false,captured_ephemeral
lighteval,math_extractive_match,64f4f5ae173626509fad6e477ca4ee56ebb26129,real-truncated-247556f85b1c55a4-001,truncated,real_truncated,,true,,ok,,"[""1"",""1""]",true,,,,,false,captured_ephemeral
lighteval,math_extractive_match,64f4f5ae173626509fad6e477ca4ee56ebb26129,real-truncated-75443d7e611f2187-001,truncated,real_truncated,,true,,ok,,"[""25"",""25""]",true,,,,,false,captured_ephemeral
lighteval,math_extractive_match,64f4f5ae173626509fad6e477ca4ee56ebb26129,real-truncated-35be201956f48fd0-001,truncated,real_truncated,,true,,ok,,"[""0"",""0""]",true,,,,,false,captured_ephemeral
lighteval,math_extractive_match,64f4f5ae173626509fad6e477ca4ee56ebb26129,real-truncated-9bb1434201a768b2-001,truncated,real_truncated,,true,,ok,,"[""47/127"",""47/127""]",true,,,,,false,captured_ephemeral
lighteval,math_extractive_match,64f4f5ae173626509fad6e477ca4ee56ebb26129,real-truncated-95b8c4379b5dc2e4-001,truncated,real_truncated,,true,,ok,,"[""2"",""-12)/12 )""]",true,,,,,false,captured_ephemeral
lighteval,math_extractive_match,64f4f5ae173626509fad6e477ca4ee56ebb26129,real-truncated-770210b9f8b54309-001,truncated,real_truncated,,true,,ok,,"[""2"",""2""]",true,,,,,false,captured_ephemeral
lighteval,math_extractive_match,64f4f5ae173626509fad6e477ca4ee56ebb26129,real-truncated-89322f67b05ffd2c-001,truncated,real_truncated,,true,,ok,,"[""44"",""44""]",true,,,,,false,captured_ephemeral
lighteval,math_extractive_match,64f4f5ae173626509fad6e477ca4ee56ebb26129,real-truncated-1f7af8c0564d30c0-001,truncated,real_truncated,,true,,ok,,"[""14"",""14""]",true,,,,,false,captured_ephemeral
lighteval,math_extractive_match,64f4f5ae173626509fad6e477ca4ee56ebb26129,real-truncated-0f4e8f3e7a20e1ab-001,truncated,real_truncated,,true,,ok,,"[""64"",""64""]",true,,,,,false,captured_ephemeral
lighteval,math_extractive_match,64f4f5ae173626509fad6e477ca4ee56ebb26129,real-truncated-88da8be5be46715d-001,truncated,real_truncated,,true,,ok,,"[""1"",""1""]",true,,,,,false,captured_ephemeral
lighteval,math_extractive_match,64f4f5ae173626509fad6e477ca4ee56ebb26129,real-truncated-6082a79b2216cc1e-001,truncated,real_truncated,,true,,ok,,"[""101"",""101""]",true,,,,,false,captured_ephemeral
lighteval,math_extractive_match,64f4f5ae173626509fad6e477ca4ee56ebb26129,real-truncated-798d25ae0b5abad7-001,truncated,real_truncated,,true,,ok,,"[""4"",""4""]",true,,,,,false,captured_ephemeral
lighteval,math_extractive_match,64f4f5ae173626509fad6e477ca4ee56ebb26129,real-truncated-b92076fc9cd5e016-001,truncated,real_truncated,,true,,ok,,"[""25200"",""25200""]",true,,,,,false,captured_ephemeral
lighteval,math_extractive_match,64f4f5ae173626509fad6e477ca4ee56ebb26129,real-truncated-aaa0d7f68b704bec-001,truncated,real_truncated,,true,,ok,,"[""20"",""20""]",true,,,,,false,captured_ephemeral
lighteval,math_extractive_match,64f4f5ae173626509fad6e477ca4ee56ebb26129,real-truncated-55417c12215c3d52-001,truncated,real_truncated,,true,,ok,,"[""1"",""1""]",true,,,,,false,captured_ephemeral
lighteval,math_extractive_match,64f4f5ae173626509fad6e477ca4ee56ebb26129,real-truncated-7119848ec423bf7a-001,truncated,real_truncated,,true,,ok,,"[""3"",""3""]",true,,,,,false,captured_ephemeral
lighteval,math_extractive_match,64f4f5ae173626509fad6e477ca4ee56ebb26129,real-truncated-99187b20ecf0bdb9-001,truncated,real_truncated,,true,,ok,,"[""0.0200000000000000"",""0.02""]",true,,,,,false,captured_ephemeral
lighteval,math_extractive_match,64f4f5ae173626509fad6e477ca4ee56ebb26129,real-truncated-7734823d0e946fc4-001,truncated,real_truncated,,true,,ok,,"[""12"",""12)\n""]",true,,,,,false,captured_ephemeral
lighteval,math_extractive_match,64f4f5ae173626509fad6e477ca4ee56ebb26129,real-truncated-a1cc1d1204da2de1-001,truncated,real_truncated,,true,,ok,,"[""2"",""2""]",true,,,,,false,captured_ephemeral
lighteval,math_extractive_match,64f4f5ae173626509fad6e477ca4ee56ebb26129,real-truncated-8ccb63cb04064591-001,truncated,real_truncated,,true,,ok,,"[""2"",""2""]",true,,,,,false,captured_ephemeral
lighteval,math_extractive_match,64f4f5ae173626509fad6e477ca4ee56ebb26129,real-truncated-ef7b1a56c6749a3f-001,truncated,real_truncated,,true,,ok,,"[""25"",""25""]",true,,,,,false,captured_ephemeral
lighteval,math_extractive_match,64f4f5ae173626509fad6e477ca4ee56ebb26129,real-truncated-4d3201f20fa1bbd7-001,truncated,real_truncated,,true,,ok,,"[""1"",""1""]",true,,,,,false,captured_ephemeral
lighteval,math_extractive_match,64f4f5ae173626509fad6e477ca4ee56ebb26129,real-truncated-268a568ac4786f87-001,truncated,real_truncated,,true,,ok,,"[""sqrt((15 + 13*sqrt(13))/6)"",""\\sqrt{\\frac{13\\sqrt{13}+15}{6}}""]",true,,,,,false,captured_ephemeral
lighteval,math_extractive_match,64f4f5ae173626509fad6e477ca4ee56ebb26129,real-truncated-fe7eed6c63be702d-001,truncated,real_truncated,,true,,ok,,"[""sqrt(1691)/((4*sqrt(30)))"",""\\frac{\\sqrt{1691}}{4\\sqrt{30}}""]",true,,,,,false,captured_ephemeral
lighteval,math_extractive_match,64f4f5ae173626509fad6e477ca4ee56ebb26129,real-truncated-e730046d14071b1b-001,truncated,real_truncated,,true,,ok,,"[""1/2017"",""1/2017""]",true,,,,,false,captured_ephemeral
lighteval,math_extractive_match,64f4f5ae173626509fad6e477ca4ee56ebb26129,real-truncated-22d120ff2613fb3c-001,truncated,real_truncated,,true,,ok,,"[""2016"",""2^5\\cdot3^2\\cdot7\\prod_{\\substack{q\\text{ prime}\\\\ 11\\le q\\le2025, q\\neq2017}}q""]",true,,,,,false,captured_ephemeral
lighteval,math_extractive_match,64f4f5ae173626509fad6e477ca4ee56ebb26129,real-truncated-44a1889a65c89a98-001,truncated,real_truncated,,true,,ok,,"[""5040"",""5040""]",true,,,,,false,captured_ephemeral
lighteval,math_extractive_match,64f4f5ae173626509fad6e477ca4ee56ebb26129,real-truncated-3044f9e5b658cf47-001,truncated,real_truncated,,true,,ok,,"[""200"",""200""]",true,,,,,false,captured_ephemeral
lighteval,math_extractive_match,64f4f5ae173626509fad6e477ca4ee56ebb26129,real-truncated-9dba0a611623ccce-001,truncated,real_truncated,,true,,ok,,"[""20"",""20""]",true,,,,,false,captured_ephemeral
lighteval,math_extractive_match,64f4f5ae173626509fad6e477ca4ee56ebb26129,real-truncated-56ad692d3950a6ae-001,truncated,real_truncated,,true,,ok,,"[""30"",""30""]",true,,,,,false,captured_ephemeral
lighteval,math_extractive_match,64f4f5ae173626509fad6e477ca4ee56ebb26129,real-truncated-6279f7b6b01ea2e2-001,truncated,real_truncated,,true,,ok,,"[""30*sqrt(2)"",""30\\sqrt{2}""]",true,,,,,false,captured_ephemeral
lighteval,math_extractive_match,64f4f5ae173626509fad6e477ca4ee56ebb26129,real-truncated-210fbcf5ff0f49e9-001,truncated,real_truncated,,true,,ok,,"[""4002"",""4002""]",true,,,,,false,captured_ephemeral
lighteval,math_extractive_match,64f4f5ae173626509fad6e477ca4ee56ebb26129,real-truncated-8b88e292ba1b4c5c-001,truncated,real_truncated,,true,,ok,,"[""44"",""44""]",true,,,,,false,captured_ephemeral
lighteval,math_extractive_match,64f4f5ae173626509fad6e477ca4ee56ebb26129,real-truncated-bc0e37aef7f95216-001,truncated,real_truncated,,true,,ok,,"[""13"",""13""]",true,,,,,false,captured_ephemeral
lighteval,math_extractive_match,64f4f5ae173626509fad6e477ca4ee56ebb26129,real-truncated-af0577d51fd778a1-001,truncated,real_truncated,,true,,ok,,"[""25"",""25""]",true,,,,,false,captured_ephemeral
lighteval,math_extractive_match,64f4f5ae173626509fad6e477ca4ee56ebb26129,real-truncated-8ee42cd3eba12ec6-001,truncated,real_truncated,,true,,ok,,"[""25"",""25""]",true,,,,,false,captured_ephemeral
lighteval,math_extractive_match,64f4f5ae173626509fad6e477ca4ee56ebb26129,real-truncated-11779f2fc604d057-001,truncated,real_truncated,,true,,ok,,"[""2"",""2""]",true,,,,,false,captured_ephemeral
lighteval,math_extractive_match,64f4f5ae173626509fad6e477ca4ee56ebb26129,real-truncated-eface0049132e97d-001,truncated,real_truncated,,true,,ok,,"[""140"",""140""]",true,,,,,false,captured_ephemeral
lighteval,math_extractive_match,64f4f5ae173626509fad6e477ca4ee56ebb26129,real-truncated-5713bc6fb1dfa8d0-001,truncated,real_truncated,,true,,ok,,"[""2683/7242.0"",""2683/7242.\n""]",true,,,,,false,captured_ephemeral
lighteval,math_extractive_match,64f4f5ae173626509fad6e477ca4ee56ebb26129,real-truncated-505bc873a129bcd1-001,truncated,real_truncated,,true,,ok,,"[""8"",""8""]",true,,,,,true,captured_ephemeral
lighteval,math_extractive_match,64f4f5ae173626509fad6e477ca4ee56ebb26129,real-truncated-6853bba8299795d5-001,truncated,real_truncated,,true,,ok,,"[""1"",""1""]",true,,,,,false,captured_ephemeral
lighteval,math_extractive_match,64f4f5ae173626509fad6e477ca4ee56ebb26129,real-truncated-20f1e0708a19abc4-001,truncated,real_truncated,,true,,ok,,"[""1/V"",""V^{-1}""]",true,,,,,false,captured_ephemeral
lighteval,math_extractive_match,64f4f5ae173626509fad6e477ca4ee56ebb26129,real-truncated-6e4eb7af77ed2ff8-001,truncated,real_truncated,,true,,ok,,"[""341"",""341""]",true,,,,,false,captured_ephemeral
lighteval,math_extractive_match,64f4f5ae173626509fad6e477ca4ee56ebb26129,real-truncated-8ea28fa7707b3025-001,truncated,real_truncated,,true,,ok,,"[""0.200000000000000"",""0.2""]",true,,,,,false,captured_ephemeral
lighteval,math_extractive_match,64f4f5ae173626509fad6e477ca4ee56ebb26129,real-truncated-d8eeb7b64dd7015a-001,truncated,real_truncated,,true,,ok,,"[""20"",""20""]",true,,,,,false,captured_ephemeral
lighteval,math_extractive_match,64f4f5ae173626509fad6e477ca4ee56ebb26129,real-truncated-fb10e3776314a519-001,truncated,real_truncated,,true,,ok,,"[""0"",""0""]",true,,,,,false,captured_ephemeral
lighteval,math_extractive_match,64f4f5ae173626509fad6e477ca4ee56ebb26129,real-truncated-ccd8a323f6c2b744-001,truncated,real_truncated,,true,,ok,,"[""10"",""10""]",true,,,,,false,captured_ephemeral
lighteval,math_extractive_match,64f4f5ae173626509fad6e477ca4ee56ebb26129,real-truncated-1828f5a31563f6e3-001,truncated,real_truncated,,true,,ok,,"[""272.923000000000"",""272.923""]",true,,,,,false,captured_ephemeral
lighteval,math_extractive_match,64f4f5ae173626509fad6e477ca4ee56ebb26129,real-truncated-a5460d50cb8daafc-001,truncated,real_truncated,,true,,ok,,"[""75648"",""75648""]",true,,,,,false,captured_ephemeral
lighteval,math_extractive_match,64f4f5ae173626509fad6e477ca4ee56ebb26129,real-truncated-e7536ddc4697865a-001,truncated,real_truncated,,true,,ok,,"[""-1*3 - 2"",""-2 - 3\n\n""]",true,,,,,false,captured_ephemeral
lighteval,math_extractive_match,64f4f5ae173626509fad6e477ca4ee56ebb26129,real-truncated-3b6b5e2e07c8adab-001,truncated,real_truncated,,true,,ok,,"[""{-3, 3}"",""-3,3""]",true,,,,,false,captured_ephemeral
lighteval,math_extractive_match,64f4f5ae173626509fad6e477ca4ee56ebb26129,real-truncated-45fd9dd0b16def99-001,truncated,real_truncated,,true,,ok,,"[""3/2"",""3/2""]",true,,,,,false,captured_ephemeral
lighteval,math_extractive_match,64f4f5ae173626509fad6e477ca4ee56ebb26129,real-truncated-390931de8b8a68ae-001,truncated,real_truncated,,true,,ok,,"[""3"",""3""]",true,,,,,false,captured_ephemeral
lighteval,math_extractive_match,64f4f5ae173626509fad6e477ca4ee56ebb26129,real-truncated-23c7087e22382c85-001,truncated,real_truncated,,true,,ok,,"[""4"",""4""]",true,,,,,false,captured_ephemeral
lighteval,math_extractive_match,64f4f5ae173626509fad6e477ca4ee56ebb26129,real-truncated-740acaaa5658c524-001,truncated,real_truncated,,true,,ok,,"[""120"",""120""]",true,,,,,false,captured_ephemeral
lighteval,math_extractive_match,64f4f5ae173626509fad6e477ca4ee56ebb26129,real-truncated-e6a7555e64fb1fc8-001,truncated,real_truncated,,true,,ok,,"[""-440"",""-440""]",true,,,,,false,captured_ephemeral
lighteval,math_extractive_match,64f4f5ae173626509fad6e477ca4ee56ebb26129,real-truncated-d4aec9cd22f44d16-001,truncated,real_truncated,,true,,ok,,"[""440"",""440""]",true,,,,,false,captured_ephemeral
lighteval,math_extractive_match,64f4f5ae173626509fad6e477ca4ee56ebb26129,real-truncated-4ea3c98b3c90e29e-001,truncated,real_truncated,,true,,ok,,"[""1"",""1""]",true,,,,,false,captured_ephemeral
lighteval,math_extractive_match,64f4f5ae173626509fad6e477ca4ee56ebb26129,real-truncated-f9eaa5fd29415a58-001,truncated,real_truncated,,true,,ok,,"[""x**2/24"",""\\frac{x^2}{24}""]",true,,,,,false,captured_ephemeral
lighteval,math_extractive_match,64f4f5ae173626509fad6e477ca4ee56ebb26129,real-truncated-85c7b95581c097ef-001,truncated,real_truncated,,true,,ok,,"[""(2*x**2)/(20*x + 48)"",""\\frac{2x^2}{48 + 20x}""]",true,,,,,false,captured_ephemeral
lighteval,math_extractive_match,64f4f5ae173626509fad6e477ca4ee56ebb26129,real-truncated-aa1b94cca1993363-001,truncated,real_truncated,,true,,ok,,"[""(2*x**2)/(3*A*P*x*cos(theta) + 2*x**2 + 48)"",""\\frac{2x^2}{48+2x^2+3x AP \\cos \\theta}""]",true,,,,,false,captured_ephemeral
lighteval,math_extractive_match,64f4f5ae173626509fad6e477ca4ee56ebb26129,real-truncated-6ee8443d1d436cf6-001,truncated,real_truncated,,true,,ok,,,false,,,,,false,captured_ephemeral
lighteval,math_extractive_match,64f4f5ae173626509fad6e477ca4ee56ebb26129,real-truncated-6ee8443d1d436cf6-002,truncated,real_truncated,,true,,ok,,,false,,,,,false,captured_ephemeral
lighteval,math_extractive_match,64f4f5ae173626509fad6e477ca4ee56ebb26129,real-truncated-6ee8443d1d436cf6-003,truncated,real_truncated,,true,,ok,,,false,,,,,false,captured_ephemeral
lighteval,math_extractive_match,64f4f5ae173626509fad6e477ca4ee56ebb26129,real-truncated-5281b3506686a184-001,truncated,real_truncated,,true,,ok,,,false,,,,,false,captured_ephemeral
lighteval,math_extractive_match,64f4f5ae173626509fad6e477ca4ee56ebb26129,real-truncated-5281b3506686a184-002,truncated,real_truncated,,true,,ok,,,false,,,,,false,captured_ephemeral
lighteval,math_extractive_match,64f4f5ae173626509fad6e477ca4ee56ebb26129,real-truncated-5281b3506686a184-003,truncated,real_truncated,,true,,ok,,,false,,,,,false,captured_ephemeral
lighteval,math_extractive_match,64f4f5ae173626509fad6e477ca4ee56ebb26129,real-truncated-abb81d1b8c4db67a-001,truncated,real_truncated,,true,,ok,,"[""3"",""3""]",true,,,,,false,captured_ephemeral
lighteval,math_extractive_match,64f4f5ae173626509fad6e477ca4ee56ebb26129,real-truncated-a79daf5eab47793c-001,truncated,real_truncated,,true,,ok,,"[""39"",""39""]",true,,,,,false,captured_ephemeral
lighteval,math_extractive_match,64f4f5ae173626509fad6e477ca4ee56ebb26129,real-truncated-16277ed40a76d930-001,truncated,real_truncated,,true,,ok,,"[""4"",""4""]",true,,,,,false,captured_ephemeral
lighteval,math_extractive_match,64f4f5ae173626509fad6e477ca4ee56ebb26129,real-truncated-e4e046aee036728b-001,truncated,real_truncated,,true,,ok,,"[""0.600000000000000"",""0.6""]",true,,,,,false,captured_ephemeral
lighteval,math_extractive_match,64f4f5ae173626509fad6e477ca4ee56ebb26129,real-truncated-6dd1f374f6ed08df-001,truncated,real_truncated,,true,,ok,,"[""65"",""65""]",true,,,,,false,captured_ephemeral
lighteval,math_extractive_match,64f4f5ae173626509fad6e477ca4ee56ebb26129,real-truncated-0d2658ccd619147a-001,truncated,real_truncated,,true,,ok,,"[""63"",""63""]",true,,,,,true,captured_ephemeral
lighteval,math_extractive_match,64f4f5ae173626509fad6e477ca4ee56ebb26129,real-truncated-74696bb1b2b136e8-001,truncated,real_truncated,,true,,ok,,"[""4"",""4""]",true,,,,,false,captured_ephemeral
lighteval,math_extractive_match,64f4f5ae173626509fad6e477ca4ee56ebb26129,real-truncated-fdfa2be691dea487-001,truncated,real_truncated,,true,,ok,,"[""4"",""4""]",true,,,,,false,captured_ephemeral
lighteval,math_extractive_match,64f4f5ae173626509fad6e477ca4ee56ebb26129,real-truncated-075bf5961ff00993-001,truncated,real_truncated,,true,,ok,,,false,,,,,false,captured_ephemeral
lighteval,math_extractive_match,64f4f5ae173626509fad6e477ca4ee56ebb26129,real-truncated-075bf5961ff00993-002,truncated,real_truncated,,true,,ok,,,false,,,,,false,captured_ephemeral
lighteval,math_extractive_match,64f4f5ae173626509fad6e477ca4ee56ebb26129,real-truncated-17eebdd1a966e5f0-001,truncated,real_truncated,,true,,ok,,,false,,,,,false,captured_ephemeral
lighteval,math_extractive_match,64f4f5ae173626509fad6e477ca4ee56ebb26129,real-truncated-a4bb63b5ba4a773e-001,truncated,real_truncated,,true,,ok,,,false,,,,,false,captured_ephemeral
lighteval,math_extractive_match,64f4f5ae173626509fad6e477ca4ee56ebb26129,real-truncated-a4bb63b5ba4a773e-002,truncated,real_truncated,,true,,ok,,,false,,,,,false,captured_ephemeral
lighteval,math_extractive_match,64f4f5ae173626509fad6e477ca4ee56ebb26129,real-truncated-a4bb63b5ba4a773e-003,truncated,real_truncated,,true,,ok,,,false,,,,,false,captured_ephemeral
lighteval,math_extractive_match,64f4f5ae173626509fad6e477ca4ee56ebb26129,real-truncated-355520fb8f2104ec-001,truncated,real_truncated,,true,,ok,,"[""2*sqrt(6)"",""2\\sqrt{6}""]",true,,,,,false,captured_ephemeral
lighteval,math_extractive_match,64f4f5ae173626509fad6e477ca4ee56ebb26129,real-truncated-49565e194413328d-001,truncated,real_truncated,,true,,ok,,"[""21704"",""0...""]",true,,,,,false,captured_ephemeral
lighteval,math_extractive_match,64f4f5ae173626509fad6e477ca4ee56ebb26129,real-truncated-85f19c1e57445cde-001,truncated,real_truncated,,true,,ok,,"[""2*sqrt(5)"",""2\\sqrt{5}""]",true,,,,,false,captured_ephemeral
lighteval,math_extractive_match,64f4f5ae173626509fad6e477ca4ee56ebb26129,real-truncated-bd836ccf84464689-001,truncated,real_truncated,,true,,ok,,"[""2*sqrt(5)"",""2\\sqrt{5}""]",true,,,,,false,captured_ephemeral
lighteval,math_extractive_match,64f4f5ae173626509fad6e477ca4ee56ebb26129,real-truncated-b881db2f3106d76e-001,truncated,real_truncated,,true,,ok,,"[""3"",""3""]",true,,,,,false,captured_ephemeral
lighteval,math_extractive_match,64f4f5ae173626509fad6e477ca4ee56ebb26129,real-truncated-58796eda234de823-001,truncated,real_truncated,,true,,ok,,"[""sqrt(580/3)"",""\\sqrt{\\frac{580}{3}}""]",true,,,,,false,captured_ephemeral
lighteval,math_extractive_match,64f4f5ae173626509fad6e477ca4ee56ebb26129,real-truncated-d876807b9ced546e-001,truncated,real_truncated,,true,,ok,,,false,,,,,false,captured_ephemeral
lighteval,math_extractive_match,64f4f5ae173626509fad6e477ca4ee56ebb26129,synthetic-1729-mid_box-001,truncated,synthetic_truncated,mid_box,true,,ok,,"[""7 + 54"",""7 + 54""]",true,,,,,false,captured_ephemeral
lighteval,math_extractive_match,64f4f5ae173626509fad6e477ca4ee56ebb26129,synthetic-1729-mid_box-002,truncated,synthetic_truncated,mid_box,true,,ok,,"[""23 + 60"",""60 + 23""]",true,,,,,false,captured_ephemeral
lighteval,math_extractive_match,64f4f5ae173626509fad6e477ca4ee56ebb26129,synthetic-1729-mid_box-003,truncated,synthetic_truncated,mid_box,true,,ok,,"[""9 + 25"",""9 + 25""]",true,,,,,false,captured_ephemeral
lighteval,math_extractive_match,64f4f5ae173626509fad6e477ca4ee56ebb26129,synthetic-1729-mid_box-004,truncated,synthetic_truncated,mid_box,true,,ok,,"[""39 + 68"",""39 + 68""]",true,,,,,false,captured_ephemeral
lighteval,math_extractive_match,64f4f5ae173626509fad6e477ca4ee56ebb26129,synthetic-1729-mid_box-005,truncated,synthetic_truncated,mid_box,true,,ok,,"[""28 + 38"",""38 + 28""]",true,,,,,false,captured_ephemeral
lighteval,math_extractive_match,64f4f5ae173626509fad6e477ca4ee56ebb26129,synthetic-1729-mid_box-006,truncated,synthetic_truncated,mid_box,true,,ok,,"[""21 + 95"",""21 + 95""]",true,,,,,false,captured_ephemeral
lighteval,math_extractive_match,64f4f5ae173626509fad6e477ca4ee56ebb26129,synthetic-1729-mid_box-007,truncated,synthetic_truncated,mid_box,true,,ok,,"[""2 + 65"",""65 + 2""]",true,,,,,false,captured_ephemeral
lighteval,math_extractive_match,64f4f5ae173626509fad6e477ca4ee56ebb26129,synthetic-1729-mid_box-008,truncated,synthetic_truncated,mid_box,true,,ok,,"[""49 + 60"",""60 + 49""]",true,,,,,false,captured_ephemeral
lighteval,math_extractive_match,64f4f5ae173626509fad6e477ca4ee56ebb26129,synthetic-1729-mid_box-009,truncated,synthetic_truncated,mid_box,true,,ok,,"[""47 + 96"",""47 + 96""]",true,,,,,false,captured_ephemeral
lighteval,math_extractive_match,64f4f5ae173626509fad6e477ca4ee56ebb26129,synthetic-1729-mid_box-010,truncated,synthetic_truncated,mid_box,true,,ok,,"[""54 + 93"",""93 + 54""]",true,,,,,false,captured_ephemeral
lighteval,math_extractive_match,64f4f5ae173626509fad6e477ca4ee56ebb26129,synthetic-1729-mid_box-011,truncated,synthetic_truncated,mid_box,true,,ok,,"[""47 + 72"",""47 + 72""]",true,,,,,false,captured_ephemeral
lighteval,math_extractive_match,64f4f5ae173626509fad6e477ca4ee56ebb26129,synthetic-1729-mid_box-012,truncated,synthetic_truncated,mid_box,true,,ok,,"[""9 + 53"",""53 + 9""]",true,,,,,false,captured_ephemeral
lighteval,math_extractive_match,64f4f5ae173626509fad6e477ca4ee56ebb26129,synthetic-1729-mid_box-013,truncated,synthetic_truncated,mid_box,true,,ok,,"[""8 + 92"",""8 + 92""]",true,,,,,false,captured_ephemeral
lighteval,math_extractive_match,64f4f5ae173626509fad6e477ca4ee56ebb26129,synthetic-1729-mid_box-014,truncated,synthetic_truncated,mid_box,true,,ok,,"[""14 + 71"",""14 + 71""]",true,,,,,false,captured_ephemeral
lighteval,math_extractive_match,64f4f5ae173626509fad6e477ca4ee56ebb26129,synthetic-1729-mid_box-015,truncated,synthetic_truncated,mid_box,true,,ok,,"[""50 + 94"",""50 + 94""]",true,,,,,false,captured_ephemeral
lighteval,math_extractive_match,64f4f5ae173626509fad6e477ca4ee56ebb26129,synthetic-1729-mid_box-016,truncated,synthetic_truncated,mid_box,true,,ok,,"[""40 + 74"",""74 + 40""]",true,,,,,false,captured_ephemeral
lighteval,math_extractive_match,64f4f5ae173626509fad6e477ca4ee56ebb26129,synthetic-1729-mid_box-017,truncated,synthetic_truncated,mid_box,true,,ok,,"[""2 + 74"",""2 + 74""]",true,,,,,false,captured_ephemeral
lighteval,math_extractive_match,64f4f5ae173626509fad6e477ca4ee56ebb26129,synthetic-1729-mid_box-018,truncated,synthetic_truncated,mid_box,true,,ok,,"[""60 + 75"",""75 + 60""]",true,,,,,false,captured_ephemeral
lighteval,math_extractive_match,64f4f5ae173626509fad6e477ca4ee56ebb26129,synthetic-1729-mid_box-019,truncated,synthetic_truncated,mid_box,true,,ok,,"[""63 + 77"",""77 + 63""]",true,,,,,false,captured_ephemeral
lighteval,math_extractive_match,64f4f5ae173626509fad6e477ca4ee56ebb26129,synthetic-1729-mid_box-020,truncated,synthetic_truncated,mid_box,true,,ok,,"[""57 + 59"",""59 + 57""]",true,,,,,false,captured_ephemeral
lighteval,math_extractive_match,64f4f5ae173626509fad6e477ca4ee56ebb26129,synthetic-1729-mid_multiple_choice_enumeration-001,truncated,synthetic_truncated,mid_multiple_choice_enumeration,true,,ok,,"[""237"",""237""]",true,,,,,true,captured_ephemeral
lighteval,math_extractive_match,64f4f5ae173626509fad6e477ca4ee56ebb26129,synthetic-1729-mid_multiple_choice_enumeration-002,truncated,synthetic_truncated,mid_multiple_choice_enumeration,true,,ok,,"[""114"",""114""]",true,,,,,true,captured_ephemeral
lighteval,math_extractive_match,64f4f5ae173626509fad6e477ca4ee56ebb26129,synthetic-1729-mid_multiple_choice_enumeration-003,truncated,synthetic_truncated,mid_multiple_choice_enumeration,true,,ok,,"[""296"",""296""]",true,,,,,true,captured_ephemeral
lighteval,math_extractive_match,64f4f5ae173626509fad6e477ca4ee56ebb26129,synthetic-1729-mid_multiple_choice_enumeration-004,truncated,synthetic_truncated,mid_multiple_choice_enumeration,true,,ok,,"[""719"",""719""]",true,,,,,true,captured_ephemeral
lighteval,math_extractive_match,64f4f5ae173626509fad6e477ca4ee56ebb26129,synthetic-1729-mid_multiple_choice_enumeration-005,truncated,synthetic_truncated,mid_multiple_choice_enumeration,true,,ok,,"[""280"",""280""]",true,,,,,true,captured_ephemeral
lighteval,math_extractive_match,64f4f5ae173626509fad6e477ca4ee56ebb26129,synthetic-1729-mid_multiple_choice_enumeration-006,truncated,synthetic_truncated,mid_multiple_choice_enumeration,true,,ok,,"[""223"",""223""]",true,,,,,true,captured_ephemeral
lighteval,math_extractive_match,64f4f5ae173626509fad6e477ca4ee56ebb26129,synthetic-1729-mid_multiple_choice_enumeration-007,truncated,synthetic_truncated,mid_multiple_choice_enumeration,true,,ok,,"[""748"",""748""]",true,,,,,true,captured_ephemeral
lighteval,math_extractive_match,64f4f5ae173626509fad6e477ca4ee56ebb26129,synthetic-1729-mid_multiple_choice_enumeration-008,truncated,synthetic_truncated,mid_multiple_choice_enumeration,true,,ok,,"[""49"",""49""]",true,,,,,true,captured_ephemeral
lighteval,math_extractive_match,64f4f5ae173626509fad6e477ca4ee56ebb26129,synthetic-1729-mid_multiple_choice_enumeration-009,truncated,synthetic_truncated,mid_multiple_choice_enumeration,true,,ok,,"[""178"",""178""]",true,,,,,true,captured_ephemeral
lighteval,math_extractive_match,64f4f5ae173626509fad6e477ca4ee56ebb26129,synthetic-1729-mid_multiple_choice_enumeration-010,truncated,synthetic_truncated,mid_multiple_choice_enumeration,true,,ok,,"[""462"",""462""]",true,,,,,true,captured_ephemeral
lighteval,math_extractive_match,64f4f5ae173626509fad6e477ca4ee56ebb26129,synthetic-1729-mid_multiple_choice_enumeration-011,truncated,synthetic_truncated,mid_multiple_choice_enumeration,true,,ok,,"[""520"",""520""]",true,,,,,true,captured_ephemeral
lighteval,math_extractive_match,64f4f5ae173626509fad6e477ca4ee56ebb26129,synthetic-1729-mid_multiple_choice_enumeration-012,truncated,synthetic_truncated,mid_multiple_choice_enumeration,true,,ok,,"[""269"",""269""]",true,,,,,true,captured_ephemeral
lighteval,math_extractive_match,64f4f5ae173626509fad6e477ca4ee56ebb26129,synthetic-1729-mid_multiple_choice_enumeration-013,truncated,synthetic_truncated,mid_multiple_choice_enumeration,true,,ok,,"[""68"",""68""]",true,,,,,true,captured_ephemeral
lighteval,math_extractive_match,64f4f5ae173626509fad6e477ca4ee56ebb26129,synthetic-1729-mid_multiple_choice_enumeration-014,truncated,synthetic_truncated,mid_multiple_choice_enumeration,true,,ok,,"[""582"",""582""]",true,,,,,true,captured_ephemeral
lighteval,math_extractive_match,64f4f5ae173626509fad6e477ca4ee56ebb26129,synthetic-1729-mid_multiple_choice_enumeration-015,truncated,synthetic_truncated,mid_multiple_choice_enumeration,true,,ok,,"[""296"",""296""]",true,,,,,true,captured_ephemeral
lighteval,math_extractive_match,64f4f5ae173626509fad6e477ca4ee56ebb26129,synthetic-1729-mid_multiple_choice_enumeration-016,truncated,synthetic_truncated,mid_multiple_choice_enumeration,true,,ok,,"[""624"",""624""]",true,,,,,true,captured_ephemeral
lighteval,math_extractive_match,64f4f5ae173626509fad6e477ca4ee56ebb26129,synthetic-1729-mid_multiple_choice_enumeration-017,truncated,synthetic_truncated,mid_multiple_choice_enumeration,true,,ok,,"[""233"",""233""]",true,,,,,true,captured_ephemeral
lighteval,math_extractive_match,64f4f5ae173626509fad6e477ca4ee56ebb26129,synthetic-1729-mid_multiple_choice_enumeration-018,truncated,synthetic_truncated,mid_multiple_choice_enumeration,true,,ok,,"[""483"",""483""]",true,,,,,true,captured_ephemeral
lighteval,math_extractive_match,64f4f5ae173626509fad6e477ca4ee56ebb26129,synthetic-1729-mid_multiple_choice_enumeration-019,truncated,synthetic_truncated,mid_multiple_choice_enumeration,true,,ok,,"[""978"",""978""]",true,,,,,true,captured_ephemeral
lighteval,math_extractive_match,64f4f5ae173626509fad6e477ca4ee56ebb26129,synthetic-1729-mid_multiple_choice_enumeration-020,truncated,synthetic_truncated,mid_multiple_choice_enumeration,true,,ok,,"[""396"",""396""]",true,,,,,true,captured_ephemeral
lighteval,math_extractive_match,64f4f5ae173626509fad6e477ca4ee56ebb26129,synthetic-1729-post_final_answer-001,truncated,synthetic_truncated,post_final_answer,true,,ok,,"[""706"",""706""]",true,,,,,true,captured_ephemeral
lighteval,math_extractive_match,64f4f5ae173626509fad6e477ca4ee56ebb26129,synthetic-1729-post_final_answer-002,truncated,synthetic_truncated,post_final_answer,true,,ok,,"[""750"",""750""]",true,,,,,true,captured_ephemeral
lighteval,math_extractive_match,64f4f5ae173626509fad6e477ca4ee56ebb26129,synthetic-1729-post_final_answer-003,truncated,synthetic_truncated,post_final_answer,true,,ok,,"[""191"",""191""]",true,,,,,true,captured_ephemeral
lighteval,math_extractive_match,64f4f5ae173626509fad6e477ca4ee56ebb26129,synthetic-1729-post_final_answer-004,truncated,synthetic_truncated,post_final_answer,true,,ok,,"[""744"",""744""]",true,,,,,true,captured_ephemeral
lighteval,math_extractive_match,64f4f5ae173626509fad6e477ca4ee56ebb26129,synthetic-1729-post_final_answer-005,truncated,synthetic_truncated,post_final_answer,true,,ok,,"[""894"",""894""]",true,,,,,true,captured_ephemeral
lighteval,math_extractive_match,64f4f5ae173626509fad6e477ca4ee56ebb26129,synthetic-1729-post_final_answer-006,truncated,synthetic_truncated,post_final_answer,true,,ok,,"[""813"",""813""]",true,,,,,true,captured_ephemeral
lighteval,math_extractive_match,64f4f5ae173626509fad6e477ca4ee56ebb26129,synthetic-1729-post_final_answer-007,truncated,synthetic_truncated,post_final_answer,true,,ok,,"[""463"",""463""]",true,,,,,true,captured_ephemeral
lighteval,math_extractive_match,64f4f5ae173626509fad6e477ca4ee56ebb26129,synthetic-1729-post_final_answer-008,truncated,synthetic_truncated,post_final_answer,true,,ok,,"[""398"",""398""]",true,,,,,true,captured_ephemeral
lighteval,math_extractive_match,64f4f5ae173626509fad6e477ca4ee56ebb26129,synthetic-1729-post_final_answer-009,truncated,synthetic_truncated,post_final_answer,true,,ok,,"[""738"",""738""]",true,,,,,true,captured_ephemeral
lighteval,math_extractive_match,64f4f5ae173626509fad6e477ca4ee56ebb26129,synthetic-1729-post_final_answer-010,truncated,synthetic_truncated,post_final_answer,true,,ok,,"[""864"",""864""]",true,,,,,true,captured_ephemeral
lighteval,math_extractive_match,64f4f5ae173626509fad6e477ca4ee56ebb26129,synthetic-1729-post_final_answer-011,truncated,synthetic_truncated,post_final_answer,true,,ok,,"[""183"",""183""]",true,,,,,true,captured_ephemeral
lighteval,math_extractive_match,64f4f5ae173626509fad6e477ca4ee56ebb26129,synthetic-1729-post_final_answer-012,truncated,synthetic_truncated,post_final_answer,true,,ok,,"[""56"",""56""]",true,,,,,true,captured_ephemeral
lighteval,math_extractive_match,64f4f5ae173626509fad6e477ca4ee56ebb26129,synthetic-1729-post_final_answer-013,truncated,synthetic_truncated,post_final_answer,true,,ok,,"[""948"",""948""]",true,,,,,true,captured_ephemeral
lighteval,math_extractive_match,64f4f5ae173626509fad6e477ca4ee56ebb26129,synthetic-1729-post_final_answer-014,truncated,synthetic_truncated,post_final_answer,true,,ok,,"[""376"",""376""]",true,,,,,true,captured_ephemeral
lighteval,math_extractive_match,64f4f5ae173626509fad6e477ca4ee56ebb26129,synthetic-1729-post_final_answer-015,truncated,synthetic_truncated,post_final_answer,true,,ok,,"[""755"",""755""]",true,,,,,true,captured_ephemeral
lighteval,math_extractive_match,64f4f5ae173626509fad6e477ca4ee56ebb26129,synthetic-1729-post_final_answer-016,truncated,synthetic_truncated,post_final_answer,true,,ok,,"[""551"",""551""]",true,,,,,true,captured_ephemeral
lighteval,math_extractive_match,64f4f5ae173626509fad6e477ca4ee56ebb26129,synthetic-1729-post_final_answer-017,truncated,synthetic_truncated,post_final_answer,true,,ok,,"[""741"",""741""]",true,,,,,true,captured_ephemeral
lighteval,math_extractive_match,64f4f5ae173626509fad6e477ca4ee56ebb26129,synthetic-1729-post_final_answer-018,truncated,synthetic_truncated,post_final_answer,true,,ok,,"[""952"",""952""]",true,,,,,true,captured_ephemeral
lighteval,math_extractive_match,64f4f5ae173626509fad6e477ca4ee56ebb26129,synthetic-1729-post_final_answer-019,truncated,synthetic_truncated,post_final_answer,true,,ok,,"[""510"",""510""]",true,,,,,true,captured_ephemeral
lighteval,math_extractive_match,64f4f5ae173626509fad6e477ca4ee56ebb26129,synthetic-1729-post_final_answer-020,truncated,synthetic_truncated,post_final_answer,true,,ok,,"[""45"",""45""]",true,,,,,true,captured_ephemeral
lighteval,math_extractive_match,64f4f5ae173626509fad6e477ca4ee56ebb26129,synthetic-1729-degeneration_loop_plausible_number-001,truncated,synthetic_truncated,degeneration_loop_plausible_number,true,,ok,,"[""686"",""686""]",true,,,,,false,captured_ephemeral
lighteval,math_extractive_match,64f4f5ae173626509fad6e477ca4ee56ebb26129,synthetic-1729-degeneration_loop_plausible_number-002,truncated,synthetic_truncated,degeneration_loop_plausible_number,true,,ok,,"[""794"",""794""]",true,,,,,false,captured_ephemeral
lighteval,math_extractive_match,64f4f5ae173626509fad6e477ca4ee56ebb26129,synthetic-1729-degeneration_loop_plausible_number-003,truncated,synthetic_truncated,degeneration_loop_plausible_number,true,,ok,,"[""187"",""187""]",true,,,,,false,captured_ephemeral
lighteval,math_extractive_match,64f4f5ae173626509fad6e477ca4ee56ebb26129,synthetic-1729-degeneration_loop_plausible_number-004,truncated,synthetic_truncated,degeneration_loop_plausible_number,true,,ok,,"[""154"",""154""]",true,,,,,false,captured_ephemeral
lighteval,math_extractive_match,64f4f5ae173626509fad6e477ca4ee56ebb26129,synthetic-1729-degeneration_loop_plausible_number-005,truncated,synthetic_truncated,degeneration_loop_plausible_number,true,,ok,,"[""421"",""421""]",true,,,,,false,captured_ephemeral
lighteval,math_extractive_match,64f4f5ae173626509fad6e477ca4ee56ebb26129,synthetic-1729-degeneration_loop_plausible_number-006,truncated,synthetic_truncated,degeneration_loop_plausible_number,true,,ok,,"[""851"",""851""]",true,,,,,false,captured_ephemeral
lighteval,math_extractive_match,64f4f5ae173626509fad6e477ca4ee56ebb26129,synthetic-1729-degeneration_loop_plausible_number-007,truncated,synthetic_truncated,degeneration_loop_plausible_number,true,,ok,,"[""878"",""878""]",true,,,,,false,captured_ephemeral
lighteval,math_extractive_match,64f4f5ae173626509fad6e477ca4ee56ebb26129,synthetic-1729-degeneration_loop_plausible_number-008,truncated,synthetic_truncated,degeneration_loop_plausible_number,true,,ok,,"[""906"",""906""]",true,,,,,false,captured_ephemeral
lighteval,math_extractive_match,64f4f5ae173626509fad6e477ca4ee56ebb26129,synthetic-1729-degeneration_loop_plausible_number-009,truncated,synthetic_truncated,degeneration_loop_plausible_number,true,,ok,,"[""569"",""569""]",true,,,,,false,captured_ephemeral
lighteval,math_extractive_match,64f4f5ae173626509fad6e477ca4ee56ebb26129,synthetic-1729-degeneration_loop_plausible_number-010,truncated,synthetic_truncated,degeneration_loop_plausible_number,true,,ok,,"[""593"",""593""]",true,,,,,false,captured_ephemeral
lighteval,math_extractive_match,64f4f5ae173626509fad6e477ca4ee56ebb26129,synthetic-1729-degeneration_loop_plausible_number-011,truncated,synthetic_truncated,degeneration_loop_plausible_number,true,,ok,,"[""959"",""959""]",true,,,,,false,captured_ephemeral
lighteval,math_extractive_match,64f4f5ae173626509fad6e477ca4ee56ebb26129,synthetic-1729-degeneration_loop_plausible_number-012,truncated,synthetic_truncated,degeneration_loop_plausible_number,true,,ok,,"[""887"",""887""]",true,,,,,false,captured_ephemeral
lighteval,math_extractive_match,64f4f5ae173626509fad6e477ca4ee56ebb26129,synthetic-1729-degeneration_loop_plausible_number-013,truncated,synthetic_truncated,degeneration_loop_plausible_number,true,,ok,,"[""331"",""331""]",true,,,,,false,captured_ephemeral
lighteval,math_extractive_match,64f4f5ae173626509fad6e477ca4ee56ebb26129,synthetic-1729-degeneration_loop_plausible_number-014,truncated,synthetic_truncated,degeneration_loop_plausible_number,true,,ok,,"[""474"",""474""]",true,,,,,false,captured_ephemeral
lighteval,math_extractive_match,64f4f5ae173626509fad6e477ca4ee56ebb26129,synthetic-1729-degeneration_loop_plausible_number-015,truncated,synthetic_truncated,degeneration_loop_plausible_number,true,,ok,,"[""555"",""555""]",true,,,,,false,captured_ephemeral
lighteval,math_extractive_match,64f4f5ae173626509fad6e477ca4ee56ebb26129,synthetic-1729-degeneration_loop_plausible_number-016,truncated,synthetic_truncated,degeneration_loop_plausible_number,true,,ok,,"[""400"",""400""]",true,,,,,false,captured_ephemeral
lighteval,math_extractive_match,64f4f5ae173626509fad6e477ca4ee56ebb26129,synthetic-1729-degeneration_loop_plausible_number-017,truncated,synthetic_truncated,degeneration_loop_plausible_number,true,,ok,,"[""867"",""867""]",true,,,,,false,captured_ephemeral
lighteval,math_extractive_match,64f4f5ae173626509fad6e477ca4ee56ebb26129,synthetic-1729-degeneration_loop_plausible_number-018,truncated,synthetic_truncated,degeneration_loop_plausible_number,true,,ok,,"[""945"",""945""]",true,,,,,false,captured_ephemeral
lighteval,math_extractive_match,64f4f5ae173626509fad6e477ca4ee56ebb26129,synthetic-1729-degeneration_loop_plausible_number-019,truncated,synthetic_truncated,degeneration_loop_plausible_number,true,,ok,,"[""103"",""103""]",true,,,,,false,captured_ephemeral
lighteval,math_extractive_match,64f4f5ae173626509fad6e477ca4ee56ebb26129,synthetic-1729-degeneration_loop_plausible_number-020,truncated,synthetic_truncated,degeneration_loop_plausible_number,true,,ok,,"[""70"",""70""]",true,,,,,false,captured_ephemeral
lighteval,math_extractive_match,64f4f5ae173626509fad6e477ca4ee56ebb26129,synthetic-1729-mid_latex_expression-001,truncated,synthetic_truncated,mid_latex_expression,true,,ok,,"[""20 + 68"",""68 + 20""]",true,,,,,false,captured_ephemeral
lighteval,math_extractive_match,64f4f5ae173626509fad6e477ca4ee56ebb26129,synthetic-1729-mid_latex_expression-002,truncated,synthetic_truncated,mid_latex_expression,true,,ok,,"[""35 + 89"",""89 + 35""]",true,,,,,false,captured_ephemeral
lighteval,math_extractive_match,64f4f5ae173626509fad6e477ca4ee56ebb26129,synthetic-1729-mid_latex_expression-003,truncated,synthetic_truncated,mid_latex_expression,true,,ok,,"[""58 + 97"",""58 + 97""]",true,,,,,false,captured_ephemeral
lighteval,math_extractive_match,64f4f5ae173626509fad6e477ca4ee56ebb26129,synthetic-1729-mid_latex_expression-004,truncated,synthetic_truncated,mid_latex_expression,true,,ok,,"[""28 + 48"",""48 + 28""]",true,,,,,false,captured_ephemeral
lighteval,math_extractive_match,64f4f5ae173626509fad6e477ca4ee56ebb26129,synthetic-1729-mid_latex_expression-005,truncated,synthetic_truncated,mid_latex_expression,true,,ok,,"[""21 + 85"",""21 + 85""]",true,,,,,false,captured_ephemeral
lighteval,math_extractive_match,64f4f5ae173626509fad6e477ca4ee56ebb26129,synthetic-1729-mid_latex_expression-006,truncated,synthetic_truncated,mid_latex_expression,true,,ok,,"[""21 + 75"",""75 + 21""]",true,,,,,false,captured_ephemeral
lighteval,math_extractive_match,64f4f5ae173626509fad6e477ca4ee56ebb26129,synthetic-1729-mid_latex_expression-007,truncated,synthetic_truncated,mid_latex_expression,true,,ok,,"[""51 + 86"",""86 + 51""]",true,,,,,false,captured_ephemeral
lighteval,math_extractive_match,64f4f5ae173626509fad6e477ca4ee56ebb26129,synthetic-1729-mid_latex_expression-008,truncated,synthetic_truncated,mid_latex_expression,true,,ok,,"[""21 + 52"",""52 + 21""]",true,,,,,false,captured_ephemeral
lighteval,math_extractive_match,64f4f5ae173626509fad6e477ca4ee56ebb26129,synthetic-1729-mid_latex_expression-009,truncated,synthetic_truncated,mid_latex_expression,true,,ok,,"[""37 + 65"",""37 + 65""]",true,,,,,false,captured_ephemeral
lighteval,math_extractive_match,64f4f5ae173626509fad6e477ca4ee56ebb26129,synthetic-1729-mid_latex_expression-010,truncated,synthetic_truncated,mid_latex_expression,true,,ok,,"[""3 + 48"",""3 + 48""]",true,,,,,false,captured_ephemeral
lighteval,math_extractive_match,64f4f5ae173626509fad6e477ca4ee56ebb26129,synthetic-1729-mid_latex_expression-011,truncated,synthetic_truncated,mid_latex_expression,true,,ok,,"[""82 + 95"",""95 + 82""]",true,,,,,false,captured_ephemeral
lighteval,math_extractive_match,64f4f5ae173626509fad6e477ca4ee56ebb26129,synthetic-1729-mid_latex_expression-012,truncated,synthetic_truncated,mid_latex_expression,true,,ok,,"[""4 + 79"",""4 + 79""]",true,,,,,false,captured_ephemeral
lighteval,math_extractive_match,64f4f5ae173626509fad6e477ca4ee56ebb26129,synthetic-1729-mid_latex_expression-013,truncated,synthetic_truncated,mid_latex_expression,true,,ok,,"[""45 + 60"",""60 + 45""]",true,,,,,false,captured_ephemeral
lighteval,math_extractive_match,64f4f5ae173626509fad6e477ca4ee56ebb26129,synthetic-1729-mid_latex_expression-014,truncated,synthetic_truncated,mid_latex_expression,true,,ok,,"[""13 + 85"",""13 + 85""]",true,,,,,false,captured_ephemeral
lighteval,math_extractive_match,64f4f5ae173626509fad6e477ca4ee56ebb26129,synthetic-1729-mid_latex_expression-015,truncated,synthetic_truncated,mid_latex_expression,true,,ok,,"[""36 + 73"",""73 + 36""]",true,,,,,false,captured_ephemeral
lighteval,math_extractive_match,64f4f5ae173626509fad6e477ca4ee56ebb26129,synthetic-1729-mid_latex_expression-016,truncated,synthetic_truncated,mid_latex_expression,true,,ok,,"[""29 + 64"",""64 + 29""]",true,,,,,false,captured_ephemeral
lighteval,math_extractive_match,64f4f5ae173626509fad6e477ca4ee56ebb26129,synthetic-1729-mid_latex_expression-017,truncated,synthetic_truncated,mid_latex_expression,true,,ok,,"[""41 + 92"",""41 + 92""]",true,,,,,false,captured_ephemeral
lighteval,math_extractive_match,64f4f5ae173626509fad6e477ca4ee56ebb26129,synthetic-1729-mid_latex_expression-018,truncated,synthetic_truncated,mid_latex_expression,true,,ok,,"[""40 + 47"",""40 + 47""]",true,,,,,false,captured_ephemeral
lighteval,math_extractive_match,64f4f5ae173626509fad6e477ca4ee56ebb26129,synthetic-1729-mid_latex_expression-019,truncated,synthetic_truncated,mid_latex_expression,true,,ok,,"[""28 + 64"",""64 + 28""]",true,,,,,false,captured_ephemeral
lighteval,math_extractive_match,64f4f5ae173626509fad6e477ca4ee56ebb26129,synthetic-1729-mid_latex_expression-020,truncated,synthetic_truncated,mid_latex_expression,true,,ok,,"[""55 + 77"",""77 + 55""]",true,,,,,false,captured_ephemeral
lighteval,math_extractive_match,64f4f5ae173626509fad6e477ca4ee56ebb26129,real-control_correct-89378d7c9af16411-001,control_correct,finished_control,,true,,ok,,"[""396"",""396""]",true,,,,,true,captured_ephemeral
lighteval,math_extractive_match,64f4f5ae173626509fad6e477ca4ee56ebb26129,real-control_correct-16e0de893f7ebe3a-001,control_correct,finished_control,,true,,ok,,"[""396"",""396""]",true,,,,,true,captured_ephemeral
lighteval,math_extractive_match,64f4f5ae173626509fad6e477ca4ee56ebb26129,real-control_correct-2d3da8c4bfee3c4c-001,control_correct,finished_control,,true,,ok,,"[""396"",""396""]",true,,,,,true,captured_ephemeral
lighteval,math_extractive_match,64f4f5ae173626509fad6e477ca4ee56ebb26129,real-control_correct-c9f62a5de2de08df-001,control_correct,finished_control,,true,,ok,,"[""396"",""396""]",true,,,,,true,captured_ephemeral
lighteval,math_extractive_match,64f4f5ae173626509fad6e477ca4ee56ebb26129,real-control_correct-c6ddf5c572a35adb-001,control_correct,finished_control,,true,,ok,,"[""396"",""396""]",true,,,,,true,captured_ephemeral
lighteval,math_extractive_match,64f4f5ae173626509fad6e477ca4ee56ebb26129,real-control_correct-17d3bfe110828692-001,control_correct,finished_control,,true,,ok,,"[""396"",""396""]",true,,,,,true,captured_ephemeral
lighteval,math_extractive_match,64f4f5ae173626509fad6e477ca4ee56ebb26129,real-control_correct-61723f102d6ae8a1-001,control_correct,finished_control,,true,,ok,,"[""924"",""924""]",true,,,,,true,captured_ephemeral
lighteval,math_extractive_match,64f4f5ae173626509fad6e477ca4ee56ebb26129,real-control_correct-255be5d582935302-001,control_correct,finished_control,,true,,ok,,"[""924"",""924""]",true,,,,,true,captured_ephemeral
lighteval,math_extractive_match,64f4f5ae173626509fad6e477ca4ee56ebb26129,real-control_correct-9e251a1ffea90916-001,control_correct,finished_control,,true,,ok,,"[""924"",""924""]",true,,,,,true,captured_ephemeral
lighteval,math_extractive_match,64f4f5ae173626509fad6e477ca4ee56ebb26129,real-control_correct-43de6f6db2801086-001,control_correct,finished_control,,true,,ok,,"[""924"",""924""]",true,,,,,true,captured_ephemeral
lighteval,math_extractive_match,64f4f5ae173626509fad6e477ca4ee56ebb26129,real-control_correct-eeb69bc8e4b6afb6-001,control_correct,finished_control,,true,,ok,,"[""924"",""924""]",true,,,,,true,captured_ephemeral
lighteval,math_extractive_match,64f4f5ae173626509fad6e477ca4ee56ebb26129,real-control_correct-8e92ff00e3dc8c7f-001,control_correct,finished_control,,true,,ok,,"[""924"",""924""]",true,,,,,true,captured_ephemeral
lighteval,math_extractive_match,64f4f5ae173626509fad6e477ca4ee56ebb26129,real-control_correct-c2bfbc405396d110-001,control_correct,finished_control,,true,,ok,,"[""924"",""924""]",true,,,,,true,captured_ephemeral
lighteval,math_extractive_match,64f4f5ae173626509fad6e477ca4ee56ebb26129,real-control_correct-c44a3d80f5ea3ae9-001,control_correct,finished_control,,true,,ok,,"[""924"",""924""]",true,,,,,true,captured_ephemeral
lighteval,math_extractive_match,64f4f5ae173626509fad6e477ca4ee56ebb26129,real-control_correct-45c33fc7f4b89ab1-001,control_correct,finished_control,,true,,ok,,"[""924"",""924""]",true,,,,,true,captured_ephemeral
lighteval,math_extractive_match,64f4f5ae173626509fad6e477ca4ee56ebb26129,real-control_correct-2ec159fcc5ac75cf-001,control_correct,finished_control,,true,,ok,,"[""924"",""924""]",true,,,,,true,captured_ephemeral
lighteval,math_extractive_match,64f4f5ae173626509fad6e477ca4ee56ebb26129,real-control_correct-4bc94d1cce22bd8b-001,control_correct,finished_control,,true,,ok,,"[""924"",""924""]",true,,,,,true,captured_ephemeral
lighteval,math_extractive_match,64f4f5ae173626509fad6e477ca4ee56ebb26129,real-control_correct-02db4d1921acd1d7-001,control_correct,finished_control,,true,,ok,,"[""924"",""924""]",true,,,,,true,captured_ephemeral
lighteval,math_extractive_match,64f4f5ae173626509fad6e477ca4ee56ebb26129,real-control_correct-0e0bf8d361f29f7c-001,control_correct,finished_control,,true,,ok,,"[""Eq(r/factorial(2025), 1311/2017)"",""\\frac{r}{2025!} = \\frac{1311}{2017}""]",true,,,,,false,captured_ephemeral
lighteval,math_extractive_match,64f4f5ae173626509fad6e477ca4ee56ebb26129,real-control_correct-585dbca476773d3a-001,control_correct,finished_control,,true,,ok,,"[""26"",""26""]",true,,,,,true,captured_ephemeral
lighteval,math_extractive_match,64f4f5ae173626509fad6e477ca4ee56ebb26129,real-control_correct-066f81dce4312897-001,control_correct,finished_control,,true,,ok,,"[""(9*sqrt(23))/23"",""\\frac{9\\sqrt{23}}{23}""]",true,,,,,false,captured_ephemeral
lighteval,math_extractive_match,64f4f5ae173626509fad6e477ca4ee56ebb26129,real-control_correct-7c345a24b0485152-001,control_correct,finished_control,,true,,ok,,"[""(9*sqrt(23))/23"",""\\frac{9\\sqrt{23}}{23}""]",true,,,,,false,captured_ephemeral
lighteval,math_extractive_match,64f4f5ae173626509fad6e477ca4ee56ebb26129,real-control_correct-14b3558563a36d01-001,control_correct,finished_control,,true,,ok,,"[""26"",""26""]",true,,,,,true,captured_ephemeral
lighteval,math_extractive_match,64f4f5ae173626509fad6e477ca4ee56ebb26129,real-control_correct-52cde770e82e4c2e-001,control_correct,finished_control,,true,,ok,,"[""26"",""26""]",true,,,,,true,captured_ephemeral
lighteval,math_extractive_match,64f4f5ae173626509fad6e477ca4ee56ebb26129,real-control_correct-a3713e645b1649de-001,control_correct,finished_control,,true,,ok,,"[""(9*sqrt(23))/23"",""\\frac{9\\sqrt{23}}{23}""]",true,,,,,false,captured_ephemeral
lighteval,math_extractive_match,64f4f5ae173626509fad6e477ca4ee56ebb26129,real-control_correct-2154392bb16da70b-001,control_correct,finished_control,,true,,ok,,"[""1311/2017"",""\\frac{1311}{2017}""]",true,,,,,true,captured_ephemeral
lighteval,math_extractive_match,64f4f5ae173626509fad6e477ca4ee56ebb26129,real-control_correct-58e45e3809bf2724-001,control_correct,finished_control,,true,,ok,,"[""1311/2017"",""\\frac{1311}{2017}""]",true,,,,,true,captured_ephemeral
lighteval,math_extractive_match,64f4f5ae173626509fad6e477ca4ee56ebb26129,real-control_correct-ef625c1ebfd1e6d8-001,control_correct,finished_control,,true,,ok,,"[""26"",""26""]",true,,,,,true,captured_ephemeral
lighteval,math_extractive_match,64f4f5ae173626509fad6e477ca4ee56ebb26129,real-control_correct-fc4941cec6e2d7b3-001,control_correct,finished_control,,true,,ok,,"[""1311/2017"",""\\frac{1311}{2017}""]",true,,,,,true,captured_ephemeral
lighteval,math_extractive_match,64f4f5ae173626509fad6e477ca4ee56ebb26129,real-control_correct-14a0b724276c5caa-001,control_correct,finished_control,,true,,ok,,"[""1311/2017"",""\\frac{1311}{2017}""]",true,,,,,true,captured_ephemeral
lighteval,math_extractive_match,64f4f5ae173626509fad6e477ca4ee56ebb26129,real-control_correct-5aba32f1a8311a80-001,control_correct,finished_control,,true,,ok,,"[""1311/2017"",""\\frac{1311}{2017}""]",true,,,,,true,captured_ephemeral
lighteval,math_extractive_match,64f4f5ae173626509fad6e477ca4ee56ebb26129,real-control_correct-2efd83efcd01279f-001,control_correct,finished_control,,true,,ok,,"[""26"",""26""]",true,,,,,true,captured_ephemeral
lighteval,math_extractive_match,64f4f5ae173626509fad6e477ca4ee56ebb26129,real-control_correct-c4ae4e148917ebf3-001,control_correct,finished_control,,true,,ok,,"[""9/(sqrt(23))"",""\\frac{9}{\\sqrt{23}}""]",true,,,,,false,captured_ephemeral
lighteval,math_extractive_match,64f4f5ae173626509fad6e477ca4ee56ebb26129,real-control_correct-d2716747c59bfdd8-001,control_correct,finished_control,,true,,ok,,"[""(9*sqrt(23))/23"",""\\frac{9\\,\\sqrt{23}}{23}""]",true,,,,,false,captured_ephemeral
lighteval,math_extractive_match,64f4f5ae173626509fad6e477ca4ee56ebb26129,real-control_correct-62093781aed9b537-001,control_correct,finished_control,,true,,ok,,"[""(9*sqrt(23))/23"",""\\frac{9\\sqrt{23}}{23}""]",true,,,,,false,captured_ephemeral
lighteval,math_extractive_match,64f4f5ae173626509fad6e477ca4ee56ebb26129,real-control_correct-b286790a32a1fbe8-001,control_correct,finished_control,,true,,ok,,"[""1311/2017"",""\\frac{1311}{2017}""]",true,,,,,true,captured_ephemeral
lighteval,math_extractive_match,64f4f5ae173626509fad6e477ca4ee56ebb26129,real-control_correct-d18b4c82b12f0306-001,control_correct,finished_control,,true,,ok,,"[""1311/2017"",""\\frac{1311}{2017}""]",true,,,,,true,captured_ephemeral
lighteval,math_extractive_match,64f4f5ae173626509fad6e477ca4ee56ebb26129,real-control_correct-96dfc10499a820c6-001,control_correct,finished_control,,true,,ok,,"[""1311/2017"",""\\frac{1311}{2017}""]",true,,,,,true,captured_ephemeral
lighteval,math_extractive_match,64f4f5ae173626509fad6e477ca4ee56ebb26129,real-control_correct-3ec3306f5f7bc543-001,control_correct,finished_control,,true,,ok,,"[""(9*sqrt(23))/23"",""\\frac{9\\sqrt{23}}{23}""]",true,,,,,false,captured_ephemeral
lighteval,math_extractive_match,64f4f5ae173626509fad6e477ca4ee56ebb26129,real-control_correct-337848c60cd45f12-001,control_correct,finished_control,,true,,ok,,"[""(9*sqrt(23))/23"",""\\frac{9\\sqrt{23}}{23}""]",true,,,,,false,captured_ephemeral
lighteval,math_extractive_match,64f4f5ae173626509fad6e477ca4ee56ebb26129,real-control_correct-8494ad4e58faefe9-001,control_correct,finished_control,,true,,ok,,"[""(9*sqrt(23))/23"",""\\frac{9\\sqrt{23}}{23}""]",true,,,,,false,captured_ephemeral
lighteval,math_extractive_match,64f4f5ae173626509fad6e477ca4ee56ebb26129,real-control_correct-0f0941eab1767f38-001,control_correct,finished_control,,true,,ok,,"[""(9*sqrt(23))/23"",""\\frac{9\\sqrt{23}}{23}""]",true,,,,,false,captured_ephemeral
lighteval,math_extractive_match,64f4f5ae173626509fad6e477ca4ee56ebb26129,real-control_correct-beea208faf3d4bf4-001,control_correct,finished_control,,true,,ok,,"[""26"",""26""]",true,,,,,true,captured_ephemeral
lighteval,math_extractive_match,64f4f5ae173626509fad6e477ca4ee56ebb26129,real-control_correct-49c6c44114b703fb-001,control_correct,finished_control,,true,,ok,,"[""26"",""26""]",true,,,,,true,captured_ephemeral
lighteval,math_extractive_match,64f4f5ae173626509fad6e477ca4ee56ebb26129,real-control_correct-7e4dcc5a2d2dc94f-001,control_correct,finished_control,,true,,ok,,"[""(9*sqrt(23))/23"",""\\frac{9\\sqrt{23}}{23}""]",true,,,,,false,captured_ephemeral
lighteval,math_extractive_match,64f4f5ae173626509fad6e477ca4ee56ebb26129,real-control_correct-f3c4bd0f7b512e57-001,control_correct,finished_control,,true,,ok,,"[""(9*sqrt(23))/23"",""\\frac{9\\sqrt{23}}{23}""]",true,,,,,false,captured_ephemeral
lighteval,math_extractive_match,64f4f5ae173626509fad6e477ca4ee56ebb26129,real-control_correct-77dca34ea2834915-001,control_correct,finished_control,,true,,ok,,"[""(9*sqrt(23))/23"",""\\frac{9\\sqrt{23}}{23}""]",true,,,,,false,captured_ephemeral
lighteval,math_extractive_match,64f4f5ae173626509fad6e477ca4ee56ebb26129,real-control_correct-f61d7cc8e44486cd-001,control_correct,finished_control,,true,,ok,,"[""(9*sqrt(23))/23"",""\\frac{9\\sqrt{23}}{23}""]",true,,,,,false,captured_ephemeral
lighteval,math_extractive_match,64f4f5ae173626509fad6e477ca4ee56ebb26129,real-control_correct-83db8adebe9798de-001,control_correct,finished_control,,true,,ok,,"[""(9*sqrt(23))/23"",""\\frac{9\\sqrt{23}}{23}""]",true,,,,,false,captured_ephemeral
lighteval,math_extractive_match,64f4f5ae173626509fad6e477ca4ee56ebb26129,real-control_correct-b745903bf49608cc-001,control_correct,finished_control,,true,,ok,,"[""26"",""26""]",true,,,,,true,captured_ephemeral
lighteval,math_extractive_match,64f4f5ae173626509fad6e477ca4ee56ebb26129,real-control_correct-2c758d44ca541778-001,control_correct,finished_control,,true,,ok,,"[""9/(sqrt(23))"",""\\frac{9}{\\sqrt{23}}""]",true,,,,,false,captured_ephemeral
lighteval,math_extractive_match,64f4f5ae173626509fad6e477ca4ee56ebb26129,real-control_correct-4a3fdef251946148-001,control_correct,finished_control,,true,,ok,,"[""9/(sqrt(23))"",""\\frac{9}{\\sqrt{23}}""]",true,,,,,false,captured_ephemeral
lighteval,math_extractive_match,64f4f5ae173626509fad6e477ca4ee56ebb26129,real-control_correct-0ec44c79139c33e2-001,control_correct,finished_control,,true,,ok,,"[""1311/2017"",""\\frac{1311}{2017}""]",true,,,,,true,captured_ephemeral
lighteval,math_extractive_match,64f4f5ae173626509fad6e477ca4ee56ebb26129,real-control_correct-81b17ec6e1a7d1a8-001,control_correct,finished_control,,true,,ok,,"[""1311/2017"",""\\frac{1311}{2017}""]",true,,,,,true,captured_ephemeral
lighteval,math_extractive_match,64f4f5ae173626509fad6e477ca4ee56ebb26129,real-control_correct-0e5f87e242720bf2-001,control_correct,finished_control,,true,,ok,,"[""((3 - sqrt(6))/3)**(1/3)"",""\\sqrt[3]{\\frac{3-\\sqrt{6}}{3}}""]",true,,,,,false,captured_ephemeral
lighteval,math_extractive_match,64f4f5ae173626509fad6e477ca4ee56ebb26129,real-control_correct-593135bb2de509c3-001,control_correct,finished_control,,true,,ok,,"[""(-1*9*sqrt(6) + 27)**(1/3)/3"",""\\frac{\\sqrt[3]{27 - 9\\sqrt{6}}}{3}""]",true,,,,,false,captured_ephemeral
lighteval,math_extractive_match,64f4f5ae173626509fad6e477ca4ee56ebb26129,real-control_correct-c56c011273c6c234-001,control_correct,finished_control,,true,,ok,,"[""(-(-1*10*sqrt(6) + 489)**(1/3) + 3**(1/3) + (10*sqrt(6) + 489)**(1/3))/3"",""\\frac{\\sqrt[3]{489+10\\sqrt{6}}-\\sqrt[3]{489-10\\sqrt{6}}+\\sqrt[3]{3}}{3}""]",true,,,,,false,captured_ephemeral
lighteval,math_extractive_match,64f4f5ae173626509fad6e477ca4ee56ebb26129,real-control_correct-29005d671726f869-001,control_correct,finished_control,,true,,ok,,"[""((3 - sqrt(6))/3)**(1/3)"",""\\sqrt[3]{\\frac{3-\\sqrt{6}}{3}}""]",true,,,,,false,captured_ephemeral
lighteval,math_extractive_match,64f4f5ae173626509fad6e477ca4ee56ebb26129,real-control_correct-67c0cfb485b8e0e1-001,control_correct,finished_control,,true,,ok,,"[""x_{\\min}= \\frac{1}{3}\\sqrt[3]{163-\\frac{10\\sqrt{6}}{3}}+\\Bigl(-\\frac{1}{2}+i\\frac{\\sqrt{3}}{2}\\Bigr)\\sqrt[3]{\\frac{10(3-\\sqrt{6})}{81}+i\\frac{2\\sqrt{3}}{9}}+\\Bigl(-\\frac{1}{2}-i\\frac{\\sqrt{3}}{2}\\Bigr)\\sqrt[3]{\\frac{10(3-\\sqrt{6})}{81}-i\\frac{2\\sqrt{3}}{9}}""]",true,,,,,false,captured_ephemeral
lighteval,math_extractive_match,64f4f5ae173626509fad6e477ca4ee56ebb26129,real-control_correct-afc87305e9694a73-001,control_correct,finished_control,,true,,ok,,"[""\\frac{1}{3}\\sqrt[3]{163-\\frac{10\\sqrt{6}}{3}}\\;+\\; \\Bigl(-\\frac{1}{2}+i\\frac{\\sqrt{3}}{2}\\Bigr)\\sqrt[3]{\\frac{10}{81}\\bigl(3-\\sqrt{6}\\bigr)+i\\frac{2\\sqrt{3}}{9}} \\;+\\; \\Bigl(-\\frac{1}{2}-i\\frac{\\sqrt{3}}{2}\\Bigr)\\sqrt[3]{\\frac{10}{81}\\bigl(3-\\sqrt{6}\\bigr)-i\\frac{2\\sqrt{3}}{9}}""]",true,,,,,false,captured_ephemeral
lighteval,math_extractive_match,64f4f5ae173626509fad6e477ca4ee56ebb26129,real-control_correct-e7d166d098fcef41-001,control_correct,finished_control,,true,,ok,,"[""3840"",""3840""]",true,,,,,true,captured_ephemeral
lighteval,math_extractive_match,64f4f5ae173626509fad6e477ca4ee56ebb26129,real-control_correct-c377b550ceb9090b-001,control_correct,finished_control,,true,,ok,,"[""3840"",""3840""]",true,,,,,true,captured_ephemeral
lighteval,math_extractive_match,64f4f5ae173626509fad6e477ca4ee56ebb26129,real-control_correct-b4137beeac8ed865-001,control_correct,finished_control,,true,,ok,,"[""((3 - sqrt(6))/3)**(1/3)"",""\\sqrt[3]{\\frac{3-\\sqrt{6}}{3}}""]",true,,,,,false,captured_ephemeral
lighteval,math_extractive_match,64f4f5ae173626509fad6e477ca4ee56ebb26129,real-control_correct-8124daee9eec1012-001,control_correct,finished_control,,true,,ok,,"[""((3 - sqrt(6))/3)**(1/3)"",""\\sqrt[3]{\\frac{3-\\sqrt{6}}{3}}""]",true,,,,,false,captured_ephemeral
livebench,olympiad_expression,00eae856aa1c1a9e9d058a65a9a94d85884034c4,real-truncated-aa20e7ac6246feb9-001,truncated,real_truncated,,true,,ok,,,false,,,false,,false,captured_ephemeral
livebench,olympiad_expression,00eae856aa1c1a9e9d058a65a9a94d85884034c4,real-truncated-aa20e7ac6246feb9-002,truncated,real_truncated,,true,,ok,,,false,,,false,,false,captured_ephemeral
livebench,olympiad_expression,00eae856aa1c1a9e9d058a65a9a94d85884034c4,real-truncated-aa20e7ac6246feb9-003,truncated,real_truncated,,true,,ok,,,false,,,false,,false,captured_ephemeral
livebench,olympiad_expression,00eae856aa1c1a9e9d058a65a9a94d85884034c4,real-truncated-aa20e7ac6246feb9-004,truncated,real_truncated,,true,,ok,,,false,,,false,,false,captured_ephemeral
livebench,olympiad_expression,00eae856aa1c1a9e9d058a65a9a94d85884034c4,real-truncated-6cbbd1fc624eeadc-001,truncated,real_truncated,,true,,ok,,"[""999"",""NO ANSWER""]",true,,,true,native extractor emitted NO ANSWER after a suppressed integer conversion error,false,captured_ephemeral
livebench,olympiad_expression,00eae856aa1c1a9e9d058a65a9a94d85884034c4,real-truncated-bd664f49bf0e323e-001,truncated,real_truncated,,true,,ok,,"[""0""]",true,,,false,,false,captured_ephemeral
livebench,olympiad_expression,00eae856aa1c1a9e9d058a65a9a94d85884034c4,real-truncated-491eccf133b25a22-001,truncated,real_truncated,,true,,ok,,,false,,,false,,false,captured_ephemeral
livebench,olympiad_expression,00eae856aa1c1a9e9d058a65a9a94d85884034c4,real-truncated-6a67539058b9830a-001,truncated,real_truncated,,true,,ok,,"[""727""]",true,,,false,,false,captured_ephemeral
livebench,olympiad_expression,00eae856aa1c1a9e9d058a65a9a94d85884034c4,real-truncated-80007a0418241777-001,truncated,real_truncated,,false,non-integer gold_answer,not_applicable,non-integer gold_answer,,,,,,,,captured_ephemeral
livebench,olympiad_expression,00eae856aa1c1a9e9d058a65a9a94d85884034c4,real-truncated-3e5a56704b99efaf-001,truncated,real_truncated,,false,non-integer gold_answer,not_applicable,non-integer gold_answer,,,,,,,,captured_ephemeral
livebench,olympiad_expression,00eae856aa1c1a9e9d058a65a9a94d85884034c4,real-truncated-0f801e8936e3e652-001,truncated,real_truncated,,false,non-integer gold_answer,not_applicable,non-integer gold_answer,,,,,,,,captured_ephemeral
livebench,olympiad_expression,00eae856aa1c1a9e9d058a65a9a94d85884034c4,real-truncated-64dca569eb2179ee-001,truncated,real_truncated,,true,,ok,,"[""727""]",true,,,false,,false,captured_ephemeral
livebench,olympiad_expression,00eae856aa1c1a9e9d058a65a9a94d85884034c4,real-truncated-62f658f8621431bd-001,truncated,real_truncated,,true,,ok,,"[""235"",""900"",""99"",""235"",""900"",""99"",""235"",""900"",""99"",""235"",""900"",""99"",""235"",""900"",""99"",""235"",""900"",""99"",""235"",""900"",""99"",""235"",""900"",""99"",""235"",""900"",""99"",""235"",""900"",""99"",""235"",""900"",""99"",""235"",""900"",""99"",""235"",""900"",""99"",""235"",""900"",""99"",""235"",""900"",""99"",""235"",""900"",""99"",""235"",""900"",""99"",""235"",""900"",""99"",""235"",""900"",""99"",""235"",""900"",""99"",""235"",""900"",""99"",""235"",""900"",""99"",""235"",""900"",""99"",""235"",""900"",""99"",""235"",""900"",""99"",""235"",""900"",""99"",""235"",""900"",""99"",""235"",""900"",""99"",""235"",""900"",""99"",""235"",""900"",""99"",""235"",""900"",""99"",""235"",""900"",""99"",""235"",""900"",""99"",""235"",""900"",""99"",""235"",""900"",""99"",""235"",""900"",""99"",""235"",""900"",""99"",""235"",""900"",""99"",""235"",""900"",""99"",""235"",""900"",""99"",""235"",""900"",""99"",""235"",""900"",""99"",""235"",""900"",""99"",""235"",""900"",""99"",""235"",""900"",""99"",""235"",""900"",""99"",""235"",""900"",""99"",""235"",""900"",""99"",""235"",""900"",""99"",""235"",""900"",""99"",""235"",""900"",""99"",""235"",""900"",""99"",""235"",""900"",""99"",""235"",""900"",""99"",""235"",""900"",""99"",""235"",""900"",""99"",""235"",""900"",""99"",""235"",""900"",""99"",""235"",""900"",""99"",""235"",""900"",""99"",""235"",""900"",""99"",""235"",""900"",""99"",""235"",""900"",""99"",""235"",""900"",""99"",""235"",""900"",""99"",""235"",""900"",""99"",""235"",""900"",""99"",""235"",""900"",""99"",""235"",""900"",""99"",""235"",""900"",""99"",""235"",""900"",""99"",""235"",""900"",""99"",""235"",""900"",""99"",""235"",""900"",""99"",""235"",""900"",""99"",""235"",""900"",""99"",""235"",""900"",""99"",""235"",""900"",""99"",""235"",""900"",""99"",""235"",""900"",""99"",""235"",""900"",""99"",""235"",""900"",""99"",""235"",""900"",""99"",""235"",""900"",""99"",""235"",""900"",""99"",""235"",""900"",""99"",""235"",""900"",""99"",""235"",""900"",""99"",""235"",""900"",""99"",""235"",""900"",""99"",""235"",""900"",""99"",""235"",""900"",""99"",""235"",""900"",""99"",""235"",""900"",""99"",""235"",""900"",""99"",""235"",""900"",""99"",""235"",""900"",""99"",""235"",""900"",""99"",""235"",""900"",""99"",""235"",""900"",""99"",""235"",""900"",""99"",""235"",""900"",""99"",""235"",""900"",""99"",""235"",""900"",""99"",""235"",""900"",""99"",""235"",""900"",""99"",""235"",""900"",""99"",""235"",""900"",""99"",""235"",""900"",""99"",""235"",""900"",""99"",""235"",""900"",""99"",""235"",""900"",""99"",""235"",""900"",""99"",""235"",""900"",""99"",""235"",""900"",""99"",""235"",""900"",""99"",""235"",""900"",""99"",""235"",""900"",""99"",""235"",""900"",""99"",""235"",""900"",""99"",""235"",""900"",""99"",""235"",""900"",""99"",""235"",""900"",""99"",""235"",""900"",""99"",""235"",""900"",""99"",""235"",""900"",""99"",""235"",""900"",""99"",""235"",""900"",""99"",""235"",""900"",""99"",""235"",""900"",""99"",""235"",""900"",""99"",""235"",""900"",""99"",""235"",""900"",""99"",""235"",""900"",""99"",""235"",""900"",""99"",""235"",""900"",""99"",""235"",""900"",""99"",""235"",""900"",""99"",""235"",""900"",""99"",""235"",""900"",""99"",""235"",""900"",""99"",""235"",""900"",""99"",""235"",""900"",""99"",""235"",""900"",""99"",""235"",""900"",""99"",""235"",""900"",""99"",""235"",""900"",""99"",""235"",""900"",""99"",""235"",""900"",""99"",""235"",""900"",""99"",""235"",""900"",""99"",""235"",""900"",""99"",""235"",""900"",""99"",""235"",""900"",""99"",""235"",""900"",""99"",""235"",""900"",""99"",""235"",""900"",""99"",""235"",""900"",""99"",""235"",""900"",""99"",""235"",""900"",""99"",""235"",""900"",""99"",""235"",""900"",""99"",""235"",""900"",""99"",""235"",""900"",""99"",""235"",""900"",""99"",""235"",""900"",""99"",""235"",""900"",""99"",""235"",""900"",""99"",""235"",""900"",""99"",""235"",""900"",""99"",""235"",""900"",""99"",""235"",""900"",""99"",""235"",""900"",""99"",""235"",""900"",""99"",""235"",""900"",""99"",""235"",""900"",""99"",""235"",""900"",""99"",""235"",""900"",""99"",""235"",""900"",""99"",""235"",""900"",""99"",""235"",""900"",""99"",""235"",""900"",""99"",""235"",""900"",""99"",""235"",""900"",""99"",""235"",""900"",""99"",""235"",""900"",""99"",""235"",""900"",""99"",""235"",""900"",""99"",""235"",""900"",""99"",""235"",""900"",""99"",""235"",""900"",""99"",""235"",""900"",""99"",""235"",""900"",""99"",""235"",""900"",""99"",""235"",""900"",""99"",""235"",""900"",""99"",""235"",""900"",""99"",""235"",""900"",""99"",""235"",""900"",""99"",""235"",""900"",""99"",""235"",""900"",""99"",""235"",""900"",""99"",""235"",""900"",""99"",""235"",""900"",""99"",""235"",""900"",""99"",""235"",""900"",""99"",""235"",""900"",""99"",""235"",""900"",""99"",""235"",""900"",""99"",""235"",""900"",""99"",""235"",""900"",""99"",""235"",""900"",""99"",""235"",""900"",""99"",""235"",""900"",""99"",""235"",""900"",""99"",""235"",""900"",""99"",""235"",""900"",""99"",""235"",""900"",""99"",""235"",""900"",""99"",""235"",""900"",""99"",""235"",""900"",""99"",""235"",""900"",""99"",""235"",""900"",""99"",""235"",""900"",""99"",""235"",""900"",""99"",""235"",""900"",""99"",""235"",""900"",""99"",""235"",""900"",""99"",""235"",""900"",""99"",""235"",""900"",""99"",""235"",""900"",""99"",""235"",""900"",""99"",""235"",""900"",""99"",""235"",""900"",""99"",""235"",""900"",""99"",""235"",""900"",""99"",""235"",""900"",""99"",""235"",""900"",""99"",""235"",""900"",""99"",""235"",""900"",""99"",""235"",""900"",""99"",""235"",""900"",""99"",""235"",""900"",""99"",""235"",""900"",""99"",""235"",""900"",""99"",""235"",""900"",""99"",""235"",""900"",""99"",""235"",""900"",""99"",""235"",""900"",""99"",""235"",""900"",""99"",""235"",""900"",""99"",""235"",""900"",""99"",""235"",""900"",""99"",""235"",""900"",""99"",""235"",""900"",""99"",""235"",""900"",""99"",""235"",""900"",""99"",""235"",""900"",""99"",""235"",""900"",""99"",""235"",""900"",""99"",""235"",""900"",""99"",""235"",""900"",""99"",""235"",""900"",""99"",""235"",""900"",""99"",""235"",""900"",""99"",""235"",""900"",""99"",""235"",""900"",""99"",""235"",""900"",""99"",""235"",""900"",""99"",""235"",""900"",""99"",""235"",""900"",""99"",""235"",""900"",""99"",""235"",""900"",""99"",""235"",""900"",""99"",""235"",""900"",""99"",""235"",""900"",""99"",""235"",""900"",""99"",""235"",""900"",""99"",""235"",""900"",""99"",""235"",""900"",""99"",""235"",""900"",""99"",""235"",""900"",""99"",""235"",""900"",""99"",""235"",""900"",""99"",""235"",""900"",""99"",""235"",""900"",""99"",""235"",""900"",""99"",""235"",""900"",""99"",""235"",""900"",""99"",""235"",""900"",""99"",""235"",""900"",""99"",""235"",""900"",""99"",""235"",""900"",""99"",""235"",""900"",""99"",""235"",""900"",""99"",""235"",""900"",""99"",""235"",""900"",""99"",""235"",""900"",""99"",""235"",""900"",""99"",""235"",""900"",""99"",""235"",""900"",""99"",""235"",""900"",""99"",""235"",""900"",""99"",""235"",""900"",""99"",""235"",""900"",""99"",""235"",""900"",""99"",""235"",""900"",""99"",""235"",""900"",""99"",""235"",""900"",""99"",""235"",""900"",""99"",""235"",""900"",""99"",""235"",""900"",""99"",""235"",""900"",""99"",""235"",""900"",""99"",""235"",""900"",""99"",""235"",""900"",""99"",""235"",""900"",""99"",""235"",""900"",""99"",""235"",""900"",""99"",""235"",""900"",""99"",""235"",""900"",""99"",""235"",""900"",""99"",""235"",""900"",""99"",""235"",""900"",""99"",""235"",""900"",""99"",""235"",""900"",""99"",""235"",""900"",""99"",""235"",""900"",""99"",""235"",""900"",""99"",""235"",""900"",""99"",""235"",""900"",""99"",""235"",""900"",""99"",""235"",""900"",""99"",""235"",""900"",""99"",""235"",""900"",""99"",""235"",""900"",""99"",""235"",""900"",""99"",""235"",""900"",""99"",""235"",""900"",""99"",""235"",""900"",""99"",""235"",""900"",""99"",""235"",""900"",""99"",""235"",""900"",""99"",""235"",""900"",""99"",""235"",""900"",""99"",""235"",""900"",""99"",""235"",""900"",""99"",""235"",""900"",""99"",""235"",""900"",""99"",""235"",""900"",""99"",""235"",""900"",""99"",""235"",""900"",""99"",""235"",""900"",""99"",""235"",""900"",""99"",""235"",""900"",""99"",""235"",""900"",""99"",""235"",""900"",""99"",""235"",""900"",""99"",""235"",""900"",""99"",""235"",""900"",""99"",""235"",""900"",""99"",""235"",""900"",""99"",""235"",""900"",""99"",""235"",""900"",""99"",""235"",""900"",""99"",""235"",""900"",""99"",""235"",""900"",""99"",""235"",""900"",""99"",""235"",""900"",""99"",""235"",""900"",""99"",""235"",""900"",""99"",""235"",""900"",""99"",""235"",""900"",""99"",""235"",""900"",""99"",""235"",""900"",""99"",""235"",""900"",""99"",""235"",""900"",""99"",""235"",""900"",""99"",""235"",""900"",""99"",""235"",""900"",""99"",""235"",""900"",""99"",""235"",""900"",""99"",""235"",""900"",""99"",""235"",""900"",""99"",""235"",""900"",""99"",""235"",""900"",""99"",""235"",""900"",""99"",""235"",""900"",""99"",""235"",""900"",""99"",""235"",""900"",""99"",""235"",""900"",""99"",""235"",""900"",""99"",""235"",""900"",""99"",""235"",""900"",""99"",""235"",""900"",""99"",""235"",""900"",""99"",""235"",""900"",""99"",""235"",""900"",""99"",""235"",""900"",""99"",""235"",""900"",""99"",""235"",""900"",""99"",""235"",""900"",""99"",""235"",""900"",""99"",""235"",""900"",""99"",""235"",""900"",""99"",""235"",""900"",""99"",""235"",""900"",""99"",""235"",""900"",""99"",""235"",""900"",""99"",""235"",""900"",""99"",""235"",""900"",""99"",""235"",""900"",""99"",""235"",""900"",""99"",""235"",""900"",""99"",""235"",""900"",""99"",""235"",""900"",""99"",""235"",""900"",""99"",""235"",""900"",""99"",""235"",""900"",""99"",""235"",""900"",""99"",""235"",""900"",""99"",""235"",""900"",""99"",""235"",""900"",""99"",""235"",""900"",""99"",""235"",""900"",""99"",""235"",""900"",""99"",""235"",""900"",""99"",""235"",""900"",""99"",""235"",""900"",""99"",""235"",""900"",""99"",""235"",""900"",""99"",""235"",""900"",""99"",""235"",""900"",""99"",""235"",""900"",""99"",""235"",""900"",""99"",""235"",""900"",""99"",""235"",""900"",""99"",""235"",""900"",""99"",""235"",""900"",""99"",""235"",""900"",""99"",""235"",""900"",""99"",""235"",""900"",""99"",""235"",""900"",""99"",""235"",""900"",""99"",""235"",""900"",""99"",""235"",""900"",""99"",""235"",""900"",""99"",""235"",""900"",""99"",""235"",""900"",""99"",""235"",""900"",""99"",""235"",""900"",""99"",""235"",""900"",""99"",""235"",""900"",""99"",""235"",""900"",""99"",""235"",""900"",""99"",""235"",""900"",""99"",""235"",""900"",""99"",""235"",""900"",""99"",""235"",""900"",""99"",""235"",""900"",""99"",""235"",""900"",""99"",""235"",""900"",""99"",""235"",""900"",""99"",""235"",""900"",""99"",""235"",""900"",""99"",""235"",""900"",""99"",""235"",""900"",""99"",""235"",""900"",""99"",""235"",""900"",""99"",""235"",""900"",""99"",""235"",""900"",""99"",""235"",""900"",""99"",""235"",""900"",""99"",""235"",""900"",""99"",""235"",""900"",""99"",""235"",""900"",""99"",""235"",""900"",""99"",""235"",""900"",""99"",""235"",""900"",""99"",""235"",""900"",""99"",""235"",""900"",""99"",""235"",""900"",""99"",""235"",""900"",""99"",""235"",""900"",""99"",""235"",""900"",""99"",""235"",""900"",""99"",""235"",""900"",""99"",""235"",""900"",""99"",""235"",""900"",""99"",""235"",""900"",""99"",""235"",""900"",""99"",""235"",""900"",""99"",""235"",""900"",""99"",""235"",""900"",""99"",""235"",""900"",""99"",""235"",""900"",""99"",""235"",""900"",""99"",""235"",""900"",""99"",""235"",""900"",""99"",""235"",""900"",""99"",""235"",""900"",""99"",""235"",""900"",""99"",""235"",""900"",""99"",""235"",""900"",""99"",""235"",""900"",""99"",""235"",""900"",""99"",""235"",""900"",""99"",""235"",""900"",""99"",""235"",""900"",""99"",""235"",""900"",""99"",""235"",""900"",""99"",""235"",""900"",""99"",""235"",""900"",""99"",""235"",""900"",""99"",""235"",""900"",""99"",""235"",""900"",""99"",""235"",""900"",""99"",""235"",""900"",""99"",""235"",""900"",""99"",""235"",""900"",""99"",""235"",""900"",""99"",""235"",""900"",""99"",""235"",""900"",""99"",""235"",""900"",""99"",""235"",""900"",""99"",""235"",""900"",""99"",""235"",""900"",""99"",""235"",""900"",""99"",""235"",""900"",""99"",""235"",""900"",""99"",""235"",""900"",""99"",""235"",""900"",""99"",""235"",""900"",""99"",""235"",""900"",""99"",""235"",""900"",""99"",""235"",""900"",""99"",""235"",""900"",""99"",""235"",""900"",""99"",""235"",""900"",""99"",""235"",""900"",""99"",""235"",""900"",""99"",""235"",""900"",""99"",""235"",""900"",""99"",""235"",""900"",""99"",""235"",""900"",""99"",""235"",""900"",""99"",""235"",""900"",""99"",""235"",""900"",""99"",""235"",""900"",""99"",""235"",""900"",""99"",""235"",""900"",""99"",""235"",""900"",""99"",""235"",""900"",""99"",""235"",""900"",""99"",""235"",""900"",""99"",""235"",""900"",""99"",""235"",""900"",""99"",""235"",""900"",""99"",""235"",""900"",""99"",""235"",""900"",""99"",""235"",""900"",""99"",""235"",""900"",""99"",""235"",""900"",""99"",""235"",""900"",""99"",""235"",""900"",""99"",""235"",""900"",""99"",""235"",""900"",""99"",""235"",""900"",""99"",""235"",""900"",""99"",""235"",""900"",""99"",""235"",""900"",""99"",""235"",""900"",""99"",""235"",""900"",""99"",""235"",""900"",""99"",""235"",""900"",""99"",""235"",""900"",""99"",""235"",""900"",""99"",""235"",""900"",""99"",""235"",""900"",""99"",""235"",""900"",""99"",""235"",""900"",""99"",""235"",""900"",""99"",""235"",""900"",""99"",""235"",""900"",""99"",""235"",""900"",""99"",""235"",""900"",""99"",""235"",""900"",""99"",""235"",""900"",""99"",""235"",""900"",""99"",""235"",""900"",""99"",""235"",""900"",""99"",""235"",""900"",""99"",""235"",""900"",""99"",""235"",""900"",""99"",""235"",""900"",""99"",""235"",""900"",""99"",""235"",""900"",""99"",""235"",""900"",""99"",""235"",""900"",""99"",""235"",""900"",""99"",""235"",""900"",""99"",""235"",""900"",""99"",""235"",""900"",""99"",""235"",""900"",""99"",""235"",""900"",""99"",""235"",""900"",""99"",""235"",""900"",""99"",""235"",""900"",""99"",""235"",""900"",""99"",""235"",""900"",""99"",""235"",""900"",""99"",""235"",""900"",""99"",""235"",""900"",""99"",""235"",""900"",""99"",""235"",""900"",""99"",""235"",""900"",""99"",""235"",""900"",""99"",""235"",""900"",""99"",""235"",""900"",""99"",""235"",""900"",""99"",""235"",""900"",""99"",""235"",""900"",""99"",""235"",""900"",""99"",""235"",""900"",""99"",""235"",""900"",""99"",""235"",""900"",""99"",""235"",""900"",""99"",""235"",""900"",""99"",""235"",""900"",""99"",""235"",""900"",""99"",""235"",""900"",""99"",""235"",""900"",""99"",""235"",""900"",""99"",""235"",""900"",""99"",""235"",""900"",""99"",""235"",""900"",""99"",""235"",""900"",""99"",""235"",""900"",""99"",""235"",""900"",""99"",""235"",""900"",""99"",""235"",""900"",""99"",""235"",""900"",""99"",""235"",""900"",""99"",""235"",""900"",""99"",""235"",""900"",""99"",""235"",""900"",""99"",""235"",""900"",""99"",""235"",""900"",""99"",""235"",""900"",""99"",""235"",""900"",""99"",""235"",""900"",""99"",""235"",""900"",""99"",""235"",""900"",""99"",""235"",""900"",""99"",""235"",""900"",""99"",""235"",""900"",""99"",""235"",""900"",""99"",""235"",""900"",""99"",""235"",""900"",""99"",""235"",""900"",""99"",""235"",""900"",""99"",""235"",""900"",""99"",""235"",""900"",""99"",""235"",""900"",""99"",""235"",""900"",""99"",""235"",""900"",""99"",""235"",""900"",""99"",""235"",""900"",""99"",""235"",""900"",""99"",""235"",""900"",""99"",""235"",""900"",""99"",""235"",""900"",""99"",""235"",""900"",""99"",""235"",""900"",""99"",""235"",""900"",""99"",""235"",""900"",""99"",""235"",""900"",""99"",""235"",""900"",""99"",""235"",""900"",""99"",""235"",""900"",""99"",""235"",""900"",""99"",""235"",""900"",""99"",""235"",""900"",""99"",""235"",""900"",""99"",""235"",""900"",""99"",""235"",""900"",""99"",""235"",""900"",""99"",""235"",""900"",""99"",""235"",""900"",""99"",""235"",""900"",""99"",""235"",""900"",""99"",""235"",""900"",""99"",""235"",""900"",""99"",""235"",""900"",""99"",""235"",""900"",""99"",""235"",""900"",""99"",""235"",""900"",""99"",""235"",""900"",""99"",""235"",""900"",""99"",""235"",""900"",""99"",""235"",""900"",""99"",""235"",""900"",""99"",""235"",""900"",""99"",""235"",""900"",""99"",""235"",""900"",""99"",""235"",""900"",""99"",""235"",""900"",""99"",""235"",""900"",""99"",""235"",""900"",""99"",""235"",""900"",""99"",""235"",""900"",""99"",""235"",""900"",""99"",""235"",""900"",""99"",""235"",""900"",""99"",""235"",""900"",""99"",""235"",""900"",""99"",""235"",""900"",""99"",""235"",""900"",""99"",""235"",""900"",""99"",""235"",""900"",""99"",""235"",""900"",""99"",""235"",""900"",""99"",""235"",""900"",""99"",""235"",""900"",""99"",""235"",""900"",""99"",""235"",""900"",""99"",""235"",""900"",""99"",""235"",""900"",""99"",""235"",""900"",""99"",""235"",""900"",""99"",""235"",""900"",""99"",""235"",""900"",""99"",""235"",""900"",""99"",""235"",""900"",""99"",""235"",""900"",""99"",""235"",""900"",""99"",""235"",""900"",""99"",""235"",""900"",""99"",""235"",""900"",""99"",""235"",""900"",""99"",""235"",""900"",""99"",""235"",""900"",""99"",""235"",""900"",""99"",""235"",""900"",""99"",""235"",""900"",""99"",""235"",""900"",""99"",""235"",""900"",""99"",""235"",""900"",""99"",""235"",""900"",""99"",""235"",""900"",""99"",""235"",""900"",""99"",""235"",""900"",""99"",""235"",""900"",""99"",""235"",""900"",""99"",""235"",""900"",""99"",""235"",""900"",""99"",""235"",""900"",""99"",""235"",""900"",""99"",""235"",""900"",""99"",""235"",""900"",""99"",""235"",""900"",""99"",""235"",""900"",""99"",""235"",""900"",""99"",""235"",""900"",""99"",""235"",""900"",""99"",""235"",""900"",""99"",""235"",""900"",""99"",""235"",""900"",""99"",""235"",""900"",""99"",""235"",""900"",""99"",""235"",""900"",""99"",""235"",""900"",""99"",""235"",""900"",""99"",""235"",""900"",""99"",""235"",""900"",""99"",""235"",""900"",""99"",""235"",""900"",""99"",""235"",""900"",""99"",""235"",""900"",""99"",""235"",""900"",""99"",""235"",""900"",""99"",""235"",""900"",""99"",""235"",""900"",""99"",""235"",""900"",""99"",""235"",""900"",""99"",""235"",""900"",""99"",""235"",""900"",""99"",""235"",""900"",""99"",""235"",""900"",""99"",""235"",""900"",""99"",""235"",""900"",""99"",""235"",""900"",""99"",""235"",""900"",""99"",""235"",""900"",""99"",""235"",""900"",""99"",""235"",""900"",""99"",""235"",""900"",""99"",""235"",""900"",""99"",""235"",""900"",""99"",""235"",""900"",""99"",""235"",""900"",""99"",""235"",""900"",""99"",""235"",""900"",""99"",""235"",""900"",""99"",""235"",""900"",""99"",""235"",""900"",""99"",""235"",""900"",""99"",""235"",""900"",""99"",""235"",""900"",""99"",""235"",""900"",""99"",""235"",""900"",""99"",""235"",""900"",""99"",""235"",""900"",""99"",""235"",""900"",""99"",""235"",""900"",""99"",""235"",""900"",""99"",""235"",""900"",""99"",""235"",""900"",""99"",""235"",""900"",""99"",""235"",""900"",""99"",""235"",""900"",""99"",""235"",""900"",""99"",""235"",""900"",""99"",""235"",""900"",""99"",""235"",""900"",""99"",""235"",""900"",""99"",""235"",""900"",""99"",""235"",""900"",""99"",""235"",""900"",""99"",""235"",""900"",""99"",""235"",""900"",""99"",""235"",""900"",""99"",""235"",""900"",""99"",""235"",""900"",""99"",""235"",""900"",""99"",""235"",""900"",""99"",""235"",""900"",""99"",""235"",""900"",""99"",""235"",""900"",""99"",""235"",""900"",""99"",""235"",""900"",""99"",""235"",""900"",""99"",""235"",""900"",""99"",""235"",""900"",""99"",""235"",""900"",""99"",""235"",""900"",""99"",""235"",""900"",""99"",""235"",""900"",""99"",""235"",""900"",""99"",""235"",""900"",""99"",""235"",""900"",""99"",""235"",""900"",""99"",""235"",""900"",""99"",""235"",""900"",""99"",""235"",""900"",""99"",""235"",""900"",""99"",""235"",""900"",""99"",""235"",""900"",""99"",""235"",""900"",""99"",""235"",""900"",""99"",""235"",""900"",""99"",""235"",""900"",""99"",""235"",""900"",""99"",""235"",""900"",""99"",""235"",""900"",""99"",""235"",""900"",""99"",""235"",""900"",""99"",""235"",""900"",""99"",""235"",""900"",""99"",""235"",""900"",""99"",""235"",""900"",""99"",""235"",""900"",""99"",""235"",""900"",""99"",""235"",""900"",""99"",""235"",""900"",""99"",""235"",""900"",""99"",""235"",""900"",""99"",""235"",""900"",""99"",""235"",""900"",""99"",""235"",""900"",""99"",""235"",""900"",""99"",""235"",""900"",""99"",""235"",""900"",""99"",""235"",""900"",""99"",""235"",""900"",""99"",""235"",""900"",""99"",""235"",""900"",""99"",""235"",""900"",""99"",""235"",""900"",""99"",""235"",""900"",""99"",""235"",""900"",""99"",""235"",""900"",""99"",""235"",""900"",""99"",""235"",""900"",""99"",""235"",""900"",""99"",""235"",""900"",""99"",""235"",""900"",""99"",""235"",""900"",""99"",""235"",""900"",""99"",""235"",""900"",""99"",""235"",""900"",""99"",""235"",""900"",""99"",""235"",""900"",""99"",""235"",""900"",""99"",""235"",""900"",""99"",""235"",""900"",""99"",""235"",""900"",""99"",""235"",""900"",""99"",""235"",""900"",""99"",""235"",""900"",""99"",""235"",""900"",""99"",""235"",""900"",""99"",""235"",""900"",""99"",""235"",""900"",""99"",""235"",""900"",""99"",""235"",""900"",""99"",""235"",""900"",""99"",""235"",""900"",""99"",""235"",""900"",""99"",""235"",""900"",""99"",""235"",""900"",""99"",""235"",""900"",""99"",""235"",""900"",""99"",""235"",""900"",""99"",""235"",""900"",""99"",""235"",""900"",""99"",""235"",""900"",""99"",""235"",""900"",""99"",""235"",""900"",""99"",""235"",""900"",""99"",""235"",""900"",""99"",""235"",""900"",""99"",""235"",""900"",""99"",""235"",""900"",""99"",""235"",""900"",""99"",""235"",""900"",""99"",""235"",""900"",""99"",""235"",""900"",""99"",""235"",""900"",""99"",""235"",""900"",""99"",""235"",""900"",""99"",""235"",""900"",""99"",""235"",""900"",""99"",""235"",""900"",""99"",""235"",""900"",""99"",""235"",""900"",""99"",""235"",""900"",""99"",""235"",""900"",""99"",""235"",""900"",""99"",""235"",""900"",""99"",""235"",""900"",""99"",""235"",""900"",""99"",""235"",""900"",""99"",""235"",""900"",""99"",""235"",""900"",""99"",""235"",""900"",""99"",""235"",""900"",""99"",""235"",""900"",""99"",""235"",""900"",""99"",""235"",""900"",""99"",""235"",""900"",""99"",""235"",""900"",""99"",""235"",""900"",""99"",""235"",""900"",""99"",""235"",""900"",""99"",""235"",""900"",""99"",""235"",""900"",""99"",""235"",""900"",""99"",""235"",""900"",""99"",""235"",""900"",""99"",""235"",""900"",""99"",""235"",""900"",""99"",""235"",""900"",""99"",""235"",""900"",""99"",""235"",""900"",""99"",""235"",""900"",""99"",""235"",""900"",""99"",""235"",""900"",""99"",""235"",""900"",""99"",""235"",""900"",""99"",""235"",""900"",""99"",""235"",""900"",""99"",""235"",""900"",""99"",""235"",""900"",""99"",""235"",""900"",""99"",""235"",""900"",""99"",""235"",""900"",""99"",""235"",""900"",""99"",""235"",""900"",""99"",""235"",""900"",""99"",""235"",""900"",""99"",""235"",""900"",""99"",""235"",""900"",""99"",""235"",""900"",""99"",""235"",""900"",""99"",""235"",""900"",""99"",""235"",""900"",""99"",""235"",""900"",""99"",""235"",""900"",""99"",""235"",""900"",""99"",""235"",""900"",""99"",""235"",""900"",""99"",""235"",""900"",""99"",""235"",""900"",""99"",""235"",""900"",""99"",""235"",""900"",""99"",""235"",""900"",""99"",""235"",""900"",""99"",""235"",""900"",""99"",""235"",""900"",""99"",""235"",""900"",""99"",""235"",""900"",""99"",""235"",""900"",""99"",""235"",""900"",""99"",""235"",""900"",""99"",""235"",""900"",""99"",""235"",""900"",""99"",""235"",""900"",""99"",""235"",""900"",""99"",""235"",""900"",""99"",""235"",""900"",""99"",""235"",""900"",""99"",""235"",""900"",""99"",""235"",""900"",""99"",""235"",""900"",""99"",""235"",""900"",""99"",""235"",""900"",""99"",""235"",""900"",""99"",""235"",""900"",""99"",""235"",""900"",""99"",""235"",""900"",""99"",""235"",""900"",""99"",""235"",""900"",""99"",""235"",""900"",""99"",""235"",""900"",""99"",""235"",""900"",""99"",""235"",""900"",""99"",""235"",""900"",""99"",""235"",""900"",""99"",""235"",""900"",""99"",""235"",""900"",""99"",""235"",""900"",""99"",""235"",""900"",""99"",""235"",""900"",""99"",""235"",""900"",""99"",""235"",""900"",""99"",""235"",""900"",""99"",""235"",""900"",""99"",""235"",""900"",""99"",""235"",""900"",""99"",""235"",""900"",""99"",""235"",""900"",""99"",""235"",""900"",""99"",""235"",""900"",""99"",""235"",""900"",""99"",""235"",""900"",""99"",""235"",""900"",""99"",""235"",""900"",""99"",""235"",""900"",""99"",""235"",""900"",""99"",""235"",""900"",""99"",""235"",""900"",""99"",""235"",""900"",""99"",""235"",""900"",""99"",""235"",""900"",""99"",""235"",""900"",""99"",""235"",""900"",""99"",""235"",""900"",""99"",""235"",""900"",""99"",""235"",""900"",""99"",""235"",""900"",""99"",""235"",""900"",""99"",""235"",""900"",""99"",""235"",""900"",""99"",""235"",""900"",""99"",""235"",""900"",""99"",""235"",""900"",""99"",""235"",""900"",""99"",""235"",""900"",""99"",""235"",""900"",""99"",""235"",""900"",""99"",""235"",""900"",""99"",""235"",""900"",""99"",""235"",""900"",""99"",""235"",""900"",""99"",""235"",""900"",""99"",""235"",""900"",""99"",""235"",""900"",""99"",""235"",""900"",""99"",""235"",""900"",""99"",""235"",""900"",""99"",""235"",""900"",""99"",""235"",""900"",""99"",""235"",""900"",""99"",""235"",""900"",""99"",""235"",""900"",""99"",""235"",""900"",""99"",""235"",""900"",""99"",""235"",""900"",""99"",""235"",""900"",""99"",""235"",""900"",""99"",""235"",""900"",""99"",""235"",""900"",""99"",""235"",""900"",""99"",""235"",""900"",""99"",""235"",""900"",""99"",""235"",""900"",""99"",""235"",""900"",""99"",""235"",""900"",""99"",""235"",""900"",""99"",""235"",""900"",""99"",""235"",""900"",""99"",""235"",""900"",""99"",""235"",""900"",""99"",""235"",""900"",""99"",""235"",""900"",""99"",""235"",""900"",""99"",""235"",""900"",""99"",""235"",""900"",""99"",""235"",""900"",""99"",""235"",""900"",""99"",""235"",""900"",""99"",""235"",""900"",""99"",""235"",""900"",""99"",""235"",""900"",""99"",""235"",""900"",""99"",""235"",""900"",""99"",""235"",""900"",""99"",""235"",""900"",""99"",""235"",""900"",""99"",""235"",""900"",""99"",""235"",""900"",""99"",""235"",""900"",""99"",""235"",""900"",""99"",""235"",""900"",""99"",""235"",""900"",""99"",""235"",""900"",""99"",""235"",""900"",""99"",""235"",""900"",""99"",""235"",""900"",""99"",""235"",""900"",""99"",""235"",""900"",""99"",""235"",""900"",""99"",""235"",""900"",""99"",""235"",""900"",""99"",""235"",""900"",""99"",""235"",""900"",""99"",""235"",""900"",""99"",""235"",""900"",""99"",""235"",""900"",""99"",""235"",""900"",""99"",""235"",""900"",""99"",""235"",""900"",""99"",""235"",""900"",""99"",""235"",""900"",""99"",""235"",""900"",""99"",""235"",""900"",""99"",""235"",""900"",""99"",""235"",""900"",""99"",""235"",""900"",""99"",""235"",""900"",""99"",""235"",""900"",""99"",""235"",""900"",""99"",""235"",""900"",""99"",""235"",""900"",""99"",""235"",""900"",""99"",""235"",""900"",""99"",""235"",""900"",""99"",""235"",""900"",""99"",""235"",""900"",""99"",""235"",""900"",""99"",""235"",""900"",""99"",""235"",""900"",""99"",""235"",""900"",""99"",""235"",""900"",""99"",""235"",""900"",""99"",""235"",""900"",""99"",""235"",""900"",""99"",""235"",""900"",""99"",""235"",""900"",""99"",""235"",""900"",""99"",""235"",""900"",""99"",""235"",""900"",""99"",""235"",""900"",""99"",""235"",""900"",""99"",""235"",""900"",""99"",""235"",""900"",""99"",""235"",""900"",""99"",""235"",""900"",""99"",""235"",""900"",""99"",""235"",""900"",""99"",""235"",""900"",""99"",""235"",""900"",""99"",""235"",""900"",""99"",""235"",""900"",""99"",""235"",""900"",""99"",""235"",""900"",""99"",""235"",""900"",""99"",""235"",""900"",""99"",""235"",""900"",""99"",""235"",""900"",""99"",""235"",""900"",""99"",""235"",""900"",""99"",""235"",""900"",""99"",""235"",""900"",""99"",""235"",""900"",""99"",""235"",""900"",""99"",""235"",""900"",""9""]",true,,,false,,false,captured_ephemeral
livebench,olympiad_expression,00eae856aa1c1a9e9d058a65a9a94d85884034c4,real-truncated-d1c8cfdc97ccfed3-001,truncated,real_truncated,,true,,ok,,"[""1"",""2""]",true,,,false,,false,captured_ephemeral
livebench,olympiad_expression,00eae856aa1c1a9e9d058a65a9a94d85884034c4,real-truncated-11ac842eba29ce66-001,truncated,real_truncated,,true,,ok,,"[""1"",""1"",""1"",""3"",""21"",""21"",""21"",""21"",""21"",""1"",""21"",""21"",""21"",""1"",""21"",""21"",""21"",""1"",""21"",""1"",""21"",""21"",""1"",""21"",""21"",""1"",""21"",""21"",""1"",""21"",""21"",""1"",""21"",""21"",""1"",""21"",""21"",""21"",""1"",""21"",""21"",""1"",""21"",""21"",""1"",""21"",""21"",""1"",""21"",""21"",""1"",""21"",""21"",""1"",""21"",""21"",""1"",""21"",""21"",""1"",""21"",""21"",""1"",""21"",""21"",""1"",""21"",""21"",""1"",""21"",""21"",""1"",""21"",""21"",""1"",""21"",""21"",""1"",""21"",""21"",""1"",""21"",""21"",""1"",""21"",""21"",""1"",""21"",""21"",""1"",""21"",""21"",""1"",""21"",""21"",""1"",""21"",""21"",""1"",""21"",""21"",""1"",""21"",""21"",""1"",""21"",""21"",""1"",""21"",""21"",""1"",""21"",""21"",""1"",""21"",""21"",""1"",""21"",""21"",""1"",""21"",""21"",""1"",""21"",""21"",""1"",""21"",""21"",""1"",""21"",""21"",""1"",""21"",""21"",""1"",""21"",""21"",""1"",""21"",""21"",""1"",""21"",""21"",""1"",""21"",""21"",""1"",""21"",""21"",""1"",""21"",""21"",""1"",""21"",""21"",""1"",""21"",""21"",""1"",""21"",""21"",""1"",""21"",""21"",""1"",""21"",""21"",""1"",""21"",""21"",""1"",""21"",""21"",""1"",""21"",""21"",""1"",""21"",""21"",""1"",""21"",""21"",""1"",""21"",""21"",""1"",""21"",""21"",""1"",""21"",""21"",""1"",""21"",""21"",""1"",""21"",""21"",""1"",""21"",""21"",""1"",""21"",""21"",""1"",""21"",""21"",""1"",""21"",""21"",""1"",""21"",""21"",""1"",""21"",""21"",""1"",""21"",""21"",""1"",""21"",""21"",""1"",""21"",""21"",""1"",""21"",""21"",""1"",""21"",""21"",""1"",""21"",""21"",""1"",""21"",""21"",""1"",""21"",""21"",""1"",""21"",""21"",""1"",""21"",""21"",""1"",""21"",""21"",""1"",""21"",""21"",""1"",""21"",""21"",""1"",""21"",""21"",""1"",""21"",""21"",""1"",""21"",""21"",""1"",""21"",""21"",""1"",""21"",""21"",""1"",""21"",""21"",""1"",""21"",""21"",""1"",""21"",""21"",""1"",""21"",""21"",""1"",""21"",""21"",""1"",""21"",""21"",""1"",""21"",""21"",""1"",""21"",""21"",""1"",""21"",""21"",""1"",""21"",""21"",""1"",""21"",""21"",""1"",""21"",""21"",""1"",""21"",""21"",""1"",""21"",""21"",""1"",""21"",""21"",""1"",""21"",""21"",""1"",""21"",""21"",""1"",""21"",""21"",""1"",""21"",""21"",""1"",""21"",""21"",""1"",""21"",""21"",""1"",""21"",""21"",""1"",""21"",""21"",""1"",""21"",""21"",""1"",""21"",""21"",""1"",""21"",""21"",""1"",""21"",""21"",""1"",""21"",""21"",""1"",""21"",""21"",""1"",""21"",""21"",""1"",""21"",""21"",""1"",""21"",""21"",""1"",""21"",""21"",""1"",""21"",""21"",""1"",""21"",""21"",""1"",""21"",""21"",""1"",""21"",""21"",""1"",""21"",""21"",""1"",""21"",""21"",""1"",""21"",""21"",""1"",""21"",""21"",""1"",""21"",""21"",""1"",""21"",""21"",""1"",""21"",""21"",""1"",""21"",""21"",""1"",""21"",""21"",""1"",""21"",""21"",""1"",""21"",""21"",""1"",""21"",""21"",""1"",""21"",""21"",""1"",""21"",""21"",""1"",""21"",""21"",""1"",""21"",""21"",""1"",""21"",""21"",""1"",""21"",""21"",""1"",""21"",""21"",""1"",""21"",""21"",""1"",""21"",""21"",""1"",""21"",""21"",""1"",""21"",""21"",""1"",""21"",""21"",""1"",""21"",""21"",""1"",""21"",""21"",""1"",""21"",""21"",""1"",""21"",""21"",""1"",""21"",""21"",""1"",""21"",""21"",""1"",""21"",""21"",""1"",""21"",""21"",""1"",""21"",""21"",""1"",""21"",""21"",""1"",""21"",""21"",""1"",""21"",""21"",""1"",""21"",""21"",""1"",""21"",""21"",""1"",""21"",""21"",""1"",""21"",""21"",""1"",""21"",""21"",""1"",""21"",""21"",""1"",""21"",""21"",""1"",""21"",""21"",""1"",""21"",""21"",""1"",""21"",""21"",""1"",""21"",""21"",""1"",""21"",""21"",""1"",""21"",""21"",""1"",""21"",""21"",""1"",""21"",""21"",""1"",""21"",""21"",""1"",""21"",""21"",""1"",""21"",""21"",""1"",""21"",""21"",""1"",""21"",""21"",""1"",""21"",""21"",""1"",""21"",""21"",""1"",""21"",""21"",""1"",""21"",""21"",""1"",""21"",""21"",""1"",""21"",""21"",""1"",""21"",""21"",""1"",""21"",""21"",""1"",""21"",""21"",""1"",""21"",""21"",""1"",""21"",""21"",""1"",""21"",""21"",""1"",""21"",""21"",""1"",""21"",""21"",""1"",""21"",""21"",""1"",""21"",""21"",""1"",""21"",""21"",""1"",""21"",""21"",""1"",""21"",""21"",""1"",""21"",""21"",""1"",""21"",""21"",""1"",""21"",""21"",""1"",""21"",""21"",""1"",""21"",""21"",""1"",""21"",""21"",""1"",""21"",""21"",""1"",""21"",""21"",""1"",""21"",""21"",""1"",""21"",""21"",""1"",""21"",""21"",""1"",""21"",""21"",""1"",""21"",""21"",""1"",""21"",""21"",""1"",""21"",""21"",""1"",""21"",""21"",""1"",""21"",""21"",""1"",""21"",""21"",""1"",""21"",""21"",""1"",""21"",""21"",""1"",""21"",""21"",""1"",""21"",""21"",""1"",""21"",""21"",""1"",""21"",""21"",""1"",""21"",""21"",""1"",""21"",""21"",""1"",""21"",""21"",""1"",""21"",""21"",""1"",""21"",""21"",""1"",""21"",""21"",""1"",""21"",""21"",""1"",""21"",""21"",""1"",""21"",""21"",""1"",""21"",""21"",""1"",""21"",""21"",""1"",""21"",""21"",""1"",""21"",""21"",""1"",""21"",""21"",""1"",""21"",""21"",""1"",""21"",""21"",""1"",""21"",""21"",""1"",""21"",""21"",""1"",""21"",""21"",""1"",""21"",""21"",""1"",""21"",""21"",""1"",""21"",""21"",""1"",""21"",""21"",""1"",""21"",""21"",""1"",""21"",""21"",""1"",""21"",""21"",""1"",""21"",""21"",""1"",""21"",""21"",""1"",""21"",""21"",""1"",""21"",""21"",""1"",""21"",""21"",""1"",""21"",""21"",""1"",""21"",""21"",""1"",""21"",""21"",""1"",""21"",""21"",""1"",""21"",""21"",""1"",""21"",""21"",""1"",""21"",""21"",""1"",""21"",""21"",""1"",""21"",""21"",""1"",""21"",""21"",""1"",""21"",""21"",""1"",""21"",""21"",""1"",""21"",""21"",""1"",""21"",""21"",""1"",""21"",""21"",""1"",""21"",""21"",""1"",""21"",""21"",""1"",""21"",""21"",""1"",""21"",""21"",""1"",""21"",""21"",""1"",""21"",""21"",""1"",""21"",""21"",""1"",""21"",""21"",""1"",""21"",""21"",""1"",""21"",""21"",""1"",""21"",""21"",""1"",""21"",""21"",""1"",""21"",""21"",""1"",""21"",""21"",""1"",""21"",""21"",""1"",""21"",""21"",""1"",""21"",""21"",""1"",""21"",""21"",""1"",""21"",""21"",""1"",""21"",""21"",""1"",""21"",""21"",""1"",""21"",""21"",""1"",""21"",""21"",""1"",""21"",""21"",""1"",""21"",""21"",""1"",""21"",""21"",""1"",""21"",""21"",""1"",""21"",""21"",""1"",""21"",""21"",""1"",""21"",""21"",""1"",""21"",""21"",""1"",""21"",""21"",""1"",""21"",""21"",""1"",""21"",""21"",""1"",""21"",""21"",""1"",""21"",""21"",""1"",""21"",""21"",""1"",""21"",""21"",""1"",""21"",""21"",""1"",""21"",""21"",""1"",""21"",""21"",""1"",""21"",""21"",""1"",""21"",""21"",""1"",""21"",""21"",""1"",""21"",""21"",""1"",""21"",""21"",""1"",""21"",""21"",""1"",""21"",""21"",""1"",""21"",""21"",""1"",""21"",""21"",""1"",""21"",""21"",""1"",""21"",""21"",""1"",""21"",""21"",""1"",""21"",""21"",""1"",""21"",""21"",""1"",""21"",""21"",""1"",""21"",""21"",""1"",""21"",""21"",""1"",""21"",""21"",""1"",""21"",""21"",""1"",""21"",""21"",""1"",""21"",""21"",""1"",""21"",""21"",""1"",""21"",""21"",""1"",""21"",""21"",""1"",""21"",""21"",""1"",""21"",""21"",""1"",""21"",""21"",""1"",""21"",""21"",""1"",""21"",""21"",""1"",""21"",""21"",""1"",""21"",""21"",""1"",""21"",""21"",""1"",""21"",""21"",""1"",""21"",""21"",""1"",""21"",""21"",""1"",""21"",""21"",""1"",""21"",""21"",""1"",""21"",""21"",""1"",""21"",""21"",""1"",""21"",""21"",""1"",""21"",""21"",""1"",""21"",""21"",""1"",""21"",""21"",""1"",""21"",""21"",""1"",""21"",""21"",""1"",""21"",""21"",""1"",""21"",""21"",""1"",""21"",""21"",""1"",""21"",""21"",""1"",""21"",""21"",""1"",""21"",""21"",""1"",""21"",""21"",""1"",""21"",""21"",""1"",""21"",""21"",""1"",""21"",""21"",""1"",""21"",""21"",""1"",""21"",""21"",""1"",""21"",""21"",""1"",""21"",""21"",""1"",""21"",""21"",""1"",""21"",""21"",""1"",""21"",""21"",""1"",""21"",""21"",""1"",""21"",""21"",""1"",""21"",""21"",""1"",""21"",""21"",""1"",""21"",""21"",""1"",""21"",""21"",""1"",""21"",""21"",""1"",""21"",""21"",""1"",""21"",""21"",""1"",""21"",""21"",""1"",""21"",""21"",""1"",""21"",""21"",""1"",""21"",""21"",""1"",""21"",""21"",""1"",""21"",""21"",""1"",""21"",""21"",""1"",""21"",""21"",""1"",""21"",""21"",""1"",""21"",""21"",""1"",""21"",""21"",""1"",""21"",""21"",""1"",""21"",""21"",""1"",""21"",""21"",""1"",""21"",""21"",""1"",""21"",""21"",""1"",""21"",""21"",""1"",""21"",""21"",""1"",""21"",""21"",""1"",""21"",""21"",""1"",""21"",""21"",""1"",""21"",""21"",""1"",""21"",""21"",""1"",""21"",""21"",""1"",""21"",""21"",""1"",""21"",""21"",""1"",""21"",""21"",""1"",""21"",""21"",""1"",""21"",""21"",""1"",""21"",""21"",""1"",""21"",""21"",""1"",""21"",""21"",""1"",""21"",""21"",""1"",""21"",""21"",""1"",""21"",""21"",""1"",""21"",""21"",""1"",""21"",""21"",""1"",""21"",""21"",""1"",""21"",""21"",""1"",""21"",""21"",""1"",""21"",""21"",""1"",""21"",""21"",""1"",""21"",""21"",""1"",""21"",""21"",""1"",""21"",""21"",""1"",""21"",""21"",""1"",""21"",""21"",""1"",""21"",""21"",""1"",""21"",""21"",""1"",""21"",""21"",""1"",""21"",""21"",""1"",""21"",""21"",""1"",""21"",""21"",""1"",""21"",""21"",""1"",""21"",""21"",""1"",""21"",""21"",""1"",""21"",""21"",""1"",""21"",""21"",""1"",""21"",""21"",""1"",""21"",""21"",""1"",""21"",""21"",""1"",""21"",""21"",""1"",""21"",""21"",""1"",""21"",""21"",""1"",""21"",""21"",""1"",""21"",""21"",""1"",""21"",""21"",""1"",""21"",""21"",""1"",""21"",""21"",""1"",""21"",""21"",""1"",""21"",""21"",""1"",""21"",""21"",""1"",""21"",""21"",""1"",""21"",""21"",""1"",""21"",""21"",""1"",""21"",""21"",""1"",""21"",""21"",""1"",""21"",""21"",""1"",""21"",""21"",""1"",""21"",""21"",""1"",""21"",""21"",""1"",""21"",""21"",""1"",""21"",""21"",""1"",""21"",""21"",""1"",""21"",""21"",""1"",""21"",""21"",""1"",""21"",""21"",""1"",""21"",""21"",""1"",""21"",""21"",""1"",""21"",""21"",""1"",""21"",""21"",""1"",""21"",""21"",""1"",""21"",""21"",""1"",""21"",""21"",""1"",""21"",""21"",""1"",""21"",""21"",""1"",""21"",""21"",""1"",""21"",""21"",""1"",""21"",""21"",""1"",""21"",""21"",""1"",""21"",""21"",""1"",""21"",""21"",""1"",""21"",""21"",""1"",""21"",""21"",""1"",""21"",""21"",""1"",""21"",""21"",""1"",""21"",""21"",""1"",""21"",""21"",""1"",""21"",""21"",""1"",""21"",""21"",""1"",""21"",""21"",""1"",""21"",""21"",""1"",""21"",""21"",""1"",""21"",""21"",""1"",""21"",""21"",""1"",""21"",""21"",""1"",""21"",""21"",""1"",""21"",""21"",""1"",""21"",""21"",""1"",""21"",""21"",""1"",""21"",""21"",""1"",""21"",""21"",""1"",""21"",""21"",""1"",""21"",""21"",""1"",""21"",""21"",""1"",""21"",""21"",""1"",""21"",""21"",""1"",""21"",""21"",""1"",""21"",""21"",""1"",""21"",""21"",""1"",""21"",""21"",""1"",""21"",""21"",""1"",""21"",""21"",""1"",""21"",""21"",""1"",""21"",""21"",""1"",""21"",""21"",""1"",""21"",""21"",""1"",""21"",""21"",""1"",""21"",""21"",""1"",""21"",""21"",""1"",""21"",""21"",""1"",""21"",""21"",""1"",""21"",""21"",""1"",""21"",""21"",""1"",""21"",""21"",""1"",""21"",""21"",""1"",""21"",""21"",""1"",""21"",""21"",""1"",""21"",""21"",""1"",""21"",""21"",""1"",""21"",""21"",""1"",""21"",""21"",""1"",""21"",""21"",""1"",""21"",""21"",""1"",""21"",""21"",""1"",""21"",""21"",""1"",""21"",""21"",""1"",""21"",""21"",""1"",""21"",""21"",""1"",""21"",""21"",""1"",""21"",""21"",""1"",""21"",""21"",""1"",""21"",""21"",""1"",""21"",""21"",""1"",""21"",""21"",""1"",""21"",""21"",""1"",""21"",""21"",""1"",""21"",""21"",""1"",""21"",""21"",""1"",""21"",""21"",""1"",""21"",""21"",""1"",""21"",""21"",""1"",""21"",""21"",""1"",""21"",""21"",""1"",""21"",""21"",""1"",""21"",""21"",""1"",""21"",""21"",""1"",""21"",""21"",""1"",""21"",""21"",""1"",""21"",""21"",""1"",""21"",""21"",""1"",""21"",""21"",""1"",""21"",""21"",""1"",""21"",""21"",""1"",""21"",""21"",""1"",""21"",""21"",""1"",""21"",""21"",""1"",""21"",""21"",""1"",""21"",""21"",""1"",""21"",""21"",""1"",""21"",""21"",""1"",""21"",""21"",""1"",""21"",""21"",""1"",""21"",""21"",""1"",""21"",""21"",""1"",""21"",""21"",""1"",""21"",""21"",""1"",""21"",""21"",""1"",""21"",""21"",""1"",""21"",""21"",""1"",""21"",""21"",""1"",""21"",""21"",""1"",""21"",""21"",""1"",""21"",""21"",""1"",""21"",""21"",""1"",""21"",""21"",""1"",""21"",""21"",""1"",""21"",""21"",""1"",""21"",""21"",""1"",""21"",""21"",""1"",""21"",""21"",""1"",""21"",""21"",""1"",""21"",""21"",""1"",""21"",""21"",""1"",""21"",""21"",""1"",""21"",""21"",""1"",""21"",""21"",""1"",""21"",""21"",""1"",""21"",""21"",""1"",""21"",""21"",""1"",""21"",""21"",""1"",""21"",""21"",""1"",""21"",""21"",""1"",""21"",""21"",""1"",""21"",""21"",""1"",""21"",""21"",""1"",""21"",""21"",""1"",""21"",""21"",""1"",""21"",""21"",""1"",""21"",""21"",""1"",""21"",""21"",""1"",""21"",""21"",""1"",""21"",""21"",""1"",""21"",""21"",""1"",""21"",""21"",""1"",""21"",""21"",""1"",""21"",""21"",""1"",""21"",""21"",""1"",""21"",""21"",""1"",""21"",""21"",""1"",""21"",""21"",""1"",""21"",""21"",""1"",""21"",""21"",""1"",""21"",""21"",""1"",""21"",""21"",""1"",""21"",""21"",""1"",""21"",""21"",""1"",""21"",""21"",""1"",""21"",""21"",""1"",""21"",""21"",""1"",""21"",""21"",""1"",""21"",""21"",""1"",""21"",""21"",""1"",""21"",""21"",""1"",""21"",""21"",""1"",""21"",""21"",""1"",""21"",""21"",""1"",""21"",""21"",""1"",""21"",""21"",""1"",""21"",""21"",""1"",""21"",""21"",""1"",""21"",""21"",""1"",""21"",""21"",""1"",""21"",""21"",""1"",""21"",""21"",""1"",""21"",""21"",""1"",""21"",""21"",""1"",""21"",""21"",""1"",""21"",""21"",""1"",""21"",""21"",""1"",""21"",""21"",""1"",""21"",""21"",""1"",""21"",""21"",""1"",""21"",""21"",""1"",""21"",""21"",""1"",""21"",""21"",""1"",""21"",""21"",""1"",""21"",""21"",""1"",""21"",""21"",""1"",""21"",""21"",""1"",""21"",""21"",""1"",""21"",""21"",""1"",""21"",""21"",""1"",""21"",""21"",""1"",""21"",""21"",""1"",""21"",""21"",""1"",""21"",""21"",""1"",""21"",""21"",""1"",""21"",""21"",""1"",""21"",""21"",""1"",""21"",""21"",""1"",""21"",""21"",""1"",""21"",""21"",""1"",""21"",""21"",""1"",""21"",""21"",""1"",""21"",""21"",""1"",""21"",""21"",""1"",""21"",""21"",""1"",""21"",""21"",""1"",""21"",""21"",""1"",""21"",""21"",""1"",""21"",""21"",""1"",""21"",""21"",""1"",""21"",""21"",""1"",""21"",""21"",""1"",""21"",""21"",""1"",""21"",""21"",""1"",""21"",""21"",""1"",""21"",""21"",""1"",""21"",""21"",""1"",""21"",""21"",""1"",""21"",""21"",""1"",""21"",""21"",""1"",""21"",""21"",""1"",""21"",""21"",""1"",""21"",""21"",""1"",""21"",""21"",""1"",""21"",""21"",""1"",""21"",""21"",""1"",""21"",""21"",""1"",""21"",""21"",""1"",""21"",""21"",""1"",""21"",""21"",""1"",""21"",""21"",""1"",""21"",""21"",""1"",""21"",""21"",""1"",""21"",""21"",""1"",""21"",""21"",""1"",""21"",""21"",""1"",""21"",""21"",""1"",""21"",""21"",""1"",""21"",""21"",""1"",""21"",""21"",""1"",""21"",""21"",""1"",""21"",""21"",""1"",""21"",""21"",""1"",""21"",""21"",""1"",""21"",""21"",""1"",""21"",""21"",""1"",""21"",""21"",""1"",""21"",""21"",""1"",""21"",""21"",""1"",""21"",""21"",""1"",""21"",""21"",""1"",""21"",""21"",""1"",""21"",""21"",""1"",""21"",""21"",""1"",""21"",""21"",""1"",""21"",""21"",""1"",""21"",""21"",""1"",""21"",""21"",""1"",""21"",""21"",""1"",""21"",""21"",""1"",""21"",""21"",""1"",""21"",""21"",""1"",""21"",""21"",""1"",""21"",""21"",""1"",""21"",""21"",""1"",""21"",""21"",""1"",""21"",""21"",""1"",""21"",""21"",""1"",""21"",""21"",""1"",""21"",""21"",""1"",""21"",""21"",""1"",""21"",""21"",""1"",""21"",""21"",""1"",""21"",""21"",""1"",""21"",""21"",""1"",""21"",""21"",""1"",""21"",""21"",""1"",""21"",""21"",""1"",""21"",""21"",""1"",""21"",""21"",""1"",""21"",""21"",""1"",""21"",""21"",""1"",""21"",""21"",""1"",""21"",""21"",""1"",""21"",""21"",""1"",""21"",""21"",""1"",""21"",""21"",""1"",""21"",""21"",""1"",""21"",""21"",""1"",""21"",""21"",""1"",""21"",""21"",""1"",""21"",""21"",""1"",""21"",""21"",""1"",""21"",""21"",""1"",""21"",""21"",""1"",""21"",""21"",""1"",""21"",""21"",""1"",""21"",""21"",""1"",""21"",""21"",""1"",""21"",""21"",""1"",""21"",""21"",""1"",""21"",""21"",""1"",""21"",""21"",""1"",""21"",""21"",""1"",""21"",""21"",""1"",""21"",""21"",""1"",""21"",""21"",""1"",""21"",""21"",""1"",""21"",""21"",""1"",""21"",""21"",""1"",""21"",""21"",""1"",""21"",""21"",""1"",""21"",""21"",""1"",""21"",""21"",""1"",""21"",""21"",""1"",""21"",""21"",""1"",""21"",""21"",""1"",""21"",""21"",""1"",""21"",""21"",""1"",""21"",""21"",""1"",""21"",""21"",""1"",""21"",""21"",""1"",""21"",""21"",""1"",""21"",""21"",""1"",""21"",""21"",""1"",""21"",""21"",""1"",""21"",""21"",""1"",""21"",""21"",""1"",""21"",""21"",""1"",""21"",""21"",""1"",""21"",""21"",""1"",""21"",""21"",""1"",""21"",""21"",""1"",""21"",""21"",""1"",""21"",""21"",""1"",""21"",""21"",""1"",""21"",""21"",""1"",""21"",""21"",""1"",""21"",""21"",""1"",""21"",""21"",""1"",""21"",""21"",""1"",""21"",""21"",""1"",""21"",""21"",""1"",""21"",""21"",""1"",""21"",""21"",""1"",""21"",""21"",""1"",""21"",""21"",""1"",""21"",""21"",""1"",""21"",""21"",""1"",""21"",""21"",""1"",""21"",""21"",""1"",""21"",""21"",""1"",""21"",""21"",""1"",""21"",""21"",""1"",""21"",""21"",""1"",""21"",""21"",""1"",""21"",""21"",""1"",""21"",""21"",""1"",""21"",""21"",""1"",""21"",""21"",""1"",""21"",""21"",""1"",""21"",""21"",""1"",""21"",""21"",""1"",""21"",""21"",""1"",""21"",""21"",""1"",""21"",""21"",""1"",""21"",""21"",""1"",""21"",""21"",""1"",""21"",""21"",""1"",""21"",""21"",""1"",""21"",""21"",""1"",""21"",""21"",""1"",""21"",""21"",""1"",""21"",""21"",""1"",""21"",""21"",""1"",""21"",""21"",""1"",""21"",""21"",""1"",""21"",""21"",""1"",""21"",""21"",""1"",""21"",""21"",""1"",""21"",""21"",""1"",""21"",""21"",""1"",""21"",""21"",""1"",""21"",""21"",""1"",""21"",""21"",""1"",""21"",""21"",""1"",""21"",""21"",""1"",""21"",""21"",""1"",""21"",""21"",""1"",""21"",""21"",""1"",""21"",""21"",""1"",""21"",""21"",""1"",""21"",""21"",""1"",""21"",""21"",""1"",""21"",""21"",""1"",""21"",""21"",""1"",""21"",""21"",""1"",""21"",""21"",""1"",""21"",""21"",""1"",""21"",""21"",""1"",""21"",""21"",""1"",""21"",""21"",""1"",""21"",""21"",""1"",""21"",""21"",""1"",""21"",""21"",""1"",""21"",""21"",""1"",""21"",""21"",""1"",""21"",""21"",""1"",""21"",""21"",""1"",""21"",""21"",""1"",""21"",""21"",""1"",""21"",""21"",""1"",""21"",""21"",""1"",""21"",""21"",""1"",""21"",""21"",""1"",""21"",""21"",""1"",""21"",""21"",""1"",""21"",""21"",""1"",""21"",""21"",""1"",""21"",""21"",""1"",""21"",""21"",""1"",""21"",""21"",""1"",""21"",""21"",""1"",""21"",""21"",""1"",""21"",""21"",""1"",""21"",""21"",""1"",""21"",""21"",""1"",""21"",""21"",""1"",""21"",""21"",""1"",""21"",""21"",""1"",""21"",""21"",""1"",""21"",""21"",""1"",""21"",""21"",""1"",""21"",""21"",""1"",""21"",""21"",""1"",""21"",""21"",""1"",""21"",""21"",""1"",""21"",""21"",""1"",""21"",""21"",""1"",""21"",""21"",""1"",""21"",""21"",""1"",""21"",""21"",""1"",""21"",""21"",""1"",""21"",""21"",""1"",""21"",""21"",""1"",""21"",""21"",""1"",""21"",""21"",""1"",""21"",""21"",""1"",""21""]",true,,,false,,false,captured_ephemeral
livebench,olympiad_expression,00eae856aa1c1a9e9d058a65a9a94d85884034c4,real-truncated-7d4dcc415df8964c-001,truncated,real_truncated,,false,non-integer gold_answer,not_applicable,non-integer gold_answer,,,,,,,,captured_ephemeral
livebench,olympiad_expression,00eae856aa1c1a9e9d058a65a9a94d85884034c4,real-truncated-40b63e4bb8bc1fc2-001,truncated,real_truncated,,true,,ok,,"[""1""]",true,,,false,,false,captured_ephemeral
livebench,olympiad_expression,00eae856aa1c1a9e9d058a65a9a94d85884034c4,real-truncated-e4cb8ed5052dcd59-001,truncated,real_truncated,,true,,ok,,"[""8""]",true,,,false,,false,captured_ephemeral
livebench,olympiad_expression,00eae856aa1c1a9e9d058a65a9a94d85884034c4,real-truncated-5f94257404611a94-001,truncated,real_truncated,,true,,ok,,"[""9999"",""999"",""0""]",true,,,false,,false,captured_ephemeral
livebench,olympiad_expression,00eae856aa1c1a9e9d058a65a9a94d85884034c4,real-truncated-cac6cd311f4a62d6-001,truncated,real_truncated,,true,,ok,,"[""2"",""5""]",true,,,false,,false,captured_ephemeral
livebench,olympiad_expression,00eae856aa1c1a9e9d058a65a9a94d85884034c4,real-truncated-d8a68b2d62a0e37e-001,truncated,real_truncated,,true,,ok,,"[""1"",""1"",""2"",""6"",""3"",""6"",""3"",""2"",""13""]",true,,,false,,false,captured_ephemeral
livebench,olympiad_expression,00eae856aa1c1a9e9d058a65a9a94d85884034c4,real-truncated-6313122c5f9da4b8-001,truncated,real_truncated,,true,,ok,,"[""96"",""4656"",""48"",""96"",""4656"",""96"",""3""]",true,,,false,,false,captured_ephemeral
livebench,olympiad_expression,00eae856aa1c1a9e9d058a65a9a94d85884034c4,real-truncated-9880d7c411a9144e-001,truncated,real_truncated,,false,non-integer gold_answer,not_applicable,non-integer gold_answer,,,,,,,,captured_ephemeral
livebench,olympiad_expression,00eae856aa1c1a9e9d058a65a9a94d85884034c4,real-truncated-c4dd38bcc0c31ad8-001,truncated,real_truncated,,false,non-integer gold_answer,not_applicable,non-integer gold_answer,,,,,,,,captured_ephemeral
livebench,olympiad_expression,00eae856aa1c1a9e9d058a65a9a94d85884034c4,real-truncated-c7a933a4b57b2cee-001,truncated,real_truncated,,false,non-integer gold_answer,not_applicable,non-integer gold_answer,,,,,,,,captured_ephemeral
livebench,olympiad_expression,00eae856aa1c1a9e9d058a65a9a94d85884034c4,real-truncated-7ae317e50e0d73c5-001,truncated,real_truncated,,true,,ok,,"[""4""]",true,,,false,,false,captured_ephemeral
livebench,olympiad_expression,00eae856aa1c1a9e9d058a65a9a94d85884034c4,real-truncated-9ecfc35fcefae241-001,truncated,real_truncated,,false,non-integer gold_answer,not_applicable,non-integer gold_answer,,,,,,,,captured_ephemeral
livebench,olympiad_expression,00eae856aa1c1a9e9d058a65a9a94d85884034c4,real-truncated-acb3a5295c56829c-001,truncated,real_truncated,,false,non-integer gold_answer,not_applicable,non-integer gold_answer,,,,,,,,captured_ephemeral
livebench,olympiad_expression,00eae856aa1c1a9e9d058a65a9a94d85884034c4,real-truncated-25007c1e26d4eeb2-001,truncated,real_truncated,,false,non-integer gold_answer,not_applicable,non-integer gold_answer,,,,,,,,captured_ephemeral
livebench,olympiad_expression,00eae856aa1c1a9e9d058a65a9a94d85884034c4,real-truncated-ba728ce1826746c2-001,truncated,real_truncated,,false,non-integer gold_answer,not_applicable,non-integer gold_answer,,,,,,,,captured_ephemeral
livebench,olympiad_expression,00eae856aa1c1a9e9d058a65a9a94d85884034c4,real-truncated-707f12f62e6d4cef-001,truncated,real_truncated,,false,non-integer gold_answer,not_applicable,non-integer gold_answer,,,,,,,,captured_ephemeral
livebench,olympiad_expression,00eae856aa1c1a9e9d058a65a9a94d85884034c4,real-truncated-d2e93ae35a6c6929-001,truncated,real_truncated,,false,non-integer gold_answer,not_applicable,non-integer gold_answer,,,,,,,,captured_ephemeral
livebench,olympiad_expression,00eae856aa1c1a9e9d058a65a9a94d85884034c4,real-truncated-062cf1ffe5b924fa-001,truncated,real_truncated,,false,non-integer gold_answer,not_applicable,non-integer gold_answer,,,,,,,,captured_ephemeral
livebench,olympiad_expression,00eae856aa1c1a9e9d058a65a9a94d85884034c4,real-truncated-805630023b55e371-001,truncated,real_truncated,,false,non-integer gold_answer,not_applicable,non-integer gold_answer,,,,,,,,captured_ephemeral
livebench,olympiad_expression,00eae856aa1c1a9e9d058a65a9a94d85884034c4,real-truncated-3eacef22437fd915-001,truncated,real_truncated,,false,non-integer gold_answer,not_applicable,non-integer gold_answer,,,,,,,,captured_ephemeral
livebench,olympiad_expression,00eae856aa1c1a9e9d058a65a9a94d85884034c4,real-truncated-5da13db78fc0a540-001,truncated,real_truncated,,false,non-integer gold_answer,not_applicable,non-integer gold_answer,,,,,,,,captured_ephemeral
livebench,olympiad_expression,00eae856aa1c1a9e9d058a65a9a94d85884034c4,real-truncated-4480e573ba66416f-001,truncated,real_truncated,,false,non-integer gold_answer,not_applicable,non-integer gold_answer,,,,,,,,captured_ephemeral
livebench,olympiad_expression,00eae856aa1c1a9e9d058a65a9a94d85884034c4,real-truncated-5f4343c0d4868050-001,truncated,real_truncated,,false,non-integer gold_answer,not_applicable,non-integer gold_answer,,,,,,,,captured_ephemeral
livebench,olympiad_expression,00eae856aa1c1a9e9d058a65a9a94d85884034c4,real-truncated-4749817223a7201d-001,truncated,real_truncated,,false,non-integer gold_answer,not_applicable,non-integer gold_answer,,,,,,,,captured_ephemeral
livebench,olympiad_expression,00eae856aa1c1a9e9d058a65a9a94d85884034c4,real-truncated-bba38d303fcf87eb-001,truncated,real_truncated,,false,non-integer gold_answer,not_applicable,non-integer gold_answer,,,,,,,,captured_ephemeral
livebench,olympiad_expression,00eae856aa1c1a9e9d058a65a9a94d85884034c4,real-truncated-d85d90aaf4cc1ca6-001,truncated,real_truncated,,true,,ok,,"[""10""]",true,,,false,,false,captured_ephemeral
livebench,olympiad_expression,00eae856aa1c1a9e9d058a65a9a94d85884034c4,real-truncated-525ccd1eb6fbf139-001,truncated,real_truncated,,false,non-integer gold_answer,not_applicable,non-integer gold_answer,,,,,,,,captured_ephemeral
livebench,olympiad_expression,00eae856aa1c1a9e9d058a65a9a94d85884034c4,real-truncated-e1572c89e32df953-001,truncated,real_truncated,,true,,ok,,"[""3""]",true,,,false,,false,captured_ephemeral
livebench,olympiad_expression,00eae856aa1c1a9e9d058a65a9a94d85884034c4,real-truncated-247556f85b1c55a4-001,truncated,real_truncated,,true,,ok,,"[""16""]",true,,,false,,false,captured_ephemeral
livebench,olympiad_expression,00eae856aa1c1a9e9d058a65a9a94d85884034c4,real-truncated-75443d7e611f2187-001,truncated,real_truncated,,true,,ok,,"[""25""]",true,,,false,,false,captured_ephemeral
livebench,olympiad_expression,00eae856aa1c1a9e9d058a65a9a94d85884034c4,real-truncated-35be201956f48fd0-001,truncated,real_truncated,,false,non-integer gold_answer,not_applicable,non-integer gold_answer,,,,,,,,captured_ephemeral
livebench,olympiad_expression,00eae856aa1c1a9e9d058a65a9a94d85884034c4,real-truncated-9bb1434201a768b2-001,truncated,real_truncated,,false,non-integer gold_answer,not_applicable,non-integer gold_answer,,,,,,,,captured_ephemeral
livebench,olympiad_expression,00eae856aa1c1a9e9d058a65a9a94d85884034c4,real-truncated-95b8c4379b5dc2e4-001,truncated,real_truncated,,false,non-integer gold_answer,not_applicable,non-integer gold_answer,,,,,,,,captured_ephemeral
livebench,olympiad_expression,00eae856aa1c1a9e9d058a65a9a94d85884034c4,real-truncated-770210b9f8b54309-001,truncated,real_truncated,,false,non-integer gold_answer,not_applicable,non-integer gold_answer,,,,,,,,captured_ephemeral
livebench,olympiad_expression,00eae856aa1c1a9e9d058a65a9a94d85884034c4,real-truncated-89322f67b05ffd2c-001,truncated,real_truncated,,false,non-integer gold_answer,not_applicable,non-integer gold_answer,,,,,,,,captured_ephemeral
livebench,olympiad_expression,00eae856aa1c1a9e9d058a65a9a94d85884034c4,real-truncated-1f7af8c0564d30c0-001,truncated,real_truncated,,true,,ok,,"[""0""]",true,,,false,,false,captured_ephemeral
livebench,olympiad_expression,00eae856aa1c1a9e9d058a65a9a94d85884034c4,real-truncated-0f4e8f3e7a20e1ab-001,truncated,real_truncated,,true,,ok,,"[""0""]",true,,,false,,false,captured_ephemeral
livebench,olympiad_expression,00eae856aa1c1a9e9d058a65a9a94d85884034c4,real-truncated-88da8be5be46715d-001,truncated,real_truncated,,false,non-integer gold_answer,not_applicable,non-integer gold_answer,,,,,,,,captured_ephemeral
livebench,olympiad_expression,00eae856aa1c1a9e9d058a65a9a94d85884034c4,real-truncated-6082a79b2216cc1e-001,truncated,real_truncated,,false,non-integer gold_answer,not_applicable,non-integer gold_answer,,,,,,,,captured_ephemeral
livebench,olympiad_expression,00eae856aa1c1a9e9d058a65a9a94d85884034c4,real-truncated-798d25ae0b5abad7-001,truncated,real_truncated,,true,,ok,,"[""3""]",true,,,false,,false,captured_ephemeral
livebench,olympiad_expression,00eae856aa1c1a9e9d058a65a9a94d85884034c4,real-truncated-b92076fc9cd5e016-001,truncated,real_truncated,,true,,ok,,"[""5""]",true,,,false,,false,captured_ephemeral
livebench,olympiad_expression,00eae856aa1c1a9e9d058a65a9a94d85884034c4,real-truncated-aaa0d7f68b704bec-001,truncated,real_truncated,,true,,ok,,"[""1""]",true,,,false,,false,captured_ephemeral
livebench,olympiad_expression,00eae856aa1c1a9e9d058a65a9a94d85884034c4,real-truncated-55417c12215c3d52-001,truncated,real_truncated,,true,,ok,,"[""9""]",true,,,false,,false,captured_ephemeral
livebench,olympiad_expression,00eae856aa1c1a9e9d058a65a9a94d85884034c4,real-truncated-7119848ec423bf7a-001,truncated,real_truncated,,true,,ok,,"[""2"",""3"",""1"",""1"",""1"",""3"",""4"",""2"",""2"",""1"",""1"",""2""]",true,,,false,,false,captured_ephemeral
livebench,olympiad_expression,00eae856aa1c1a9e9d058a65a9a94d85884034c4,real-truncated-99187b20ecf0bdb9-001,truncated,real_truncated,,false,non-integer gold_answer,not_applicable,non-integer gold_answer,,,,,,,,captured_ephemeral
livebench,olympiad_expression,00eae856aa1c1a9e9d058a65a9a94d85884034c4,real-truncated-7734823d0e946fc4-001,truncated,real_truncated,,false,non-integer gold_answer,not_applicable,non-integer gold_answer,,,,,,,,captured_ephemeral
livebench,olympiad_expression,00eae856aa1c1a9e9d058a65a9a94d85884034c4,real-truncated-a1cc1d1204da2de1-001,truncated,real_truncated,,false,non-integer gold_answer,not_applicable,non-integer gold_answer,,,,,,,,captured_ephemeral
livebench,olympiad_expression,00eae856aa1c1a9e9d058a65a9a94d85884034c4,real-truncated-8ccb63cb04064591-001,truncated,real_truncated,,false,non-integer gold_answer,not_applicable,non-integer gold_answer,,,,,,,,captured_ephemeral
livebench,olympiad_expression,00eae856aa1c1a9e9d058a65a9a94d85884034c4,real-truncated-ef7b1a56c6749a3f-001,truncated,real_truncated,,false,non-integer gold_answer,not_applicable,non-integer gold_answer,,,,,,,,captured_ephemeral
livebench,olympiad_expression,00eae856aa1c1a9e9d058a65a9a94d85884034c4,real-truncated-4d3201f20fa1bbd7-001,truncated,real_truncated,,false,non-integer gold_answer,not_applicable,non-integer gold_answer,,,,,,,,captured_ephemeral
livebench,olympiad_expression,00eae856aa1c1a9e9d058a65a9a94d85884034c4,real-truncated-268a568ac4786f87-001,truncated,real_truncated,,false,non-integer gold_answer,not_applicable,non-integer gold_answer,,,,,,,,captured_ephemeral
livebench,olympiad_expression,00eae856aa1c1a9e9d058a65a9a94d85884034c4,real-truncated-fe7eed6c63be702d-001,truncated,real_truncated,,false,non-integer gold_answer,not_applicable,non-integer gold_answer,,,,,,,,captured_ephemeral
livebench,olympiad_expression,00eae856aa1c1a9e9d058a65a9a94d85884034c4,real-truncated-e730046d14071b1b-001,truncated,real_truncated,,false,non-integer gold_answer,not_applicable,non-integer gold_answer,,,,,,,,captured_ephemeral
livebench,olympiad_expression,00eae856aa1c1a9e9d058a65a9a94d85884034c4,real-truncated-22d120ff2613fb3c-001,truncated,real_truncated,,false,non-integer gold_answer,not_applicable,non-integer gold_answer,,,,,,,,captured_ephemeral
livebench,olympiad_expression,00eae856aa1c1a9e9d058a65a9a94d85884034c4,real-truncated-44a1889a65c89a98-001,truncated,real_truncated,,false,non-integer gold_answer,not_applicable,non-integer gold_answer,,,,,,,,captured_ephemeral
livebench,olympiad_expression,00eae856aa1c1a9e9d058a65a9a94d85884034c4,real-truncated-3044f9e5b658cf47-001,truncated,real_truncated,,false,non-integer gold_answer,not_applicable,non-integer gold_answer,,,,,,,,captured_ephemeral
livebench,olympiad_expression,00eae856aa1c1a9e9d058a65a9a94d85884034c4,real-truncated-9dba0a611623ccce-001,truncated,real_truncated,,true,,ok,,"[""2021"",""0"",""0"",""3"",""1"",""1"",""1"",""1"",""1"",""1"",""1"",""6"",""3"",""1"",""0"",""0"",""1"",""2"",""0"",""1"",""2"",""0""]",true,,,false,,false,captured_ephemeral
livebench,olympiad_expression,00eae856aa1c1a9e9d058a65a9a94d85884034c4,real-truncated-56ad692d3950a6ae-001,truncated,real_truncated,,true,,ok,,"[""1"",""3"",""4"",""1"",""2"",""3"",""3"",""3"",""1"",""1"",""1"",""2"",""3"",""1"",""1"",""2"",""2"",""3"",""1"",""2"",""2"",""2"",""3"",""1"",""2"",""2"",""3"",""3"",""1"",""1"",""2"",""3"",""3"",""1"",""2"",""3"",""3"",""3"",""1"",""1"",""1"",""2"",""3"",""1"",""1"",""2"",""2"",""3"",""1"",""2"",""2"",""2"",""3"",""1"",""1"",""2"",""3"",""3"",""1"",""2"",""2"",""3"",""3"",""1"",""1"",""1"",""2"",""3"",""1"",""2"",""3"",""3"",""3"",""1"",""1"",""2"",""2"",""3"",""1"",""2"",""2"",""2"",""3"",""1"",""1"",""2"",""3"",""3"",""1"",""2"",""2"",""3"",""3"",""1"",""1"",""1"",""2"",""3"",""1"",""2"",""3"",""3"",""3"",""1"",""1"",""2"",""2"",""3"",""1"",""2"",""2"",""2"",""3"",""1"",""1"",""2"",""3"",""3"",""1"",""2"",""2"",""3"",""3"",""1"",""1"",""1"",""2"",""3"",""1"",""2"",""3"",""3"",""3"",""1"",""1"",""2"",""2"",""3"",""1"",""2"",""2"",""2"",""3"",""1"",""1"",""2"",""3"",""3"",""1"",""2"",""2"",""3"",""3"",""1"",""1"",""1"",""2"",""3"",""1"",""2"",""3"",""3"",""3"",""1"",""1"",""2"",""2"",""3"",""1"",""2"",""2"",""2"",""3"",""1"",""1"",""2"",""3"",""3"",""1"",""2"",""2"",""3"",""3"",""1"",""1"",""1"",""2"",""3"",""1"",""2"",""3"",""3"",""3"",""1"",""1"",""2"",""2"",""3"",""1"",""2"",""2"",""2"",""3"",""1"",""1"",""2"",""3"",""3"",""1"",""2"",""2"",""3"",""3"",""1"",""1"",""1"",""2"",""3"",""1"",""2"",""3"",""3"",""3"",""1"",""1"",""2"",""2"",""3"",""1"",""2"",""2"",""2"",""3"",""1"",""1"",""2"",""3"",""3"",""1"",""2"",""2"",""3"",""3"",""1"",""1"",""1"",""2"",""3"",""1"",""2"",""3"",""3"",""3"",""1"",""1"",""2"",""2"",""3"",""1"",""2"",""2"",""2"",""3"",""1"",""1"",""2"",""3"",""3"",""1"",""2"",""2"",""3"",""3"",""1"",""1"",""1"",""2"",""3"",""1"",""2"",""3"",""3"",""3"",""1"",""1"",""2"",""2"",""3"",""1"",""2"",""2"",""2"",""3"",""1"",""1"",""2"",""3"",""3"",""1"",""2"",""2"",""3"",""3"",""1"",""1"",""1"",""2"",""3"",""1"",""2"",""3"",""3"",""3"",""1"",""1"",""2"",""2"",""3"",""1"",""2"",""2"",""2"",""3"",""1"",""1"",""2"",""3"",""3"",""1"",""2"",""2"",""3"",""3"",""1"",""1"",""1"",""2"",""3"",""1"",""2"",""3"",""3"",""3"",""1"",""1"",""2"",""2"",""3"",""1"",""2"",""2"",""2"",""3"",""1"",""1"",""2"",""3"",""3"",""1"",""2"",""2"",""3"",""3"",""1"",""1"",""1"",""2"",""3"",""1"",""2"",""3"",""3"",""3"",""1"",""1"",""2"",""2"",""3"",""1"",""2"",""2"",""2"",""3"",""1"",""1"",""2"",""3"",""3"",""1"",""2"",""2"",""3"",""3"",""1"",""1"",""1"",""2"",""3"",""1"",""2"",""3"",""3"",""3"",""1"",""1"",""2"",""2"",""3"",""1"",""2"",""2"",""2"",""3"",""1"",""1"",""2"",""3"",""3"",""1"",""2"",""2"",""3"",""3"",""1"",""1"",""1"",""2"",""3"",""1"",""2"",""3"",""3"",""3"",""1"",""1"",""2"",""2"",""3"",""1"",""2"",""2"",""2"",""3"",""1"",""1"",""2"",""3"",""3"",""1"",""2"",""2"",""3"",""3"",""1"",""1"",""1"",""2"",""3"",""1"",""2"",""3"",""3"",""3"",""1"",""1"",""2"",""2"",""3"",""1"",""2"",""2"",""2"",""3"",""1"",""1"",""2"",""3"",""3"",""1"",""2"",""2"",""3"",""3"",""1"",""1"",""1"",""2"",""3"",""1"",""2"",""3"",""3"",""3"",""1"",""1"",""2"",""2"",""3"",""1"",""2"",""2"",""2"",""3"",""1"",""1"",""2"",""3"",""3"",""1"",""2"",""2"",""3"",""3"",""1"",""1"",""1"",""2"",""3"",""1"",""2"",""3"",""3"",""3"",""1"",""1"",""2"",""2"",""3"",""1"",""2"",""2"",""2"",""3"",""1"",""1"",""2"",""3"",""3"",""1"",""2"",""2"",""3"",""3"",""1"",""1"",""1"",""2"",""3"",""1"",""2"",""3"",""3"",""3"",""1"",""1"",""2"",""2"",""3"",""1"",""2"",""2"",""2"",""3"",""1"",""1"",""2"",""3"",""3"",""1"",""2"",""2"",""3"",""3"",""1"",""1"",""1"",""2"",""3"",""1"",""2"",""3"",""3"",""3"",""1"",""1"",""2"",""2"",""3"",""1"",""2"",""2"",""2"",""3"",""1"",""1"",""2"",""3"",""3"",""1"",""2"",""2"",""3"",""3"",""1"",""1"",""1"",""2"",""3"",""1"",""2"",""3"",""3"",""3"",""1"",""1"",""2"",""2"",""3"",""1"",""2"",""2"",""2"",""3"",""1"",""1"",""2"",""3"",""3"",""1"",""2"",""2"",""3"",""3"",""1"",""1"",""1"",""2"",""3"",""1"",""2"",""3"",""3"",""3"",""1"",""1"",""2"",""2"",""3"",""1"",""2"",""2"",""2"",""3"",""1"",""1"",""2"",""3"",""3"",""1"",""2"",""2"",""3"",""3"",""1"",""1"",""1"",""2"",""3"",""1"",""2"",""3"",""3"",""3"",""1"",""1"",""2"",""2"",""3"",""1"",""2"",""2"",""2"",""3"",""1"",""1"",""2"",""3"",""3"",""1"",""2"",""2"",""3"",""3"",""1"",""1"",""1"",""2"",""3"",""1"",""2"",""3"",""3"",""3"",""1"",""1"",""2"",""2"",""3"",""1"",""2"",""2"",""2"",""3"",""1"",""1"",""2"",""3"",""3"",""1"",""2"",""2"",""3"",""3"",""1"",""1"",""1"",""2"",""3"",""1"",""2"",""3"",""3"",""3"",""1"",""1"",""2"",""2"",""3"",""1"",""2"",""2"",""2"",""3"",""1"",""1"",""2"",""3"",""3"",""1"",""2"",""2"",""3"",""3"",""1"",""1"",""1"",""2"",""3"",""1"",""2"",""3"",""3"",""3"",""1"",""1"",""2"",""2"",""3"",""1"",""2"",""2"",""2"",""3"",""1"",""1"",""2"",""3"",""3"",""1"",""2"",""2"",""3"",""3"",""1"",""1"",""1"",""2"",""3"",""1"",""2"",""3"",""3"",""3"",""1"",""1"",""2"",""2"",""3"",""1"",""2"",""2"",""2"",""3"",""1"",""1"",""2"",""3"",""3"",""1"",""2"",""2"",""3"",""3"",""1"",""1"",""1"",""2"",""3"",""1"",""2"",""3"",""3"",""3"",""1"",""1"",""2"",""2"",""3"",""1"",""2"",""2"",""2"",""3"",""1"",""1"",""2"",""3"",""3"",""1"",""2"",""2"",""3"",""3"",""1"",""1"",""1"",""2"",""3"",""1"",""2"",""3"",""3"",""3"",""1"",""1"",""2"",""2"",""3"",""1"",""2"",""2"",""2"",""3"",""1"",""1"",""2"",""3"",""3"",""1"",""2"",""2"",""3"",""3"",""1"",""1"",""1"",""2"",""3"",""1"",""2"",""3"",""3"",""3"",""1"",""1"",""2"",""2"",""3"",""1"",""2"",""2"",""2"",""3"",""1"",""1"",""2"",""3"",""3"",""1"",""2"",""2"",""3"",""3"",""1"",""1"",""1"",""2"",""3"",""1"",""2"",""3"",""3"",""3"",""1"",""1"",""2"",""2"",""3"",""1"",""2"",""2"",""2"",""3"",""1"",""1"",""2"",""3"",""3"",""1"",""2"",""2"",""3"",""3"",""1"",""1"",""1"",""2"",""3"",""1"",""2"",""3"",""3"",""3"",""1"",""1"",""2"",""2"",""3"",""1"",""2"",""2"",""2"",""3"",""1"",""1"",""2"",""3"",""3"",""1"",""2"",""2"",""3"",""3"",""1"",""1"",""1"",""2"",""3"",""1"",""2"",""3"",""3"",""3"",""1"",""1"",""2"",""2"",""3"",""1"",""2"",""2"",""2"",""3"",""1"",""1"",""2"",""3"",""3"",""1"",""2"",""2"",""3"",""3"",""1"",""1"",""1"",""2"",""3"",""1"",""2"",""3"",""3"",""3"",""1"",""1"",""2"",""2"",""3"",""1"",""2"",""2"",""2"",""3"",""1"",""1"",""2"",""3"",""3"",""1"",""2"",""2"",""3"",""3"",""1"",""1"",""1"",""2"",""3"",""1"",""2"",""3"",""3"",""3"",""1"",""1"",""2"",""2"",""3"",""1"",""2"",""2"",""2"",""3"",""1"",""1"",""2"",""3"",""3"",""1"",""2"",""2"",""3"",""3"",""1"",""1"",""1"",""2"",""3"",""1"",""2"",""3"",""3"",""3"",""1"",""1"",""2"",""2"",""3"",""1"",""2"",""2"",""2"",""3"",""1"",""1"",""2"",""3"",""3"",""1"",""2"",""2"",""3"",""3"",""1"",""1"",""1"",""2"",""3"",""1"",""2"",""3"",""3"",""3"",""1"",""1"",""2"",""2"",""3"",""1"",""2"",""2"",""2"",""3"",""1"",""1"",""2"",""3"",""3"",""1"",""2"",""2"",""3"",""3"",""1"",""1"",""1"",""2"",""3"",""1"",""2"",""3"",""3"",""3"",""1"",""1"",""2"",""2"",""3"",""1"",""2"",""2"",""2"",""3"",""1"",""1"",""2"",""3"",""3"",""1"",""2"",""2"",""3"",""3"",""1"",""1"",""1"",""2"",""3"",""1"",""2"",""3"",""3"",""3"",""1"",""1"",""2"",""2"",""3"",""1"",""2"",""2"",""2"",""3"",""1"",""1"",""2"",""3"",""3"",""1"",""2"",""2"",""3"",""3"",""1"",""1"",""1"",""2"",""3"",""1"",""2"",""3"",""3"",""3"",""1"",""1"",""2"",""2"",""3"",""1"",""2"",""2"",""2"",""3"",""1"",""1"",""2"",""3"",""3"",""1"",""2"",""2"",""3"",""3"",""1"",""1"",""1"",""2"",""3"",""1"",""2"",""3"",""3"",""3"",""1"",""1"",""2"",""2"",""3"",""1"",""2"",""2"",""2"",""3"",""1"",""1"",""2"",""3"",""3"",""1"",""2"",""2"",""3"",""3"",""1"",""1"",""1"",""2"",""3"",""1"",""2"",""3"",""3"",""3"",""1"",""1"",""2"",""2"",""3"",""1"",""2"",""2"",""2"",""3"",""1"",""1"",""2"",""3"",""3"",""1"",""2"",""2"",""3"",""3"",""1"",""1"",""1"",""2"",""3"",""1"",""2"",""3"",""3"",""3"",""1"",""1"",""2"",""2"",""3"",""1"",""2"",""2"",""2"",""3"",""1"",""1"",""2"",""3"",""3"",""1"",""2"",""2"",""3"",""3"",""1"",""1"",""1"",""2"",""3"",""1"",""2"",""3"",""3"",""3"",""1"",""1"",""2"",""2"",""3"",""1"",""2"",""2"",""2"",""3"",""1"",""1"",""2"",""3"",""3"",""1"",""2"",""2"",""3"",""3"",""1"",""1"",""1"",""2"",""3"",""1"",""2"",""3"",""3"",""3"",""1"",""1"",""2"",""2"",""3"",""1"",""2"",""2"",""2"",""3"",""1"",""1"",""2"",""3"",""3"",""1"",""2"",""2"",""3"",""3"",""1"",""1"",""1"",""2"",""3"",""1"",""2"",""3"",""3"",""3"",""1"",""1"",""2"",""2"",""3"",""1"",""2"",""2"",""2"",""3"",""1"",""1"",""2"",""3"",""3"",""1"",""2"",""2"",""3"",""3"",""1"",""1"",""1"",""2"",""3"",""1"",""2"",""3"",""3"",""3"",""1"",""1"",""2"",""2"",""3"",""1"",""2"",""2"",""2"",""3"",""1"",""1"",""2"",""3"",""3"",""1"",""2"",""2"",""3"",""3"",""1"",""1"",""1"",""2"",""3"",""1"",""2"",""3"",""3"",""3"",""1"",""1"",""2"",""2"",""3"",""1"",""2"",""2"",""2"",""3"",""1"",""1"",""2"",""3"",""3"",""1"",""2"",""2"",""3"",""3"",""1"",""1"",""1"",""2"",""3"",""1"",""2"",""3"",""3"",""3"",""1"",""1"",""2"",""2"",""3"",""1"",""2"",""2"",""2"",""3"",""1"",""1"",""2"",""3"",""3"",""1"",""2"",""2"",""3"",""3"",""1"",""1"",""1"",""2"",""3"",""1"",""2"",""3"",""3"",""3"",""1"",""1"",""2"",""2"",""3"",""1"",""2"",""2"",""2"",""3"",""1"",""1"",""2"",""3"",""3"",""1"",""2"",""2"",""3"",""3"",""1"",""1"",""1"",""2"",""3"",""1"",""2"",""3"",""3"",""3"",""1"",""1"",""2"",""2"",""3"",""1"",""2"",""2"",""2"",""3"",""1"",""1"",""2"",""3"",""3"",""1"",""2"",""2"",""3"",""3"",""1"",""1"",""1"",""2"",""3"",""1"",""2"",""3"",""3"",""3"",""1"",""1"",""2"",""2"",""3"",""1"",""2"",""2"",""2"",""3"",""1"",""1"",""2"",""3"",""3"",""1"",""2"",""2"",""3"",""3"",""1"",""1"",""1"",""2"",""3"",""1"",""2"",""3"",""3"",""3"",""1"",""1"",""2"",""2"",""3"",""1"",""2"",""2"",""2"",""3"",""1"",""1"",""2"",""3"",""3"",""1"",""2"",""2"",""3"",""3"",""1"",""1"",""1"",""2"",""3"",""1"",""2"",""3"",""3"",""3"",""1"",""1"",""2"",""2"",""3"",""1"",""2"",""2"",""2"",""3"",""1"",""1"",""2"",""3"",""3"",""1"",""2"",""2"",""3"",""3"",""1"",""1"",""1"",""2"",""3"",""1"",""2"",""3"",""3"",""3"",""1"",""1"",""2"",""2"",""3"",""1"",""2"",""2"",""2"",""3"",""1"",""1"",""2"",""3"",""3"",""1"",""2"",""2"",""3"",""3"",""1"",""1"",""1"",""2"",""3"",""1"",""2"",""3"",""3"",""3"",""1"",""1"",""2"",""2"",""3"",""1"",""2"",""2"",""2"",""3"",""1"",""1"",""2"",""3"",""3"",""1"",""2"",""2"",""3"",""3"",""1"",""1"",""1"",""2"",""3"",""1"",""2"",""3"",""3"",""3"",""1"",""1"",""2"",""2"",""3"",""1"",""2"",""2"",""2"",""3"",""1"",""1"",""2"",""3"",""3"",""1"",""2"",""2"",""3"",""3"",""1"",""1"",""1"",""2"",""3"",""1"",""2"",""3"",""3"",""3"",""1"",""1"",""2"",""2"",""3"",""1"",""2"",""2"",""2"",""3"",""1"",""1"",""2"",""3"",""3"",""1"",""2"",""2"",""3"",""3"",""1"",""1"",""1"",""2"",""3"",""1"",""2"",""3"",""3"",""3"",""1"",""1"",""2"",""2"",""3"",""1"",""2"",""2"",""2"",""3"",""1"",""1"",""2"",""3"",""3"",""1"",""2"",""2"",""3"",""3"",""1"",""1"",""1"",""2"",""3"",""1"",""2"",""3"",""3"",""3"",""1"",""1"",""2"",""2"",""3"",""1"",""2"",""2"",""2"",""3"",""1"",""1"",""2"",""3"",""3"",""1"",""2"",""2"",""3"",""3"",""1"",""1"",""1"",""2"",""3"",""1"",""2"",""3"",""3"",""3"",""1"",""1"",""2"",""2"",""3"",""1"",""2"",""2"",""2"",""3"",""1"",""1"",""2"",""3"",""3"",""1"",""2"",""2"",""3"",""3"",""1"",""1"",""1"",""2"",""3"",""1"",""2"",""3"",""3"",""3"",""1"",""1"",""2"",""2"",""3"",""1"",""2"",""2"",""2"",""3"",""1"",""1"",""2"",""3"",""3"",""1"",""2"",""2"",""3"",""3"",""1"",""1"",""1"",""2"",""3"",""1"",""2"",""3"",""3"",""3"",""1"",""1"",""2"",""2"",""3"",""1"",""2"",""2"",""2"",""3"",""1"",""1"",""2"",""3"",""3"",""1"",""2"",""2"",""3"",""3"",""1"",""1"",""1"",""2"",""3"",""1"",""2"",""3"",""3"",""3"",""1"",""1"",""2"",""2"",""3"",""1"",""2"",""2"",""2"",""3"",""1"",""1"",""2"",""3"",""3"",""1"",""2"",""2"",""3"",""3"",""1"",""1"",""1"",""2"",""3"",""1"",""2"",""3"",""3"",""3"",""1"",""1"",""2"",""2"",""3"",""1"",""2"",""2"",""2"",""3"",""1"",""1"",""2"",""3"",""3"",""1"",""2"",""2"",""3"",""3"",""1"",""1"",""1"",""2"",""3"",""1"",""2"",""3"",""3"",""3"",""1"",""1"",""2"",""2"",""3"",""1"",""2"",""2"",""2"",""3"",""1"",""1"",""2"",""3"",""3"",""1"",""2"",""2"",""3"",""3"",""1"",""1"",""1"",""2"",""3"",""1"",""2"",""3"",""3"",""3"",""1"",""1"",""2"",""2"",""3"",""1"",""2"",""2"",""2"",""3"",""1"",""1"",""2"",""3"",""3"",""1"",""2"",""2"",""3"",""3"",""1"",""1"",""1"",""2"",""3"",""1"",""2"",""3"",""3"",""3"",""1"",""1"",""2"",""2"",""3"",""1"",""2"",""2"",""2"",""3"",""1"",""1"",""2"",""3"",""3"",""1"",""2"",""2"",""3"",""3"",""1"",""1"",""1"",""2"",""3"",""1"",""2"",""3"",""3"",""3"",""1"",""1"",""2"",""2"",""3"",""1"",""2"",""2"",""2"",""3"",""1"",""1"",""2"",""3"",""3"",""1"",""2"",""2"",""3"",""3"",""1"",""1"",""1"",""2"",""3"",""1"",""2"",""3"",""3"",""3"",""1"",""1"",""2"",""2"",""3"",""1"",""2"",""2"",""2"",""3"",""1"",""1"",""2"",""3"",""3"",""1"",""2"",""2"",""3"",""3"",""1"",""1"",""1"",""2"",""3"",""1"",""2"",""3"",""3"",""3"",""1"",""1"",""2"",""2"",""3"",""1"",""2"",""2"",""2"",""3"",""1"",""1"",""2"",""3"",""3"",""1"",""2"",""2"",""3"",""3"",""1"",""1"",""1"",""2"",""3"",""1"",""2"",""3"",""3"",""3"",""1"",""1"",""2"",""2"",""3"",""1"",""2"",""2"",""2"",""3"",""1"",""1"",""2"",""3"",""3"",""1"",""2"",""2"",""3"",""3"",""1"",""1"",""1"",""2"",""3"",""1"",""2"",""3"",""3"",""3"",""1"",""1"",""2"",""2"",""3"",""1"",""2"",""2"",""2"",""3"",""1"",""1"",""2"",""3"",""3"",""1"",""2"",""2"",""3"",""3"",""1"",""1"",""1"",""2"",""3"",""1"",""2"",""3"",""3"",""3"",""1"",""1"",""2"",""2"",""3"",""1"",""2"",""2"",""2"",""3"",""1"",""1"",""2"",""3"",""3"",""1"",""2"",""2"",""3"",""3"",""1"",""1"",""1"",""2"",""3"",""1"",""2"",""3"",""3"",""3"",""1"",""1"",""2"",""2"",""3"",""1"",""2"",""2"",""2"",""3"",""1"",""1"",""2"",""3"",""3"",""1"",""2"",""2"",""3"",""3"",""1"",""1"",""1"",""2"",""3"",""1"",""2"",""3"",""3"",""3"",""1"",""1"",""2"",""2"",""3"",""1"",""2"",""2"",""2"",""3"",""1"",""1"",""2"",""3"",""3"",""1"",""2"",""2"",""3"",""3"",""1"",""1"",""1"",""2"",""3"",""1"",""2"",""3"",""3"",""3"",""1"",""1"",""2"",""2"",""3"",""1"",""2"",""2"",""2"",""3"",""1"",""1"",""2"",""3"",""3"",""1"",""2"",""2"",""3"",""3"",""1"",""1"",""1"",""2"",""3"",""1"",""2"",""3"",""3"",""3"",""1"",""1"",""2"",""2"",""3"",""1"",""2"",""2"",""2"",""3"",""1"",""1"",""2"",""3"",""3"",""1"",""2"",""2"",""3"",""3"",""1"",""1"",""1"",""2"",""3"",""1"",""2"",""3"",""3"",""3"",""1"",""1"",""2"",""2"",""3"",""1"",""2"",""2"",""2"",""3"",""1"",""1"",""2"",""3"",""3"",""1"",""2"",""2"",""3"",""3"",""1"",""1"",""1"",""2"",""3"",""1"",""2"",""3"",""3"",""3"",""1"",""1"",""2"",""2"",""3"",""1"",""2"",""2"",""2"",""3"",""1"",""1"",""2"",""3"",""3"",""1"",""2"",""2"",""3"",""3"",""1"",""1"",""1"",""2"",""3"",""1"",""2"",""3"",""3"",""3"",""1"",""1"",""2"",""2"",""3"",""1"",""2"",""2"",""2"",""3"",""1"",""1"",""2"",""3"",""3"",""1"",""2"",""2"",""3"",""3"",""1"",""1"",""1"",""2"",""3"",""1"",""2"",""3"",""3"",""3"",""1"",""1"",""2"",""2"",""3"",""1"",""2"",""2"",""2"",""3"",""1"",""1"",""2"",""3"",""3"",""1"",""2"",""2"",""3"",""3"",""1"",""1"",""1"",""2"",""3"",""1"",""2"",""3"",""3"",""3"",""1"",""1"",""2"",""2"",""3"",""1"",""2"",""2"",""2"",""3"",""1"",""1"",""2"",""3"",""3"",""1"",""2"",""2"",""3"",""3"",""1"",""1"",""1"",""2"",""3"",""1"",""2"",""3"",""3"",""3"",""1"",""1"",""2"",""2"",""3"",""1"",""2"",""2"",""2"",""3"",""1"",""1"",""2"",""3"",""3"",""1"",""2"",""2"",""3"",""3"",""1"",""1"",""1"",""2"",""3"",""1"",""2"",""3"",""3"",""3"",""1"",""1"",""2"",""2"",""3"",""1"",""2"",""2"",""2"",""3"",""1"",""1"",""2"",""3"",""3"",""1"",""2"",""2"",""3"",""3"",""1"",""1"",""1"",""2"",""3"",""1"",""2"",""3"",""3"",""3"",""1"",""1"",""2"",""2"",""3"",""1"",""2"",""2"",""2"",""3"",""1"",""1"",""2"",""3"",""3"",""1"",""2"",""2"",""3"",""3"",""1"",""1"",""1"",""2"",""3"",""1"",""2"",""3"",""3"",""3"",""1"",""1"",""2"",""2"",""3"",""1"",""2"",""2"",""2"",""3"",""1"",""1"",""2"",""3"",""3"",""1"",""2"",""2"",""3"",""3"",""1"",""1"",""1"",""2"",""3"",""1"",""2"",""3"",""3"",""3"",""1"",""1"",""2"",""2"",""3"",""1"",""2"",""2"",""2"",""3"",""1"",""1"",""2"",""3"",""3"",""1"",""2"",""2"",""3"",""3"",""1"",""1"",""1"",""2"",""3"",""1"",""2"",""3"",""3"",""3"",""1"",""1"",""2"",""2"",""3"",""1"",""2"",""2"",""2"",""3"",""1"",""1"",""2"",""3"",""3"",""1"",""2"",""2"",""3"",""3"",""1"",""1"",""1"",""2"",""3"",""1"",""2"",""3"",""3"",""3"",""1"",""1"",""2"",""2"",""3"",""1"",""2"",""2"",""2"",""3"",""1"",""1"",""2"",""3"",""3"",""1"",""2"",""2"",""3"",""3"",""1"",""1"",""1"",""2"",""3"",""1"",""2"",""3"",""3"",""3"",""1"",""1"",""2"",""2"",""3"",""1"",""2"",""2"",""2"",""3"",""1"",""1"",""2"",""3"",""3"",""1"",""2"",""2"",""3"",""3"",""1"",""1"",""1"",""2"",""3"",""1"",""2"",""3"",""3"",""3"",""1"",""1"",""2"",""2"",""3"",""1"",""2"",""2"",""2"",""3"",""1"",""1"",""2"",""3"",""3"",""1"",""2"",""2"",""3"",""3"",""1"",""1"",""1"",""2"",""3"",""1"",""2"",""3"",""3"",""3"",""1"",""1"",""2"",""2"",""3"",""1"",""2"",""2"",""2"",""3"",""1"",""1"",""2"",""3"",""3"",""1"",""2"",""2"",""3"",""3"",""1"",""1"",""1"",""2"",""3"",""1"",""2"",""3"",""3"",""3"",""1"",""1"",""2"",""2"",""3"",""1"",""2"",""2"",""2"",""3"",""1"",""1"",""2"",""3"",""3"",""1"",""2"",""2"",""3"",""3"",""1"",""1"",""1"",""2"",""3"",""1"",""2"",""3"",""3"",""3"",""1"",""1"",""2"",""2"",""3"",""1"",""2"",""2"",""2"",""3"",""1"",""1"",""2"",""3"",""3"",""1"",""2"",""2"",""3"",""3"",""1"",""1"",""1"",""2"",""3"",""1"",""2"",""3"",""3"",""3"",""1"",""1"",""2"",""2"",""3"",""1"",""2"",""2"",""2"",""3"",""1"",""1"",""2"",""3"",""3"",""1"",""2"",""2"",""3"",""3"",""1"",""1"",""1"",""2"",""3"",""1"",""2"",""3"",""3"",""3"",""1"",""1"",""2"",""2"",""3"",""1"",""2"",""2"",""2"",""3"",""1"",""1"",""2"",""3"",""3"",""1"",""2"",""2"",""3"",""3"",""1"",""1"",""1"",""2"",""3"",""1"",""2"",""3"",""3"",""3"",""1"",""1"",""2"",""2"",""3"",""1"",""2"",""2"",""2"",""3"",""1"",""1"",""2"",""3"",""3"",""1"",""2"",""2"",""3"",""3"",""1"",""1"",""1"",""2"",""3"",""1"",""2"",""3"",""3"",""3"",""1"",""1"",""2"",""2"",""3"",""1"",""2"",""2"",""2"",""3"",""1"",""1"",""2"",""3"",""3"",""1"",""2"",""2"",""3"",""3"",""1"",""1"",""1"",""2"",""3"",""1"",""2"",""3"",""3"",""3"",""1"",""1"",""2"",""2"",""3"",""1"",""2"",""2"",""2"",""3"",""1"",""1"",""2"",""3"",""3"",""1"",""2"",""2"",""3"",""3"",""1"",""1"",""1"",""2"",""3"",""1"",""2"",""3"",""3"",""3"",""1"",""1"",""2"",""2"",""3"",""1"",""2"",""2"",""2"",""3"",""1"",""1"",""2"",""3"",""3"",""1"",""2"",""2"",""3"",""3"",""1"",""1"",""1"",""2"",""3"",""1"",""2"",""3"",""3"",""3"",""1"",""1"",""2"",""2"",""3"",""1"",""2"",""2"",""2"",""3"",""1"",""1"",""2"",""3"",""3"",""1"",""2"",""2"",""3"",""3"",""1"",""1"",""1"",""2"",""3"",""1"",""2"",""3"",""3"",""3"",""1"",""1"",""2"",""2"",""3"",""1"",""2"",""2"",""2"",""3"",""1"",""1"",""2"",""3"",""3"",""1"",""2"",""2"",""3"",""3"",""1"",""1"",""1"",""2"",""3"",""1"",""2"",""3"",""3"",""3"",""1"",""1"",""2"",""2"",""3"",""1"",""2"",""2"",""2"",""3"",""1"",""1"",""2"",""3"",""3"",""1"",""2"",""2"",""3"",""3"",""1"",""1"",""1"",""2"",""3"",""1"",""2"",""3"",""3"",""3"",""1"",""1"",""2"",""2"",""3"",""1"",""2"",""2"",""2"",""3"",""1"",""1"",""2"",""3"",""3"",""1"",""2"",""2"",""3"",""3"",""1"",""1"",""1"",""2"",""3"",""1"",""2"",""3"",""3"",""3"",""1"",""1"",""2"",""2"",""3"",""1"",""2"",""2"",""2"",""3"",""1"",""1"",""2"",""3"",""3"",""1"",""2"",""2"",""3"",""3"",""1"",""1"",""1"",""2"",""3"",""1"",""2"",""3"",""3"",""3"",""1"",""1"",""2"",""2"",""3"",""1"",""2"",""2"",""2"",""3"",""1"",""1"",""2"",""3"",""3"",""1"",""2"",""2"",""3"",""3"",""1"",""1"",""1"",""2"",""3"",""1"",""2"",""3"",""3"",""3"",""1"",""1"",""2"",""2"",""3"",""1"",""2"",""2"",""2"",""3"",""1"",""1"",""2"",""3"",""3"",""1"",""2"",""2"",""3"",""3"",""1"",""1"",""1"",""2"",""3"",""1"",""2"",""3"",""3"",""3"",""1"",""1"",""2"",""2"",""3"",""1"",""2"",""2"",""2"",""3"",""1"",""1"",""2"",""3"",""3"",""1"",""2"",""2"",""3"",""3"",""1"",""1"",""1"",""2"",""3"",""1"",""2"",""3"",""3"",""3"",""1"",""1"",""2"",""2"",""3"",""1"",""2"",""2"",""2"",""3"",""1"",""1"",""2"",""3"",""3"",""1"",""2"",""2"",""3"",""3"",""1"",""1"",""1"",""2"",""3"",""1"",""2"",""3"",""3"",""3"",""1"",""1"",""2"",""2"",""3"",""1"",""2"",""2"",""2"",""3"",""1"",""1"",""2"",""3"",""3"",""1"",""2"",""2"",""3"",""3"",""1"",""1"",""1"",""2"",""3"",""1"",""2"",""3"",""3"",""3"",""1"",""1"",""2"",""2"",""3"",""1"",""2"",""2"",""2"",""3"",""1"",""1"",""2"",""3"",""3"",""1"",""2"",""2"",""3"",""3"",""1"",""1"",""1"",""2"",""3"",""1"",""2"",""3"",""3"",""3"",""1"",""1"",""2"",""2"",""3"",""1"",""2"",""2"",""2"",""3"",""1"",""1"",""2"",""3"",""3"",""1"",""2"",""2"",""3"",""3"",""1"",""1"",""1"",""2"",""3"",""1"",""2"",""3"",""3"",""3"",""1"",""1"",""2"",""2"",""3"",""1"",""2"",""2"",""2"",""3"",""1"",""1"",""2"",""3"",""3"",""1"",""2"",""2"",""3"",""3"",""1"",""1"",""1"",""2"",""3"",""1"",""2"",""3"",""3"",""3"",""1"",""1"",""2"",""2"",""3"",""1"",""2"",""2"",""2"",""3"",""1"",""1"",""2"",""3"",""3"",""1"",""2"",""2"",""3"",""3"",""1"",""1"",""1"",""2"",""3"",""1"",""2"",""3"",""3"",""3"",""1"",""1"",""2"",""2"",""3"",""1"",""2"",""2"",""2"",""3"",""1"",""1"",""2"",""3"",""3"",""1"",""2"",""2"",""3"",""3"",""1"",""1"",""1"",""2"",""3"",""1"",""2"",""3"",""3"",""3"",""1"",""1"",""2"",""2"",""3"",""1"",""2"",""2"",""2"",""3"",""1"",""1"",""2"",""3"",""3"",""1"",""2"",""2"",""3"",""3"",""1"",""1"",""1"",""2"",""3"",""1"",""2"",""3"",""3"",""3"",""1"",""1"",""2"",""2"",""3"",""1"",""2"",""2"",""2"",""3"",""1"",""1"",""2"",""3"",""3"",""1"",""2"",""2"",""3"",""3"",""1"",""1"",""1"",""2"",""3"",""1"",""2"",""3"",""3"",""3"",""1"",""1"",""2"",""2"",""3"",""1"",""2"",""2"",""2"",""3"",""1"",""1"",""2"",""3"",""3"",""1"",""2"",""2"",""3"",""3"",""1"",""1"",""1"",""2"",""3"",""1"",""2"",""3"",""3"",""3"",""1"",""1"",""2"",""2"",""3"",""1"",""2"",""2"",""2"",""3"",""1"",""1"",""2"",""3"",""3"",""1"",""2"",""2"",""3"",""3"",""1"",""1"",""1"",""2"",""3"",""1"",""2"",""3"",""3"",""3"",""1"",""1"",""2"",""2"",""3"",""1"",""2"",""2"",""2"",""3"",""1"",""1"",""2"",""3"",""3"",""1"",""2"",""2"",""3"",""3"",""1"",""1"",""1"",""2"",""3"",""1"",""2"",""3"",""3"",""3"",""1"",""1"",""2"",""2"",""3"",""1"",""2"",""2"",""2"",""3"",""1"",""1"",""2"",""3"",""3"",""1"",""2"",""2"",""3"",""3"",""1"",""1"",""1"",""2"",""3"",""1"",""2"",""3"",""3"",""3"",""1"",""1"",""2"",""2"",""3"",""1"",""2"",""2"",""2"",""3"",""1"",""1"",""2"",""3"",""3"",""1"",""2"",""2"",""3"",""3"",""1"",""1"",""1"",""2"",""3"",""1"",""2"",""3"",""3"",""3"",""1"",""1"",""2"",""2"",""3"",""1"",""2"",""2"",""2"",""3"",""1"",""1"",""2"",""3"",""3"",""1"",""2"",""2"",""3"",""3"",""1"",""1"",""1"",""2"",""3"",""1"",""2"",""3"",""3"",""3"",""1"",""1"",""2"",""2"",""3"",""1"",""2"",""2"",""2"",""3"",""1"",""1"",""2"",""3"",""3"",""1"",""2"",""2"",""3"",""3"",""1"",""1"",""1"",""2"",""3"",""1"",""2"",""3"",""3"",""3"",""1"",""1"",""2"",""2"",""3"",""1"",""2"",""2"",""2"",""3"",""1"",""1"",""2"",""3"",""3"",""1"",""2"",""2"",""3"",""3"",""1"",""1"",""1"",""2"",""3"",""1"",""2"",""3"",""3"",""3"",""1"",""1"",""2"",""2"",""3"",""1"",""2"",""2"",""2"",""3"",""1"",""1"",""2"",""3"",""3"",""1"",""2"",""2"",""3"",""3"",""1"",""1"",""1"",""2"",""3"",""1"",""2"",""3"",""3"",""3"",""1"",""1"",""2"",""2"",""3"",""1"",""2"",""2"",""2"",""3"",""1"",""1"",""2"",""3"",""3"",""1"",""2"",""2"",""3"",""3"",""1"",""1"",""1"",""2"",""3"",""1"",""2"",""3"",""3"",""3"",""1"",""1"",""2"",""2"",""3"",""1"",""2"",""2"",""2"",""3"",""1"",""1"",""2"",""3"",""3"",""1"",""2"",""2"",""3"",""3"",""1"",""1"",""1"",""2"",""3"",""1"",""2"",""3"",""3"",""3"",""1"",""1"",""2"",""2"",""3"",""1"",""2"",""2"",""2"",""3"",""1"",""1"",""2"",""3"",""3"",""1"",""2"",""2"",""3"",""3"",""1"",""1"",""1"",""2"",""3"",""1"",""2"",""3"",""3"",""3"",""1"",""1"",""2"",""2"",""3"",""1"",""2"",""2"",""2"",""3"",""1"",""1"",""2"",""3"",""3"",""1"",""2"",""2"",""3"",""3"",""1"",""1"",""1"",""2"",""3"",""1"",""2"",""3"",""3"",""3"",""1"",""1"",""2"",""2"",""3"",""1"",""2"",""2"",""2"",""3"",""1"",""1"",""2"",""3"",""3"",""1"",""2"",""2"",""3"",""3"",""1"",""1"",""1"",""2"",""3"",""1"",""2"",""3"",""3"",""3"",""1"",""1"",""2"",""2"",""3"",""1"",""2"",""2"",""2"",""3"",""1"",""1"",""2"",""3"",""3"",""1"",""2"",""2"",""3"",""3"",""1"",""1"",""1"",""2"",""3"",""1"",""2"",""3"",""3"",""3"",""1"",""1"",""2"",""2"",""3"",""1"",""2"",""2"",""2"",""3"",""1"",""1"",""2"",""3"",""3"",""1"",""2"",""2"",""3"",""3"",""1"",""1"",""1"",""2"",""3"",""1"",""2"",""3"",""3"",""3"",""1"",""1"",""2"",""2"",""3"",""1"",""2"",""2"",""2"",""3"",""1"",""1"",""2"",""3"",""3"",""1"",""2"",""2"",""3"",""3"",""1"",""1"",""1"",""2"",""3"",""1"",""2"",""3"",""3"",""3"",""1"",""1"",""2"",""2"",""3"",""1"",""2"",""2"",""2"",""3"",""1"",""1"",""2"",""3"",""3"",""1"",""2"",""2"",""3"",""3"",""1"",""1"",""1"",""2"",""3"",""1"",""2"",""3"",""3"",""3"",""1"",""1"",""2"",""2"",""3"",""1"",""2"",""2"",""2"",""3"",""1"",""1"",""2"",""3"",""3"",""1"",""2"",""2"",""3"",""3"",""1"",""1"",""1"",""2"",""3"",""1"",""2"",""3"",""3"",""3"",""1"",""1"",""2"",""2"",""3"",""1"",""2"",""2"",""2"",""3"",""1"",""1"",""2"",""3"",""3"",""1"",""2"",""2"",""3"",""3"",""1"",""1"",""1"",""2"",""3"",""1"",""2"",""3"",""3"",""3"",""1"",""1"",""2"",""2"",""3"",""1"",""2"",""2"",""2"",""3"",""1"",""1"",""2"",""3"",""3"",""1"",""2"",""2"",""3"",""3"",""1"",""1"",""1"",""2"",""3"",""1"",""2"",""3"",""3"",""3"",""1"",""1"",""2"",""2"",""3"",""1"",""2"",""2"",""2"",""3"",""1"",""1"",""2"",""3"",""3"",""1"",""2"",""2"",""3"",""3"",""1"",""1"",""1"",""2"",""3"",""1"",""2"",""3"",""3"",""3"",""1"",""1"",""2"",""2"",""3"",""1"",""2"",""2"",""2"",""3"",""1"",""1"",""2"",""3"",""3"",""1"",""2"",""2"",""3"",""3"",""1"",""1"",""1"",""2"",""3"",""1"",""2"",""3"",""3"",""3"",""1"",""1"",""2"",""2"",""3"",""1"",""2"",""2"",""2"",""3"",""1"",""1"",""2"",""3"",""3"",""1"",""2"",""2"",""3"",""3"",""1"",""1"",""1"",""2"",""3"",""1"",""2"",""3"",""3"",""3"",""1"",""1"",""2"",""2"",""3"",""1"",""2"",""2"",""2"",""3"",""1"",""1"",""2"",""3"",""3"",""1"",""2"",""2"",""3"",""3"",""1"",""1"",""1"",""2"",""3"",""1"",""2"",""3"",""3"",""3"",""1"",""1"",""2"",""2"",""3"",""1"",""2"",""2"",""2"",""3"",""1"",""1"",""2"",""3"",""3"",""1"",""2"",""2"",""3"",""3"",""1"",""1"",""1"",""2"",""3"",""1"",""2"",""3"",""3"",""3"",""1"",""1"",""2"",""2"",""3"",""1"",""2"",""2"",""2"",""3"",""1"",""1"",""2"",""3"",""3"",""1"",""2"",""2"",""3"",""3"",""1"",""1"",""1"",""2"",""3"",""1"",""2"",""3"",""3"",""3"",""1"",""1"",""2"",""2"",""3"",""1"",""2"",""2"",""2"",""3"",""1"",""1"",""2"",""3"",""3"",""1"",""2"",""2"",""3"",""3"",""1"",""1"",""1"",""2"",""3"",""1"",""2"",""3"",""3"",""3"",""1"",""1"",""2"",""2"",""3"",""1"",""2"",""2"",""2"",""3"",""1"",""1"",""2"",""3"",""3"",""1"",""2"",""2"",""3"",""3"",""1"",""1"",""1"",""2"",""3"",""1"",""2"",""3"",""3"",""3"",""1"",""1"",""2"",""2"",""3"",""1"",""2"",""2"",""2"",""3"",""1"",""1"",""2"",""3"",""3"",""1"",""2"",""2"",""3"",""3"",""1"",""1"",""1"",""2"",""3"",""1"",""2"",""3"",""3"",""3"",""1"",""1"",""2"",""2"",""3"",""1"",""2"",""2"",""2"",""3"",""1"",""1"",""2"",""3"",""3"",""1"",""2"",""2"",""3"",""3"",""1"",""1"",""1"",""2"",""3"",""1"",""2"",""3"",""3"",""3"",""1"",""1"",""2"",""2"",""3"",""1"",""2"",""2"",""2"",""3"",""1"",""1"",""2"",""3"",""3"",""1"",""2"",""2"",""3"",""3"",""1"",""1"",""1"",""2"",""3"",""1"",""2"",""3"",""3"",""3"",""1"",""1"",""2"",""2"",""3"",""1"",""2"",""2"",""2"",""3"",""1"",""1"",""2"",""3"",""3"",""1"",""2"",""2"",""3"",""3"",""1"",""1"",""1"",""2"",""3"",""1"",""2"",""3"",""3"",""3"",""1"",""1"",""2"",""2"",""3"",""1"",""2"",""2"",""2"",""3"",""1"",""1"",""2"",""3"",""3"",""1"",""2"",""2"",""3"",""3"",""1"",""1"",""1"",""2"",""3"",""1"",""2"",""3"",""3"",""3"",""1"",""1"",""2"",""2"",""3"",""1"",""2"",""2"",""2"",""3"",""1"",""1"",""2"",""3"",""3"",""1"",""2"",""2"",""3"",""3"",""1"",""1"",""1"",""2"",""3"",""1"",""2"",""3"",""3"",""3"",""1"",""1"",""2"",""2"",""3"",""1"",""2"",""2"",""2"",""3"",""1"",""1"",""2"",""3"",""3"",""1"",""2"",""2"",""3"",""3"",""1"",""1"",""1"",""2"",""3"",""1"",""2"",""3"",""3"",""3"",""1"",""1"",""2"",""2"",""3"",""1"",""2"",""2"",""2"",""3"",""1"",""1"",""2"",""3"",""3"",""1"",""2"",""2"",""3"",""3"",""1"",""1"",""1"",""2"",""3"",""1"",""2"",""3"",""3"",""3"",""1"",""1"",""2"",""2"",""3"",""1"",""2"",""2"",""2"",""3"",""1"",""1"",""2"",""3"",""3"",""1"",""2"",""2"",""3"",""3"",""1"",""1"",""1"",""2"",""3"",""1"",""2"",""3"",""3"",""3"",""1"",""1"",""2"",""2"",""3"",""1"",""2"",""2"",""2"",""3"",""1"",""1"",""2"",""3"",""3"",""1"",""2"",""2"",""3"",""3"",""1"",""1"",""1"",""2"",""3"",""1"",""2"",""3"",""3"",""3"",""1"",""1"",""2"",""2"",""3"",""1"",""2"",""2"",""2"",""3"",""1"",""1"",""2"",""3"",""3"",""1"",""2"",""2"",""3"",""3"",""1"",""1"",""1"",""2"",""3"",""1"",""2"",""3"",""3"",""3"",""1"",""1"",""2"",""2"",""3"",""1"",""2"",""2"",""2"",""3"",""1"",""1"",""2"",""3"",""3"",""1"",""2"",""2"",""3"",""3"",""1"",""1"",""1"",""2"",""3"",""1"",""2"",""3"",""3"",""3"",""1"",""1"",""2"",""2"",""3"",""1"",""2"",""2"",""2"",""3"",""1"",""1"",""2"",""3"",""3"",""1"",""2"",""2"",""3"",""3"",""1"",""1"",""1"",""2"",""3"",""1"",""2"",""3"",""3"",""3"",""1"",""1"",""2"",""2"",""3"",""1"",""2"",""2"",""2"",""3"",""1"",""1"",""2"",""3"",""3"",""1"",""2"",""2"",""3"",""3"",""1"",""1"",""1"",""2"",""3"",""1"",""2"",""3"",""3"",""3"",""1"",""1"",""2"",""2"",""3"",""1"",""2"",""2"",""2"",""3"",""1"",""1"",""2"",""3"",""3"",""1"",""2"",""2"",""3"",""3"",""1"",""1"",""1"",""2"",""3"",""1"",""2"",""3"",""3"",""3"",""1"",""1"",""2"",""2"",""3"",""1"",""2"",""2"",""2"",""3"",""1"",""1"",""2"",""3"",""3"",""1"",""2"",""2"",""3"",""3"",""1"",""1"",""1"",""2"",""3"",""1"",""2"",""3"",""3"",""3"",""1"",""1"",""2"",""2"",""3"",""1"",""2"",""2"",""2"",""3"",""1"",""1"",""2"",""3"",""3"",""1"",""2"",""2"",""3"",""3"",""1"",""1"",""1"",""2"",""3"",""1"",""2"",""3"",""3"",""3"",""1"",""1"",""2"",""2"",""3"",""1"",""2"",""2"",""2"",""3"",""1"",""1"",""2"",""3"",""3"",""1"",""2"",""2"",""3"",""3"",""1"",""1"",""1"",""2"",""3"",""1"",""2"",""3"",""3"",""3"",""1"",""1"",""2"",""2"",""3"",""1"",""2"",""2"",""2"",""3"",""1"",""1"",""2"",""3"",""3"",""1"",""2"",""2"",""3"",""3"",""1"",""1"",""1"",""2"",""3"",""1"",""2"",""3"",""3"",""3"",""1"",""1"",""2"",""2"",""3"",""1"",""2"",""2"",""2"",""3"",""1"",""1"",""2"",""3"",""3"",""1"",""2"",""2"",""3"",""3"",""1"",""1"",""1"",""2"",""3"",""1"",""2"",""3"",""3"",""3"",""1"",""1"",""2"",""2"",""3"",""1"",""2"",""2"",""2"",""3"",""1"",""1"",""2"",""3"",""3"",""1"",""2"",""2"",""3"",""3"",""1"",""1"",""1"",""2"",""3"",""1"",""2"",""3"",""3"",""3"",""1"",""1"",""2"",""2"",""3"",""1"",""2"",""2"",""2"",""3"",""1"",""1"",""2"",""3"",""3"",""1"",""2"",""2"",""3"",""3"",""1"",""1"",""1"",""2"",""3"",""1"",""2"",""3"",""3"",""3"",""1"",""1"",""2"",""2"",""3"",""1"",""2"",""2"",""2"",""3"",""1"",""1"",""2"",""3"",""3"",""1"",""2"",""2"",""3"",""3"",""1"",""1"",""1"",""2"",""3"",""1"",""2"",""3"",""3"",""3"",""1"",""1"",""2"",""2"",""3"",""1"",""2"",""2"",""2"",""3"",""1"",""1"",""2"",""3"",""3"",""1"",""2"",""2"",""3"",""3"",""1"",""1"",""1"",""2"",""3"",""1"",""2"",""3"",""3"",""3"",""1"",""1"",""2"",""2"",""3"",""1"",""2"",""2"",""2"",""3"",""1"",""1"",""2"",""3"",""3"",""1"",""2"",""2"",""3"",""3"",""1"",""1"",""1"",""2"",""3"",""1"",""2"",""3"",""3"",""3"",""1"",""1"",""2"",""2"",""3"",""1"",""2"",""2"",""2"",""3"",""1"",""1"",""2"",""3"",""3"",""1"",""2"",""2"",""3"",""3"",""1"",""1"",""1"",""2"",""3"",""1"",""2"",""3"",""3"",""3"",""1"",""1"",""2"",""2"",""3"",""1"",""2"",""2"",""2"",""3"",""1"",""1"",""2"",""3"",""3"",""1"",""2"",""2"",""3"",""3"",""1"",""1"",""1"",""2"",""3"",""1"",""2"",""3"",""3"",""3"",""1"",""1"",""2"",""2"",""3"",""1"",""2"",""2"",""2"",""3"",""1"",""1"",""2"",""3"",""3"",""1"",""2"",""2"",""3"",""3"",""1"",""1"",""1"",""2"",""3"",""1"",""2"",""3"",""3"",""3"",""1"",""1"",""2"",""2"",""3"",""1"",""2"",""2"",""2"",""3"",""1"",""1"",""2"",""3"",""3"",""1"",""2"",""2"",""3"",""3"",""1"",""1"",""1"",""2"",""3"",""1"",""2"",""3"",""3"",""3"",""1"",""1"",""2"",""2"",""3"",""1"",""2"",""2"",""2"",""3"",""1"",""1"",""2"",""3"",""3"",""1"",""2"",""2"",""3"",""3"",""1"",""1"",""1"",""2"",""3"",""1"",""2"",""3"",""3"",""3"",""1"",""1"",""2"",""2"",""3"",""1"",""2"",""2"",""2"",""3"",""1"",""1"",""2"",""3"",""3"",""1"",""2"",""2"",""3"",""3"",""1"",""1"",""1"",""2"",""3"",""1"",""2"",""3"",""3"",""3"",""1"",""1"",""2"",""2"",""3"",""1"",""2"",""2"",""2"",""3"",""1"",""1"",""2"",""3"",""3"",""1"",""2"",""2"",""3"",""3"",""1"",""1"",""1"",""2"",""3"",""1"",""2"",""3"",""3"",""3"",""1"",""1"",""2"",""2"",""3"",""1"",""2"",""2"",""2"",""3"",""1"",""1"",""2"",""3"",""3"",""1"",""2"",""2"",""3"",""3"",""1"",""1"",""1"",""2"",""3"",""1"",""2"",""3"",""3"",""3"",""1"",""1"",""2"",""2"",""3"",""1"",""2"",""2"",""2"",""3"",""1"",""1"",""2"",""3"",""3"",""1"",""2"",""2"",""3"",""3"",""1"",""1"",""1"",""2"",""3"",""1"",""2"",""3"",""3"",""3"",""1"",""1"",""2"",""2"",""3"",""1"",""2"",""2"",""2"",""3"",""1"",""1"",""2"",""3"",""3"",""1"",""2"",""2"",""3"",""3"",""1"",""1"",""1"",""2"",""3"",""1"",""2"",""3"",""3"",""3"",""1"",""1"",""2"",""2"",""3"",""1"",""2"",""2"",""2"",""3"",""1"",""1"",""2"",""3"",""3"",""1"",""2"",""2"",""3"",""3"",""1"",""1"",""1"",""2"",""3"",""1"",""2"",""3"",""3"",""3"",""1"",""1"",""2"",""2"",""3"",""1"",""2"",""2"",""2"",""3"",""1"",""1"",""2"",""3"",""3"",""1"",""2"",""2"",""3"",""3"",""1"",""1"",""1"",""2"",""3"",""1"",""2"",""3"",""3"",""3"",""1"",""1"",""2"",""2"",""3"",""1"",""2"",""2"",""2"",""3"",""1"",""1"",""2"",""3"",""3"",""1"",""2"",""2"",""3"",""3"",""1"",""1"",""1"",""2"",""3"",""1"",""2"",""3"",""3"",""3"",""1"",""1"",""2"",""2"",""3"",""1"",""2"",""2"",""2"",""3"",""1"",""1"",""2"",""3"",""3"",""1"",""2"",""2"",""3"",""3"",""1"",""1"",""1"",""2"",""3"",""1"",""2"",""3"",""3"",""3"",""1"",""1"",""2"",""2"",""3"",""1"",""2"",""2"",""2"",""3"",""1"",""1"",""2"",""3"",""3"",""1"",""2"",""2"",""3"",""3"",""1"",""1"",""1"",""2"",""3"",""1"",""2"",""3"",""3"",""3"",""1"",""1"",""2"",""2"",""3"",""1"",""2"",""2"",""2"",""3"",""1"",""1"",""2"",""3"",""3"",""1"",""2"",""2"",""3"",""3"",""1"",""1"",""1"",""2"",""3"",""1"",""2"",""3"",""3"",""3"",""1"",""1"",""2"",""2"",""3"",""1"",""2"",""2"",""2"",""3"",""1"",""1"",""2"",""3"",""3"",""1"",""2"",""2"",""3"",""3"",""1"",""1"",""1"",""2"",""3"",""1"",""2"",""3"",""3"",""3"",""1"",""1"",""2"",""2"",""3"",""1"",""2"",""2"",""2"",""3"",""1"",""1"",""2"",""3"",""3"",""1"",""2"",""2"",""3"",""3"",""1"",""1"",""1"",""2"",""3"",""1"",""2"",""3"",""3"",""3"",""1"",""1"",""2"",""2"",""3"",""1"",""2"",""2"",""2"",""3"",""1"",""1"",""2"",""3"",""3"",""1"",""2"",""2"",""3"",""3"",""1"",""1"",""1"",""2"",""3"",""1"",""2"",""3"",""3"",""3"",""1"",""1"",""2"",""2"",""3"",""1"",""2"",""2"",""2"",""3"",""1"",""1"",""2"",""3"",""3"",""1"",""2"",""2"",""3"",""3"",""1"",""1"",""1"",""2"",""3"",""1"",""2"",""3"",""3"",""3"",""1"",""1"",""2"",""2"",""3"",""1"",""2"",""2"",""2"",""3"",""1"",""1"",""2"",""3"",""3"",""1"",""2"",""2"",""3"",""3"",""1"",""1"",""1"",""2"",""3"",""1"",""2"",""3"",""3"",""3"",""1"",""1"",""2"",""2"",""3"",""1"",""2"",""2"",""2"",""3"",""1"",""1"",""2"",""3"",""3"",""1"",""2"",""2"",""3"",""3"",""1"",""1"",""1"",""2"",""3"",""1"",""2"",""3"",""3"",""3"",""1"",""1"",""2"",""2"",""3"",""1"",""2"",""2"",""2"",""3"",""1"",""1"",""2"",""3"",""3"",""1"",""2"",""2"",""3"",""3"",""1"",""1"",""1"",""2"",""3"",""1"",""2"",""3"",""3"",""3"",""1"",""1"",""2"",""2"",""3"",""1"",""2"",""2"",""2"",""3"",""1"",""1"",""2"",""3"",""3"",""1"",""2"",""2"",""3"",""3"",""1"",""1"",""1"",""2"",""3"",""1"",""2"",""3"",""3"",""3"",""1"",""1"",""2"",""2"",""3"",""1"",""2"",""2"",""2"",""3"",""1"",""1"",""2"",""3"",""3"",""1"",""2"",""2"",""3"",""3"",""1"",""1"",""1"",""2"",""3"",""1"",""2"",""3"",""3"",""3"",""1"",""1"",""2"",""2"",""3"",""1"",""2"",""2"",""2"",""3"",""1"",""1"",""2"",""3"",""3"",""1"",""2"",""2"",""3"",""3"",""1"",""1"",""1"",""2"",""3"",""1"",""2"",""3"",""3"",""3"",""1"",""1"",""2"",""2"",""3"",""1"",""2"",""2"",""2"",""3"",""1"",""1"",""2"",""3"",""3"",""1"",""2"",""2"",""3"",""3"",""1"",""1"",""1"",""2"",""3"",""1"",""2"",""3"",""3"",""3"",""1"",""1"",""2"",""2"",""3"",""1"",""2"",""2"",""2"",""3"",""1"",""1"",""2"",""3"",""3"",""1"",""2"",""2"",""3"",""3"",""1"",""1"",""1"",""2"",""3"",""1"",""2"",""3"",""3"",""3"",""1"",""1"",""2"",""2"",""3"",""1"",""2"",""2"",""2"",""3"",""1"",""1"",""2"",""3"",""3"",""1"",""2"",""2"",""3"",""3"",""1"",""1"",""1"",""2"",""3"",""1"",""2"",""3"",""3"",""3"",""1"",""1"",""2"",""2"",""3"",""1"",""2"",""2"",""2"",""3"",""1"",""1"",""2"",""3"",""3"",""1"",""2"",""2"",""3"",""3"",""1"",""1"",""1"",""2"",""3"",""1"",""2"",""3"",""3"",""3"",""1"",""1"",""2"",""2"",""3"",""1"",""2"",""2"",""2"",""3"",""1"",""1"",""2"",""3"",""3"",""1"",""2"",""2"",""3"",""3"",""1"",""1"",""1"",""2"",""3"",""1"",""2"",""3"",""3"",""3"",""1"",""1"",""2"",""2"",""3"",""1"",""2"",""2"",""2"",""3"",""1"",""1"",""2"",""3"",""3"",""1"",""2"",""2"",""3"",""3"",""1"",""1"",""1"",""2"",""3"",""1"",""2"",""3"",""3"",""3"",""1"",""1"",""2"",""2"",""3"",""1"",""2"",""2"",""2"",""3"",""1"",""1"",""2"",""3"",""3"",""1"",""2"",""2"",""3"",""3"",""1"",""1"",""1"",""2"",""3"",""1"",""2"",""3"",""3"",""3"",""1"",""1"",""2"",""2"",""3"",""1"",""2"",""2"",""2"",""3"",""1"",""1"",""2"",""3"",""3"",""1"",""2"",""2"",""3"",""3"",""1"",""1"",""1"",""2"",""3"",""1"",""2"",""3"",""3"",""3"",""1"",""1"",""2"",""2"",""3"",""1"",""2"",""2"",""2"",""3"",""1"",""1"",""2"",""3"",""3"",""1"",""2"",""2"",""3"",""3"",""1"",""1"",""1"",""2"",""3"",""1"",""2"",""3"",""3"",""3"",""1"",""1"",""2"",""2"",""3"",""1"",""2"",""2"",""2"",""3"",""1"",""1"",""2"",""3"",""3"",""1"",""2"",""2"",""3"",""3"",""1"",""1"",""1"",""2"",""3"",""1"",""2"",""3"",""3"",""3"",""1"",""1"",""2"",""2"",""3"",""1"",""2"",""2"",""2"",""3"",""1"",""1"",""2"",""3"",""3"",""1"",""2"",""2"",""3"",""3"",""1"",""1"",""1"",""2"",""3"",""1"",""2"",""3"",""3"",""3"",""1"",""1"",""2"",""2"",""3"",""1"",""2"",""2"",""2"",""3"",""1"",""1"",""2"",""3"",""3"",""1"",""2"",""2"",""3"",""3"",""1"",""1"",""1"",""2"",""3"",""1"",""2"",""3"",""3"",""3"",""1"",""1"",""2"",""2"",""3"",""1"",""2"",""2"",""2"",""3"",""1"",""1"",""2"",""3"",""3"",""1"",""2"",""2"",""3"",""3"",""1"",""1"",""1"",""2"",""3"",""1"",""2"",""3"",""3"",""3"",""1"",""1"",""2"",""2"",""3"",""1"",""2"",""2"",""2"",""3"",""1"",""1"",""2"",""3"",""3"",""1"",""2"",""2"",""3"",""3"",""1"",""1"",""1"",""2"",""3"",""1"",""2"",""3"",""3"",""3"",""1"",""1"",""2"",""2"",""3"",""1"",""2"",""2"",""2"",""3"",""1"",""1"",""2"",""3"",""3"",""1"",""2"",""2"",""3"",""3"",""1"",""1"",""1"",""2"",""3"",""1"",""2"",""3"",""3"",""3"",""1"",""1"",""2"",""2"",""3"",""1"",""2"",""2"",""2"",""3"",""1"",""1"",""2"",""3"",""3"",""1"",""2"",""2"",""3"",""3"",""1"",""1"",""1"",""2"",""3"",""1"",""2"",""3"",""3"",""3"",""1"",""1"",""2"",""2"",""3"",""1"",""2"",""2"",""2"",""3"",""1"",""1"",""2"",""3"",""3"",""1"",""2"",""2"",""3"",""3"",""1"",""1"",""1"",""2"",""3"",""1"",""2"",""3"",""3"",""3"",""1"",""1"",""2"",""2"",""3"",""1"",""2"",""2"",""2"",""3"",""1"",""1"",""2"",""3"",""3"",""1"",""2"",""2"",""3"",""3"",""1"",""1"",""1"",""2"",""3"",""1"",""2"",""3"",""3"",""3"",""1"",""1"",""2"",""2"",""3"",""1"",""2"",""2"",""2"",""3"",""1"",""1"",""2"",""3"",""3"",""1"",""2"",""2"",""3"",""3"",""1"",""1"",""1"",""2"",""3"",""1"",""2"",""3"",""3"",""3"",""1"",""1"",""2"",""2"",""3"",""1"",""2"",""2"",""2"",""3"",""1"",""1"",""2"",""3"",""3"",""1"",""2"",""2"",""3"",""3"",""1"",""1"",""1"",""2"",""3"",""1"",""2"",""3"",""3"",""3"",""1"",""1"",""2"",""2"",""3"",""1"",""2"",""2"",""2"",""3"",""1"",""1"",""2"",""3"",""3"",""1"",""2"",""2"",""3"",""3"",""1"",""1"",""1"",""2"",""3"",""1"",""2"",""3"",""3"",""3"",""1"",""1"",""2"",""2"",""3"",""1"",""2"",""2"",""2"",""3"",""1"",""1"",""2"",""3"",""3"",""1"",""2"",""2"",""3"",""3"",""1"",""1"",""1"",""2"",""3"",""1"",""2"",""3"",""3"",""3"",""1"",""1"",""2"",""2"",""3"",""1"",""2"",""2"",""2"",""3"",""1"",""1"",""2"",""3"",""3"",""1"",""2"",""2"",""3"",""3"",""1"",""1"",""1"",""2"",""3"",""1"",""2"",""3"",""3"",""3"",""1"",""1"",""2"",""2"",""3"",""1"",""2"",""2"",""2"",""3"",""1"",""1"",""2"",""3"",""3"",""1"",""2"",""2"",""3"",""3"",""1"",""1"",""1"",""2"",""3"",""1"",""2"",""3"",""3"",""3"",""1"",""1"",""2"",""2"",""3"",""1"",""2"",""2"",""2"",""3"",""1"",""1"",""2"",""3"",""3"",""1"",""2"",""2"",""3"",""3"",""1"",""1"",""1"",""2"",""3"",""1"",""2"",""3"",""3"",""3"",""1"",""1"",""2"",""2"",""3"",""1"",""2"",""2"",""2"",""3"",""1"",""1"",""2"",""3"",""3"",""1"",""2"",""2"",""3"",""3"",""1"",""1"",""1"",""2"",""3"",""1"",""2"",""3"",""3"",""3"",""1"",""1"",""2"",""2"",""3"",""1"",""2"",""2"",""2"",""3"",""1"",""1"",""2"",""3"",""3"",""1"",""2"",""2"",""3"",""3"",""1"",""1"",""1"",""2"",""3"",""1"",""2"",""3"",""3"",""3"",""1"",""1"",""2"",""2"",""3"",""1"",""2"",""2"",""2"",""3"",""1"",""1"",""2"",""3"",""3"",""1"",""2"",""2"",""3"",""3"",""1"",""1"",""1"",""2"",""3"",""1"",""2"",""3"",""3"",""3"",""1"",""1"",""2"",""2"",""3"",""1"",""2"",""2"",""2"",""3"",""1"",""1"",""2"",""3"",""3"",""1"",""2"",""2"",""3"",""3"",""1"",""1"",""1"",""2"",""3"",""1"",""2"",""3"",""3"",""3"",""1"",""1"",""2"",""2"",""3"",""1"",""2"",""2"",""2"",""3"",""1"",""1"",""2"",""3"",""3"",""1"",""2"",""2"",""3"",""3"",""1"",""1"",""1"",""2"",""3"",""1"",""2"",""3"",""3"",""3"",""1"",""1"",""2"",""2"",""3"",""1"",""2"",""2"",""2"",""3"",""1"",""1"",""2"",""3"",""3"",""1"",""2"",""2"",""3"",""3"",""1"",""1"",""1"",""2"",""3"",""1"",""2"",""3"",""3"",""3"",""1"",""1"",""2"",""2"",""3"",""1"",""2"",""2"",""2"",""3"",""1"",""1"",""2"",""3"",""3"",""1"",""2"",""2"",""3"",""3"",""1"",""1"",""1"",""2"",""3"",""1"",""2"",""3"",""3"",""3"",""1"",""1"",""2"",""2"",""3"",""1"",""2"",""2"",""2"",""3"",""1"",""1"",""2"",""3"",""3"",""1"",""2"",""2"",""3"",""3"",""1"",""1"",""1"",""2"",""3"",""1"",""2"",""3"",""3"",""3"",""1"",""1"",""2"",""2"",""3"",""1"",""2"",""2"",""2"",""3"",""1"",""1"",""2"",""3"",""3"",""1"",""2"",""2"",""3"",""3"",""1"",""1"",""1"",""2"",""3"",""1"",""2"",""3"",""3"",""3"",""1"",""1"",""2"",""2"",""3"",""1"",""2"",""2"",""2"",""3"",""1"",""1"",""2"",""3"",""3"",""1"",""2"",""2"",""3"",""3"",""1"",""1"",""1"",""2"",""3"",""1"",""2"",""3"",""3"",""3"",""1"",""1"",""2"",""2"",""3"",""1"",""2"",""2"",""2"",""3"",""1"",""1"",""2"",""3"",""3"",""1"",""2"",""2"",""3"",""3"",""1"",""1"",""1"",""2"",""3"",""1"",""2"",""3"",""3"",""3"",""1"",""1"",""2"",""2"",""3"",""1"",""2"",""2"",""2"",""3"",""1"",""1"",""2"",""3"",""3"",""1"",""2"",""2"",""3"",""3"",""1"",""1"",""1"",""2"",""3"",""1"",""2"",""3"",""3"",""3"",""1"",""1"",""2"",""2"",""3"",""1"",""2"",""2"",""2"",""3"",""1"",""1"",""2"",""3"",""3"",""1"",""2"",""2"",""3"",""3"",""1"",""1"",""1"",""2"",""3"",""1"",""2"",""3"",""3"",""3"",""1"",""1"",""2"",""2"",""3"",""1"",""2"",""2"",""2"",""3"",""1"",""1"",""2"",""3"",""3"",""1"",""2"",""2"",""3"",""3"",""1"",""1"",""1"",""2"",""3"",""1"",""2"",""3"",""3"",""3"",""1"",""1"",""2"",""2"",""3"",""1"",""2"",""2"",""2"",""3"",""1"",""1"",""2"",""3"",""3"",""1"",""2"",""2"",""3"",""3"",""1"",""1"",""1"",""2"",""3"",""1"",""2"",""3"",""3"",""3"",""1"",""1"",""2"",""2"",""3"",""1"",""2"",""2"",""2"",""3"",""1"",""1"",""2"",""3"",""3"",""1"",""2"",""2"",""3"",""3"",""1"",""1"",""1"",""2"",""3"",""1"",""2"",""3"",""3"",""3"",""1"",""1"",""2"",""2"",""3"",""1"",""2"",""2"",""2"",""3"",""1"",""1"",""2"",""3"",""3"",""1"",""2"",""2"",""3"",""3"",""1"",""1"",""1"",""2"",""3"",""1"",""2"",""3"",""3"",""3"",""1"",""1"",""2"",""2"",""3"",""1"",""2"",""2"",""2"",""3"",""1"",""1"",""2"",""3"",""3"",""1"",""2"",""2"",""3"",""3"",""1"",""1"",""1"",""2"",""3"",""1"",""2"",""3"",""3"",""3"",""1"",""1"",""2"",""2"",""3"",""1"",""2"",""2"",""2"",""3"",""1"",""1"",""2"",""3"",""3"",""1"",""2"",""2"",""3"",""3"",""1"",""1"",""1"",""2"",""3"",""1"",""2"",""3"",""3"",""3"",""1"",""1"",""2"",""2"",""3"",""1"",""2"",""2"",""2"",""3"",""1"",""1"",""2"",""3"",""3"",""1"",""2"",""2"",""3"",""3"",""1"",""1"",""1"",""2"",""3"",""1"",""2"",""3"",""3"",""3"",""1"",""1"",""2"",""2"",""3"",""1"",""2"",""2"",""2"",""3"",""1"",""1"",""2"",""3"",""3"",""1"",""2"",""2"",""3"",""3"",""1"",""1"",""1"",""2"",""3"",""1"",""2"",""3"",""3"",""3"",""1"",""1"",""2"",""2"",""3"",""1"",""2"",""2"",""2"",""3"",""1"",""1"",""2"",""3"",""3"",""1"",""2"",""2"",""3"",""3"",""1"",""1"",""1"",""2"",""3"",""1"",""2"",""3"",""3"",""3"",""1"",""1"",""2"",""2"",""3"",""1"",""2"",""2"",""2"",""3"",""1"",""1"",""2"",""3"",""3"",""1"",""2"",""2"",""3"",""3"",""1"",""1"",""1"",""2"",""3"",""1"",""2"",""3"",""3"",""3"",""1"",""1"",""2"",""2"",""3"",""1"",""2"",""2"",""2"",""3"",""1"",""1"",""2"",""3"",""3"",""1"",""2"",""2"",""3"",""3"",""1"",""1"",""1"",""2"",""3"",""1"",""2"",""3"",""3"",""3"",""1"",""1"",""2"",""2"",""3"",""1"",""2"",""2"",""2"",""3"",""1"",""1"",""2"",""3"",""3"",""1"",""2"",""2"",""3"",""3"",""1"",""1"",""1"",""2"",""3"",""1"",""2"",""3"",""3"",""3"",""1"",""1"",""2"",""2"",""3"",""1"",""2"",""2"",""2"",""3"",""1"",""1"",""2"",""3"",""3"",""1"",""2"",""2"",""3"",""3"",""1"",""1"",""1"",""2"",""3"",""1"",""2"",""3"",""3"",""3"",""1"",""1"",""2"",""2"",""3"",""1"",""2"",""2"",""2"",""3"",""1"",""1"",""2"",""3"",""3"",""1"",""2"",""2"",""3"",""3"",""1"",""1"",""1"",""2"",""3"",""1"",""2"",""3"",""3"",""3"",""1"",""1"",""2"",""2"",""3"",""1"",""2"",""2"",""2"",""3"",""1"",""1"",""2"",""3"",""3"",""1"",""2"",""2"",""3"",""3"",""1"",""1"",""1"",""2"",""3"",""1"",""2"",""3"",""3"",""3"",""1"",""1"",""2"",""2"",""3"",""1"",""2"",""2"",""2"",""3"",""1"",""1"",""2"",""3"",""3"",""1"",""2"",""2"",""3"",""3"",""1"",""1"",""1"",""2"",""3"",""1"",""2"",""3"",""3"",""3"",""1"",""1"",""2"",""2"",""3"",""1"",""2"",""2"",""2"",""3"",""1"",""1"",""2"",""3"",""3"",""1"",""2"",""2"",""3"",""3"",""1"",""1"",""1"",""2"",""3"",""1"",""2"",""3"",""3"",""3"",""1"",""1"",""2"",""2"",""3"",""1"",""2"",""2"",""2"",""3"",""1"",""1"",""2"",""3"",""3"",""1"",""2"",""2"",""3"",""3"",""1"",""1"",""1"",""2"",""3"",""1"",""2"",""3"",""3"",""3"",""1"",""1"",""2"",""2"",""3"",""1"",""2"",""2"",""2"",""3"",""1"",""1"",""2"",""3"",""3"",""1"",""2"",""2"",""3"",""3"",""1"",""1"",""1"",""2"",""3"",""1"",""2"",""3"",""3"",""3"",""1"",""1"",""2"",""2"",""3"",""1"",""2"",""2"",""2"",""3"",""1"",""1"",""2"",""3"",""3"",""1"",""2"",""2"",""3"",""3"",""1"",""1"",""1"",""2"",""3"",""1"",""2"",""3"",""3"",""3"",""1"",""1"",""2"",""2"",""3"",""1"",""2"",""2"",""2"",""3"",""1"",""1"",""2"",""3"",""3"",""1"",""2"",""2"",""3"",""3"",""1"",""1"",""1"",""2"",""3"",""1"",""2"",""3"",""3"",""3"",""1"",""1"",""2"",""2"",""3"",""1"",""2"",""2"",""2"",""3"",""1"",""1"",""2"",""3"",""3"",""1"",""2"",""2"",""3"",""3"",""1"",""1"",""1"",""2"",""3"",""1"",""2"",""3"",""3"",""3"",""1"",""1"",""2"",""2"",""3"",""1"",""2"",""2"",""2"",""3"",""1"",""1"",""2"",""3"",""3"",""1"",""2"",""2"",""3"",""3"",""1"",""1"",""1"",""2"",""3"",""1"",""2"",""3"",""3"",""3"",""1"",""1"",""2"",""2"",""3"",""1"",""2"",""2"",""2"",""3"",""1"",""1"",""2"",""3"",""3"",""1"",""2"",""2"",""3"",""3"",""1"",""1"",""1"",""2"",""3"",""1"",""2"",""3"",""3"",""3"",""1"",""1"",""2"",""2"",""3"",""1"",""2"",""2"",""2"",""3"",""1"",""1"",""2"",""3"",""3"",""1"",""2"",""2"",""3"",""3"",""1"",""1"",""1"",""2"",""3"",""1"",""2"",""3"",""3"",""3"",""1"",""1"",""2"",""2"",""3"",""1"",""2"",""2"",""2"",""3"",""1"",""1"",""2"",""3"",""3"",""1"",""2"",""2"",""3"",""3"",""1"",""1"",""1"",""2"",""3"",""1"",""2"",""3"",""3"",""3"",""1"",""1"",""2"",""2"",""3"",""1"",""2"",""2"",""2"",""3"",""1"",""1"",""2"",""3"",""3"",""1"",""2"",""2"",""3"",""3"",""1"",""1"",""1"",""2"",""3"",""1"",""2"",""3"",""3"",""3"",""1"",""1"",""2"",""2"",""3"",""1"",""2"",""2"",""2"",""3"",""1"",""1"",""2"",""3"",""3"",""1"",""2"",""2"",""3"",""3"",""1"",""1"",""1"",""2"",""3"",""1"",""2"",""3"",""3"",""3"",""1"",""1"",""2"",""2"",""3"",""1"",""2"",""2"",""2"",""3"",""1"",""1"",""2"",""3"",""3"",""1"",""2"",""2"",""3"",""3"",""1"",""1"",""1"",""2"",""3"",""1"",""2"",""3"",""3"",""3"",""1"",""1"",""2"",""2"",""3"",""1"",""2"",""2"",""2"",""3"",""1"",""1"",""2"",""3"",""3"",""1"",""2"",""2"",""3"",""3"",""1"",""1"",""1"",""2"",""3"",""1"",""2"",""3"",""3"",""3"",""1"",""1"",""2"",""2"",""3"",""1"",""2"",""2"",""2"",""3"",""1"",""1"",""2"",""3"",""3"",""1"",""2"",""2"",""3"",""3"",""1"",""1"",""1"",""2"",""3"",""1"",""2"",""3"",""3"",""3"",""1"",""1"",""2"",""2"",""3"",""1"",""2"",""2"",""2"",""3"",""1"",""1"",""2"",""3"",""3"",""1"",""2"",""2"",""3"",""3"",""1"",""1"",""1"",""2"",""3"",""1"",""2"",""3"",""3"",""3"",""1"",""1"",""2"",""2"",""3"",""1"",""2"",""2"",""2"",""3"",""1"",""1"",""2"",""3"",""3"",""1"",""2"",""2"",""3"",""3"",""1"",""1"",""1"",""2"",""3"",""1"",""2"",""3"",""3"",""3"",""1"",""1"",""2"",""2"",""3"",""1"",""2"",""2"",""2"",""3"",""1"",""1"",""2"",""3"",""3"",""1"",""2"",""2"",""3"",""3"",""1"",""1"",""1"",""2"",""3"",""1"",""2"",""3"",""3"",""3"",""1"",""1"",""2"",""2"",""3"",""1"",""2"",""2"",""2"",""3"",""1"",""1"",""2"",""3"",""3"",""1"",""2"",""2"",""3"",""3"",""1"",""1"",""1"",""2"",""3"",""1"",""2"",""3"",""3"",""3"",""1"",""1"",""2"",""2"",""3"",""1"",""2"",""2"",""2"",""3"",""1"",""1"",""2"",""3"",""3"",""1"",""2"",""2"",""3"",""3"",""1"",""1"",""1"",""2"",""3"",""1"",""2"",""3"",""3"",""3"",""1"",""1"",""2"",""2"",""3"",""1"",""2"",""2"",""2"",""3"",""1"",""1"",""2"",""3"",""3"",""1"",""2"",""2"",""3"",""3"",""1"",""1"",""1"",""2"",""3"",""1"",""2"",""3"",""3"",""3"",""1"",""1"",""2"",""2"",""3"",""1"",""2"",""2"",""2"",""3"",""1"",""1"",""2"",""3"",""3"",""1"",""2"",""2"",""3"",""3"",""1"",""1"",""1"",""2"",""3"",""1"",""2"",""3"",""3"",""3"",""1"",""1"",""2"",""2"",""3"",""1"",""2"",""2"",""2"",""3"",""1"",""1"",""2"",""3"",""3"",""1"",""2"",""2"",""3"",""3"",""1"",""1"",""1"",""2"",""3"",""1"",""2"",""3"",""3"",""3"",""1"",""1"",""2"",""2"",""3"",""1"",""2"",""2"",""2"",""3"",""1"",""1"",""2"",""3"",""3"",""1"",""2"",""2"",""3"",""3"",""1"",""1"",""1"",""2"",""3"",""1"",""2"",""3"",""3"",""3"",""1"",""1"",""2"",""2"",""3"",""1"",""2"",""2"",""2"",""3"",""1"",""1"",""2"",""3"",""3"",""1"",""2"",""2"",""3"",""3"",""1"",""1"",""1"",""2"",""3"",""1"",""2"",""3"",""3"",""3"",""1"",""1"",""2"",""2"",""3"",""1"",""2"",""2"",""2"",""3"",""1"",""1"",""2"",""3"",""3"",""1"",""2"",""2"",""3"",""3"",""1"",""1"",""1"",""2"",""3"",""1"",""2"",""3"",""3"",""3"",""1"",""1"",""2"",""2"",""3"",""1"",""2"",""2"",""2"",""3"",""1"",""1"",""2"",""3"",""3"",""1"",""2"",""2"",""3"",""3"",""1"",""1"",""1"",""2"",""3"",""1"",""2"",""3"",""3"",""3"",""1"",""1"",""2"",""2"",""3"",""1"",""2"",""2"",""2"",""3"",""1"",""1"",""2"",""3"",""3"",""1"",""2"",""2"",""3"",""3"",""1"",""1"",""1"",""2"",""3"",""1"",""2"",""3"",""3"",""3"",""1"",""1"",""2"",""2"",""3"",""1"",""2"",""2"",""2"",""3"",""1"",""1"",""2"",""3"",""3"",""1"",""2"",""2"",""3"",""3"",""1"",""1"",""1"",""2"",""3"",""1"",""2"",""3"",""3"",""3"",""1"",""1"",""2"",""2"",""3"",""1"",""2"",""2"",""2"",""3"",""1"",""1"",""2"",""3"",""3"",""1"",""2"",""2"",""3"",""3"",""1"",""1"",""1"",""2"",""3"",""1"",""2"",""3"",""3"",""3"",""1"",""1"",""2"",""2"",""3"",""1"",""2"",""2"",""2"",""3"",""1"",""1"",""2"",""3"",""3"",""1"",""2"",""2"",""3"",""3"",""1"",""1"",""1"",""2"",""3"",""1"",""2"",""3"",""3"",""3"",""1"",""1"",""2"",""2"",""3"",""1"",""2"",""2"",""2"",""3"",""1"",""1"",""2"",""3"",""3"",""1"",""2"",""2"",""3"",""3"",""1"",""1"",""1"",""2"",""3"",""1"",""2"",""3"",""3"",""3"",""1"",""1"",""2"",""2"",""3"",""1"",""2"",""2"",""2"",""3"",""1"",""1"",""2"",""3"",""3"",""1"",""2"",""2"",""3"",""3"",""1"",""1"",""1"",""2"",""3"",""1"",""2"",""3"",""3"",""3"",""1"",""1"",""2"",""2"",""3"",""1"",""2"",""2"",""2"",""3"",""1"",""1"",""2"",""3"",""3"",""1"",""2"",""2"",""3"",""3"",""1"",""1"",""1"",""2"",""3"",""1"",""2"",""3"",""3"",""3"",""1"",""1"",""2"",""2"",""3"",""1"",""2"",""2"",""2"",""3"",""1"",""1"",""2"",""3"",""3"",""1"",""2"",""2"",""3"",""3"",""1"",""1"",""1"",""2"",""3"",""1"",""2"",""3"",""3"",""3"",""1"",""1"",""2"",""2"",""3"",""1"",""2"",""2"",""2"",""3"",""1"",""1"",""2"",""3"",""3"",""1"",""2"",""2"",""3"",""3"",""1"",""1"",""1"",""2"",""3"",""1"",""2"",""3"",""3"",""3"",""1"",""1"",""2"",""2"",""3"",""1"",""2"",""2"",""2"",""3"",""1"",""1"",""2"",""3"",""3"",""1"",""2"",""2"",""3"",""3"",""1"",""1"",""1"",""2"",""3"",""1"",""2"",""3"",""3"",""3"",""1"",""1"",""2"",""2"",""3"",""1"",""2"",""2"",""2"",""3"",""1"",""1"",""2"",""3"",""3"",""1"",""2"",""2"",""3"",""3"",""1"",""1"",""1"",""2"",""3"",""1"",""2"",""3"",""3"",""3"",""1"",""1"",""2"",""2"",""3"",""1"",""2"",""2"",""2"",""3"",""1"",""1"",""2"",""3"",""3"",""1"",""2"",""2"",""3"",""3"",""1"",""1"",""1"",""2"",""3"",""1"",""2"",""3"",""3"",""3"",""1"",""1"",""2"",""2"",""3"",""1"",""2"",""2"",""2"",""3"",""1"",""1"",""2"",""3"",""3"",""1"",""2"",""2"",""3"",""3"",""1"",""1"",""1"",""2"",""3"",""1"",""2"",""3"",""3"",""3"",""1"",""1"",""2"",""2"",""3"",""1"",""2"",""2"",""2"",""3"",""1"",""1"",""2"",""3"",""3"",""1"",""2"",""2"",""3"",""3"",""1"",""1"",""1"",""2"",""3"",""1"",""2"",""3"",""3"",""3"",""1"",""1"",""2"",""2"",""3"",""1"",""2"",""2"",""2"",""3"",""1"",""1"",""2"",""3"",""3"",""1"",""2"",""2"",""3"",""3"",""1"",""1"",""1"",""2"",""3"",""1"",""2"",""3"",""3"",""3"",""1"",""1"",""2"",""2"",""3"",""1"",""2"",""2"",""2"",""3"",""1"",""1"",""2"",""3"",""3"",""1"",""2"",""2"",""3"",""3"",""1"",""1"",""1"",""2"",""3"",""1"",""2"",""3"",""3"",""3"",""1"",""1"",""2"",""2"",""3"",""1"",""2"",""2"",""2"",""3"",""1"",""1"",""2"",""3"",""3"",""1"",""2"",""2"",""3"",""3"",""1"",""1"",""1"",""2"",""3"",""1"",""2"",""3"",""3"",""3"",""1"",""1"",""2"",""2"",""3"",""1"",""2"",""2"",""2"",""3"",""1"",""1"",""2"",""3"",""3"",""1"",""2"",""2"",""3"",""3"",""1"",""1"",""1"",""2"",""3"",""1"",""2"",""3"",""3"",""3"",""1"",""1"",""2"",""2"",""3"",""1"",""2"",""2"",""2"",""3"",""1"",""1"",""2"",""3"",""3"",""1"",""2"",""2"",""3"",""3"",""1"",""1"",""1"",""2"",""3"",""1"",""2"",""3"",""3"",""3"",""1"",""1"",""2"",""2"",""3"",""1"",""2"",""2"",""2"",""3"",""1"",""1"",""2"",""3"",""3"",""1"",""2"",""2"",""3"",""3"",""1"",""1"",""1"",""2"",""3"",""1"",""2"",""3"",""3"",""3"",""1"",""1"",""2"",""2"",""3"",""1"",""2"",""2"",""2"",""3"",""1"",""1"",""2"",""3"",""3"",""1"",""2"",""2"",""3"",""3"",""1"",""1"",""1"",""2"",""3"",""1"",""2"",""3"",""3"",""3"",""1"",""1"",""2"",""2"",""3"",""1"",""2"",""2"",""2"",""3"",""1"",""1"",""2"",""3"",""3"",""1"",""2"",""2"",""3"",""3"",""1"",""1"",""1"",""2"",""3"",""1"",""2"",""3"",""3"",""3"",""1"",""1"",""2"",""2"",""3"",""1"",""2"",""2"",""2"",""3"",""1"",""1"",""2"",""3"",""3"",""1"",""2"",""2"",""3"",""3"",""1"",""1"",""1"",""2"",""3"",""1"",""2"",""3"",""3"",""3"",""1"",""1"",""2"",""2"",""3"",""1"",""2"",""2"",""2"",""3"",""1"",""1"",""2"",""3"",""3"",""1"",""2"",""2"",""3"",""3"",""1"",""1"",""1"",""2"",""3"",""1"",""2"",""3"",""3"",""3"",""1"",""1"",""2"",""2"",""3"",""1"",""2"",""2"",""2"",""3"",""1"",""1"",""2"",""3"",""3"",""1"",""2"",""2"",""3"",""3"",""1"",""1"",""1"",""2"",""3"",""1"",""2"",""3"",""3"",""3"",""1"",""1"",""2"",""2"",""3"",""1"",""2"",""2"",""2"",""3"",""1"",""1"",""2"",""3"",""3"",""1"",""2"",""2"",""3"",""3"",""1"",""1"",""1"",""2"",""3"",""1"",""2"",""3"",""3"",""3"",""1"",""1"",""2"",""2"",""3"",""1"",""2"",""2"",""2"",""3"",""1"",""1"",""2"",""3"",""3"",""1"",""2"",""2"",""3"",""3"",""1"",""1"",""1"",""2"",""3"",""1"",""2"",""3"",""3"",""3"",""1"",""1"",""2"",""2"",""3"",""1"",""2"",""2"",""2"",""3"",""1"",""1"",""2"",""3"",""3"",""1"",""2"",""2"",""3"",""3"",""1"",""1"",""1"",""2"",""3"",""1"",""2"",""3"",""3"",""3"",""1"",""1"",""2"",""2"",""3"",""1"",""2"",""2"",""2"",""3"",""1"",""1"",""2"",""3"",""3"",""1"",""2"",""2"",""3"",""3"",""1"",""1"",""1"",""2"",""3"",""1"",""2"",""3"",""3"",""3"",""1"",""1"",""2"",""2"",""3"",""1"",""2"",""2"",""2"",""3"",""1"",""1"",""2"",""3"",""3"",""1"",""2"",""2"",""3"",""3"",""1"",""1"",""1"",""2"",""3"",""1"",""2"",""3"",""3"",""3"",""1"",""1"",""2"",""2"",""3"",""1"",""2"",""2"",""2"",""3"",""1"",""1"",""2"",""3"",""3"",""1"",""2"",""2"",""3"",""3"",""1"",""1"",""1"",""2"",""3"",""1"",""2"",""3"",""3"",""3"",""1"",""1"",""2"",""2"",""3"",""1"",""2"",""2"",""2"",""3"",""1"",""1"",""2"",""3"",""3"",""1"",""2"",""2"",""3"",""3"",""1"",""1"",""1"",""2"",""3"",""1"",""2"",""3"",""3"",""3"",""1"",""1"",""2"",""2"",""3"",""1"",""2"",""2"",""2"",""3"",""1"",""1"",""2"",""3"",""3"",""1"",""2"",""2"",""3"",""3"",""1"",""1"",""1"",""2"",""3"",""1"",""2"",""3"",""3"",""3"",""1"",""1"",""2"",""2"",""3"",""1"",""2"",""2"",""2"",""3"",""1"",""1"",""2"",""3"",""3"",""1"",""2"",""2"",""3"",""3"",""1"",""1"",""1"",""2"",""3"",""1"",""2"",""3"",""3"",""3"",""1"",""1"",""2"",""2"",""3"",""1"",""2"",""2"",""2"",""3"",""1"",""1"",""2"",""3"",""3"",""1"",""2"",""2"",""3"",""3"",""1"",""1"",""1"",""2"",""3"",""1"",""2"",""3"",""3"",""3"",""1"",""1"",""2"",""2"",""3"",""1"",""2"",""2"",""2"",""3"",""1"",""1"",""2"",""3"",""3"",""1"",""2"",""2"",""3"",""3"",""1"",""1"",""1"",""2"",""3"",""1"",""2"",""3"",""3"",""3"",""1"",""1"",""2"",""2"",""3"",""1"",""2"",""2"",""2"",""3"",""1"",""1"",""2"",""3"",""3"",""1"",""2"",""2"",""3"",""3"",""1"",""1"",""1"",""2"",""3"",""1"",""2"",""3"",""3"",""3"",""1"",""1"",""2"",""2"",""3"",""1"",""2"",""2"",""2"",""3"",""1"",""1"",""2"",""3"",""3"",""1"",""2"",""2"",""3"",""3"",""1"",""1"",""1"",""2"",""3"",""1"",""2"",""3"",""3"",""3"",""1"",""1"",""2"",""2"",""3"",""1"",""2"",""2"",""2"",""3"",""1"",""1"",""2"",""3"",""3"",""1"",""2"",""2"",""3"",""3"",""1"",""1"",""1"",""2"",""3"",""1"",""2"",""3"",""3"",""3"",""1"",""1"",""2"",""2"",""3"",""1"",""2"",""2"",""2"",""3"",""1"",""1"",""2"",""3"",""3"",""1"",""2"",""2"",""3"",""3"",""1"",""1"",""1"",""2"",""3"",""1"",""2"",""3"",""3"",""3"",""1"",""1"",""2"",""2"",""3"",""1"",""2"",""2"",""2"",""3"",""1"",""1"",""2"",""3"",""3"",""1"",""2"",""2"",""3"",""3"",""1"",""1"",""1"",""2"",""3"",""1"",""2"",""3"",""3"",""3"",""1"",""1"",""2"",""2"",""3"",""1"",""2"",""2"",""2"",""3"",""1"",""1"",""2"",""3"",""3"",""1"",""2"",""2"",""3"",""3"",""1"",""1"",""1"",""2"",""3"",""1"",""2"",""3"",""3"",""3"",""1"",""1"",""2"",""2"",""3"",""1"",""2"",""2"",""2"",""3"",""1"",""1"",""2"",""3"",""3"",""1"",""2"",""2"",""3"",""3"",""1"",""1"",""1"",""2"",""3"",""1"",""2"",""3"",""3"",""3"",""1"",""1"",""2"",""2"",""3"",""1"",""2"",""2"",""2"",""3"",""1"",""1"",""2"",""3"",""3"",""1"",""2"",""2"",""3"",""3"",""1"",""1"",""1"",""2"",""3"",""1"",""2"",""3"",""3"",""3"",""1"",""1"",""2"",""2"",""3"",""1"",""2"",""2"",""2"",""3"",""1"",""1"",""2"",""3"",""3"",""1"",""2"",""2"",""3"",""3"",""1"",""1"",""1"",""2"",""3"",""1"",""2"",""3"",""3"",""3"",""1"",""1"",""2"",""2"",""3"",""1"",""2"",""2"",""2"",""3"",""1"",""1"",""2"",""3"",""3"",""1"",""2"",""2"",""3"",""3"",""1"",""1"",""1"",""2"",""3"",""1"",""2"",""3"",""3"",""3"",""1"",""1"",""2"",""2"",""3"",""1"",""2"",""2"",""2"",""3"",""1"",""1"",""2"",""3"",""3"",""1"",""2"",""2"",""3"",""3"",""1"",""1"",""1"",""2"",""3"",""1"",""2"",""3"",""3"",""3"",""1"",""1"",""2"",""2"",""3"",""1"",""2"",""2"",""2"",""3"",""1"",""1"",""2"",""3"",""3"",""1"",""2"",""2"",""3"",""3"",""1"",""1"",""1"",""2"",""3"",""1"",""2"",""3"",""3"",""3"",""1"",""1"",""2"",""2"",""3"",""1"",""2"",""2"",""2"",""3"",""1"",""1"",""2"",""3"",""3"",""1"",""2"",""2"",""3"",""3"",""1"",""1"",""1"",""2"",""3"",""1"",""2"",""3"",""3"",""3"",""1"",""1"",""2"",""2"",""3"",""1"",""2"",""2"",""2"",""3"",""1"",""1"",""2"",""3"",""3"",""1"",""2"",""2"",""3"",""3"",""1"",""1"",""1"",""2"",""3"",""1"",""2"",""3"",""3"",""3"",""1"",""1"",""2"",""2"",""3"",""1"",""2"",""2"",""2"",""3"",""1"",""1"",""2"",""3"",""3"",""1"",""2"",""2"",""3"",""3"",""1"",""1"",""1"",""2"",""3"",""1"",""2"",""3"",""3"",""3"",""1"",""1"",""2"",""2"",""3"",""1"",""2"",""2"",""2"",""3"",""1"",""1"",""2"",""3"",""3"",""1"",""2"",""2"",""3"",""3"",""1"",""1"",""1"",""2"",""3"",""1"",""2"",""3"",""3"",""3"",""1"",""1"",""2"",""2"",""3"",""1"",""2"",""2"",""2"",""3"",""1"",""1"",""2"",""3"",""3"",""1"",""2"",""2"",""3"",""3"",""1"",""1"",""1"",""2"",""3"",""1"",""2"",""3"",""3"",""3"",""1"",""1"",""2"",""2"",""3"",""1"",""2"",""2"",""2"",""3"",""1"",""1"",""2"",""3"",""3"",""1"",""2"",""2"",""3"",""3"",""1"",""1"",""1"",""2"",""3"",""1"",""2"",""3"",""3"",""3"",""1"",""1"",""2"",""2"",""3"",""1"",""2"",""2"",""2"",""3"",""1"",""1"",""2"",""3"",""3"",""1"",""2"",""2"",""3"",""3"",""1"",""1"",""1"",""2"",""3"",""1"",""2"",""3"",""3"",""3"",""1"",""1"",""2"",""2"",""3"",""1"",""2"",""2"",""2"",""3"",""1"",""1"",""2"",""3"",""3"",""1"",""2"",""2"",""3"",""3"",""1"",""1"",""1"",""2"",""3"",""1"",""2"",""3"",""3"",""3"",""1"",""1"",""2"",""2"",""3"",""1"",""2"",""2"",""2"",""3"",""1"",""1"",""2"",""3"",""3"",""1"",""2"",""2"",""3"",""3"",""1"",""1"",""1"",""2"",""3"",""1"",""2"",""3"",""3"",""3"",""1"",""1"",""2"",""2"",""3"",""1"",""2"",""2"",""2"",""3"",""1"",""1"",""2"",""3"",""3"",""1"",""2"",""2"",""3"",""3"",""1"",""1"",""1"",""2"",""3"",""1"",""2"",""3"",""3"",""3"",""1"",""1"",""2"",""2"",""3"",""1"",""2"",""2"",""2"",""3"",""1"",""1"",""2"",""3"",""3"",""1"",""2"",""2"",""3"",""3"",""1"",""1"",""1"",""2"",""3"",""1"",""2"",""3"",""3"",""3"",""1"",""1"",""2"",""2"",""3"",""1"",""2"",""2"",""2"",""3"",""1"",""1"",""2"",""3"",""3"",""1"",""2"",""2"",""3"",""3"",""1"",""1"",""1"",""2"",""3"",""1"",""2"",""3"",""3"",""3"",""1"",""1"",""2"",""2"",""3"",""1"",""2"",""2"",""2"",""3"",""1"",""1"",""2"",""3"",""3"",""1"",""2"",""2"",""3"",""3"",""1"",""1"",""1"",""2"",""3"",""1"",""2"",""3"",""3"",""3"",""1"",""1"",""2"",""2"",""3"",""1"",""2"",""2"",""2"",""3"",""1"",""1"",""2"",""3"",""3"",""1"",""2"",""2"",""3"",""3"",""1"",""1"",""1"",""2"",""3"",""1"",""2"",""3"",""3"",""3"",""1"",""1"",""2"",""2"",""3"",""1"",""2"",""2"",""2"",""3"",""1"",""1"",""2"",""3"",""3"",""1"",""2"",""2"",""3"",""3"",""1"",""1"",""1"",""2"",""3"",""1"",""2"",""3"",""3"",""3"",""1"",""1"",""2"",""2"",""3"",""1"",""2"",""2"",""2"",""3"",""1"",""1"",""2"",""3"",""3"",""1"",""2"",""2"",""3"",""3"",""1"",""1"",""1"",""2"",""3"",""1"",""2"",""3"",""3"",""3"",""1"",""1"",""2"",""2"",""3"",""1"",""2"",""2"",""2"",""3"",""1"",""1"",""2"",""3"",""3"",""1"",""2"",""2"",""3"",""3"",""1"",""1"",""1"",""2"",""3"",""1"",""2"",""3"",""3"",""3"",""1"",""1"",""2"",""2"",""3"",""1"",""2"",""2"",""2"",""3"",""1"",""1"",""2"",""3"",""3"",""1"",""2"",""2"",""3"",""3"",""1"",""1"",""1"",""2"",""3"",""1"",""2"",""3"",""3"",""3"",""1"",""1"",""2"",""2"",""3"",""1"",""2"",""2"",""2"",""3"",""1"",""1"",""2"",""3"",""3"",""1"",""2"",""2"",""3"",""3"",""1"",""1"",""1"",""2"",""3"",""1"",""2"",""3"",""3"",""3"",""1"",""1"",""2"",""2"",""3"",""1"",""2"",""2"",""2"",""3"",""1"",""1"",""2"",""3"",""3"",""1"",""2"",""2"",""3"",""3"",""1"",""1"",""1"",""2"",""3"",""1"",""2"",""3"",""3"",""3"",""1"",""1"",""2"",""2"",""3"",""1"",""2"",""2"",""2"",""3"",""1"",""1"",""2"",""3"",""3"",""1"",""2"",""2"",""3"",""3"",""1"",""1"",""1"",""2"",""3"",""1"",""2"",""3"",""3"",""3"",""1"",""1"",""2"",""2"",""3"",""1"",""2"",""2"",""2"",""3"",""1"",""1"",""2"",""3"",""3"",""1"",""2"",""2"",""3"",""3"",""1"",""1"",""1"",""2"",""3"",""1"",""2"",""3"",""3"",""3"",""1"",""1"",""2"",""2"",""3"",""1"",""2"",""2"",""2"",""3"",""1"",""1"",""2"",""3"",""3"",""1"",""2"",""2"",""3"",""3"",""1"",""1"",""1"",""2"",""3"",""1"",""2"",""3"",""3"",""3"",""1"",""1"",""2"",""2"",""3"",""1"",""2"",""2"",""2"",""3"",""1"",""1"",""2"",""3"",""3"",""1"",""2"",""2"",""3"",""3"",""1"",""1"",""1"",""2"",""3"",""1"",""2"",""3"",""3"",""3"",""1"",""1"",""2"",""2"",""3"",""1"",""2"",""2"",""2"",""3"",""1"",""1"",""2"",""3"",""3"",""1"",""2"",""2"",""3"",""3"",""1"",""1"",""1"",""2"",""3"",""1"",""2"",""3"",""3"",""3"",""1"",""1"",""2"",""2"",""3"",""1"",""2"",""2"",""2"",""3"",""1"",""1"",""2"",""3"",""3"",""1"",""2"",""2"",""3"",""3"",""1"",""1"",""1"",""2"",""3"",""1"",""2"",""3"",""3"",""3"",""1"",""1"",""2"",""2"",""3"",""1"",""2"",""2"",""2"",""3"",""1"",""1"",""2"",""3"",""3"",""1"",""2"",""2"",""3"",""3"",""1"",""1"",""1"",""2"",""3"",""1"",""2"",""3"",""3"",""3"",""1"",""1"",""2"",""2"",""3"",""1"",""2"",""2"",""2"",""3"",""1"",""1"",""2"",""3"",""3"",""1"",""2"",""2"",""3"",""3"",""1"",""1"",""1"",""2"",""3"",""1"",""2"",""3"",""3"",""3"",""1"",""1"",""2"",""2"",""3"",""1"",""2"",""2"",""2"",""3"",""1"",""1"",""2"",""3"",""3"",""1"",""2"",""2"",""3"",""3"",""1"",""1"",""1"",""2"",""3"",""1"",""2"",""3"",""3"",""3"",""1"",""1"",""2"",""2"",""3"",""1"",""2"",""2"",""2"",""3"",""1"",""1"",""2"",""3"",""3"",""1"",""2"",""2"",""3"",""3"",""1"",""1"",""1"",""2"",""3"",""1"",""2"",""3"",""3"",""3"",""1"",""1"",""2"",""2"",""3"",""1"",""2"",""2"",""2"",""3"",""1"",""1"",""2"",""3"",""3"",""1"",""2"",""2"",""3"",""3"",""1"",""1"",""1"",""2"",""3"",""1"",""2"",""3"",""3"",""3"",""1"",""1"",""2"",""2"",""3"",""1"",""2"",""2"",""2"",""3"",""1"",""1"",""2"",""3"",""3"",""1"",""2"",""2"",""3"",""3"",""1"",""1"",""1"",""2"",""3"",""1"",""2"",""3"",""3"",""3"",""1"",""1"",""2"",""2"",""3"",""1"",""2"",""2"",""2"",""3"",""1"",""1"",""2"",""3"",""3"",""1"",""2"",""2"",""3"",""3"",""1"",""1"",""1"",""2"",""3"",""1"",""2"",""3"",""3"",""3"",""1"",""1"",""2"",""2"",""3"",""1"",""2"",""2"",""2"",""3"",""1"",""1"",""2"",""3"",""3"",""1"",""2"",""2"",""3"",""3"",""1"",""1"",""1"",""2"",""3"",""1"",""2"",""3"",""3"",""3"",""1"",""1"",""2"",""2"",""3"",""1"",""2"",""2"",""2"",""3"",""1"",""1"",""2"",""3"",""3"",""1"",""2"",""2"",""3"",""3"",""1"",""1"",""1"",""2"",""3"",""1"",""2"",""3"",""3"",""3"",""1"",""1"",""2"",""2"",""3"",""1"",""2"",""2"",""2"",""3"",""1"",""1"",""2"",""3"",""3"",""1"",""2"",""2"",""3"",""3"",""1"",""1"",""1"",""2"",""3"",""1"",""2"",""3"",""3"",""3"",""1"",""1"",""2"",""2"",""3"",""1"",""2"",""2"",""2"",""3"",""1"",""1"",""2"",""3"",""3"",""1"",""2"",""2"",""3"",""3"",""1"",""1"",""1"",""2"",""3"",""1"",""2"",""3"",""3"",""3"",""1"",""1"",""2"",""2"",""3"",""1"",""2"",""2"",""2"",""3"",""1"",""1"",""2"",""3"",""3"",""1"",""2"",""2"",""3"",""3"",""1"",""1"",""1"",""2"",""3"",""1"",""2"",""3"",""3"",""3"",""1"",""1"",""2"",""2"",""3"",""1"",""2"",""2"",""2"",""3"",""1"",""1"",""2"",""3"",""3"",""1"",""2"",""2"",""3"",""3"",""1"",""1"",""1"",""2"",""3"",""1"",""2"",""3"",""3"",""3"",""1"",""1"",""2"",""2"",""3"",""1"",""2"",""2"",""2"",""3"",""1"",""1"",""2"",""3"",""3"",""1"",""2"",""2"",""3"",""3"",""1"",""1"",""1"",""2"",""3"",""1"",""2"",""3"",""3"",""3"",""1"",""1"",""2"",""2"",""3"",""1"",""2"",""2"",""2"",""3"",""1"",""1"",""2"",""3"",""3"",""1"",""2"",""2"",""3"",""3"",""1"",""1"",""1"",""2"",""3"",""1"",""2"",""3"",""3"",""3"",""1"",""1"",""2"",""2"",""3"",""1"",""2"",""2"",""2"",""3"",""1"",""1"",""2"",""3"",""3"",""1"",""2"",""2"",""3"",""3"",""1"",""1"",""1"",""2"",""3"",""1"",""2"",""3"",""3"",""3"",""1"",""1"",""2"",""2"",""3"",""1"",""2"",""2"",""2"",""3"",""1"",""1"",""2"",""3"",""3"",""1"",""2"",""2"",""3"",""3"",""1"",""1"",""1"",""2"",""3"",""1"",""2"",""3"",""3"",""3"",""1"",""1"",""2"",""2"",""3"",""1"",""2"",""2"",""2"",""3"",""1"",""1"",""2"",""3"",""3"",""1"",""2"",""2"",""3"",""3"",""1"",""1"",""1"",""2"",""3"",""1"",""2"",""3"",""3"",""3"",""1"",""1"",""2"",""2"",""3"",""1"",""2"",""2"",""2"",""3"",""1"",""1"",""2"",""3"",""3"",""1"",""2"",""2"",""3"",""3"",""1"",""1"",""1"",""2"",""3"",""1"",""2"",""3"",""3"",""3"",""1"",""1"",""2"",""2"",""3"",""1"",""2"",""2"",""2"",""3"",""1"",""1"",""2"",""3"",""3"",""1"",""2"",""2"",""3"",""3"",""1"",""1"",""1"",""2"",""3"",""1"",""2"",""3"",""3"",""3"",""1"",""1"",""2"",""2"",""3"",""1"",""2"",""2"",""2"",""3"",""1"",""1"",""2"",""3"",""3"",""1"",""2"",""2"",""3"",""3"",""1"",""1"",""1"",""2"",""3"",""1"",""2"",""3"",""3"",""3"",""1"",""1"",""2"",""2"",""3"",""1"",""2"",""2"",""2"",""3"",""1"",""1"",""2"",""3"",""3"",""1"",""2"",""2"",""3"",""3"",""1"",""1"",""1"",""2"",""3"",""1"",""2"",""3"",""3"",""3"",""1"",""1"",""2"",""2"",""3"",""1"",""2"",""2"",""2"",""3"",""1"",""1"",""2"",""3"",""3"",""1"",""2"",""2"",""3"",""3"",""1"",""1"",""1"",""2"",""3"",""1"",""2"",""3"",""3"",""3"",""1"",""1"",""2"",""2"",""3"",""1"",""2"",""2"",""2"",""3"",""1"",""1"",""2"",""3"",""3"",""1"",""2"",""2"",""3"",""3"",""1"",""1"",""1"",""2"",""3"",""1"",""2"",""3"",""3"",""3"",""1"",""1"",""2"",""2"",""3"",""1"",""2"",""2"",""2"",""3"",""1"",""1"",""2"",""3"",""3"",""1"",""2"",""2"",""3"",""3"",""1"",""1"",""1"",""2"",""3"",""1"",""2"",""3"",""3"",""3"",""1"",""1"",""2"",""2"",""3"",""1"",""2"",""2"",""2"",""3"",""1"",""1"",""2"",""3"",""3"",""1"",""2"",""2"",""3"",""3"",""1"",""1"",""1"",""2"",""3"",""1"",""2"",""3"",""3"",""3"",""1"",""1"",""2"",""2"",""3"",""1"",""2"",""2"",""2"",""3"",""1"",""1"",""2"",""3"",""3"",""1"",""2"",""2"",""3"",""3"",""1"",""1"",""1"",""2"",""3"",""1"",""2"",""3"",""3"",""3"",""1"",""1"",""2"",""2"",""3"",""1"",""2"",""2"",""2"",""3"",""1"",""1"",""2"",""3"",""3"",""1"",""2"",""2"",""3"",""3"",""1"",""1"",""1"",""2"",""3"",""1"",""2"",""3"",""3"",""3"",""1"",""1"",""2"",""2"",""3"",""1"",""2"",""2"",""2"",""3"",""1"",""1"",""2"",""3"",""3"",""1"",""2"",""2"",""3"",""3"",""1"",""1"",""1"",""2"",""3"",""1"",""2"",""3"",""3"",""3"",""1"",""1"",""2"",""2"",""3"",""1"",""2"",""2"",""2"",""3"",""1"",""1"",""2"",""3"",""3"",""1"",""2"",""2"",""3"",""3"",""1"",""1"",""1"",""2"",""3"",""1"",""2"",""3"",""3"",""3"",""1"",""1"",""2"",""2"",""3"",""1"",""2"",""2"",""2"",""3"",""1"",""1"",""2"",""3"",""3"",""1"",""2"",""2"",""3"",""3"",""1"",""1"",""1"",""2"",""3"",""1"",""2"",""3"",""3"",""3"",""1"",""1"",""2"",""2"",""3"",""1"",""2"",""2"",""2"",""3"",""1"",""1"",""2"",""3"",""3"",""1"",""2"",""2"",""3"",""3"",""1"",""1"",""1"",""2"",""3"",""1"",""2"",""3"",""3"",""3"",""1"",""1"",""2"",""2"",""3"",""1"",""2"",""2"",""2"",""3"",""1"",""1"",""2"",""3"",""3"",""1"",""2"",""2"",""3"",""3"",""1"",""1"",""1"",""2"",""3"",""1"",""2"",""3"",""3"",""3"",""1"",""1"",""2"",""2"",""3"",""1"",""2"",""2"",""2"",""3"",""1"",""1"",""2"",""3"",""3"",""1"",""2"",""2"",""3"",""3"",""1"",""1"",""1"",""2"",""3"",""1"",""2"",""3"",""3"",""3"",""1"",""1"",""2"",""2"",""3"",""1"",""2"",""2"",""2"",""3"",""1"",""1"",""2"",""3"",""3"",""1"",""2"",""2"",""3"",""3"",""1"",""1"",""1"",""2"",""3"",""1"",""2"",""3"",""3"",""3"",""1"",""1"",""2"",""2"",""3"",""1"",""2"",""2"",""2"",""3"",""1"",""1"",""2"",""3"",""3"",""1"",""2"",""2"",""3"",""3"",""1"",""1"",""1"",""2"",""3"",""1"",""2"",""3"",""3"",""3"",""1"",""1"",""2"",""2"",""3"",""1"",""2"",""2"",""2"",""3"",""1"",""1"",""2"",""3"",""3"",""1"",""2"",""2"",""3"",""3"",""1"",""1"",""1"",""2"",""3"",""1"",""2"",""3"",""3"",""3"",""1"",""1"",""2"",""2"",""3"",""1"",""2"",""2"",""2"",""3"",""1"",""1"",""2"",""3"",""3"",""1"",""2"",""2"",""3"",""3"",""1"",""1"",""1"",""2"",""3"",""1"",""2"",""3"",""3"",""3"",""1"",""1"",""2"",""2"",""3"",""1"",""2"",""2"",""2"",""3"",""1"",""1"",""2"",""3"",""3"",""1"",""2"",""2"",""3"",""3"",""1"",""1"",""1"",""2"",""3"",""1"",""2"",""3"",""3"",""3"",""1"",""1"",""2"",""2"",""3"",""1"",""2"",""2"",""2"",""3"",""1"",""1"",""2"",""3"",""3"",""1"",""2"",""2"",""3"",""3"",""1"",""1"",""1"",""2"",""3"",""1"",""2"",""3"",""3"",""3"",""1"",""1"",""2"",""2"",""3"",""1"",""2"",""2"",""2"",""3"",""1"",""1"",""2"",""3"",""3"",""1"",""2"",""2"",""3"",""3"",""1"",""1"",""1"",""2"",""3"",""1"",""2"",""3"",""3"",""3"",""1"",""1"",""2"",""2"",""3"",""1"",""2"",""2"",""2"",""3"",""1"",""1"",""2"",""3"",""3"",""1"",""2"",""2"",""3"",""3"",""1"",""1"",""1"",""2"",""3"",""1"",""2"",""3"",""3"",""3"",""1"",""1"",""2"",""2"",""3"",""1"",""2"",""2"",""2"",""3"",""1"",""1"",""2"",""3"",""3"",""1"",""2"",""2"",""3"",""3"",""1"",""1"",""1"",""2"",""3"",""1"",""2"",""3"",""3"",""3"",""1"",""1"",""2"",""2"",""3"",""1"",""2"",""2"",""2"",""3"",""1"",""1"",""2"",""3"",""3"",""1"",""2"",""2"",""3"",""3"",""1"",""1"",""1"",""2"",""3"",""1"",""2"",""3"",""3"",""3"",""1"",""1"",""2"",""2"",""3"",""1"",""2"",""2"",""2"",""3"",""1"",""1"",""2"",""3"",""3"",""1"",""2"",""2"",""3"",""3"",""1"",""1"",""1"",""2"",""3"",""1"",""2"",""3"",""3"",""3"",""1"",""1"",""2"",""2"",""3"",""1"",""2"",""2"",""2"",""3"",""1"",""1"",""2"",""3"",""3"",""1"",""2"",""2"",""3"",""3"",""1"",""1"",""1"",""2"",""3"",""1"",""2"",""3"",""3"",""3"",""1"",""1"",""2"",""2"",""3"",""1"",""2"",""2"",""2"",""3"",""1"",""1"",""2"",""3"",""3"",""1"",""2"",""2"",""3"",""3"",""1"",""1"",""1"",""2"",""3"",""1"",""2"",""3"",""3"",""3"",""1"",""1"",""2"",""2"",""3"",""1"",""2"",""2"",""2"",""3"",""1"",""1"",""2"",""3"",""3"",""1"",""2"",""2"",""3"",""3"",""1"",""1"",""1"",""2"",""3"",""1"",""2"",""3"",""3"",""3"",""1"",""1"",""2"",""2"",""3"",""1"",""2"",""2"",""2"",""3"",""1"",""1"",""2"",""3"",""3"",""1"",""2"",""2"",""3"",""3"",""1"",""1"",""1"",""2"",""3"",""1"",""2"",""3"",""3"",""3"",""1"",""1"",""2"",""2"",""3"",""1"",""2"",""2"",""2"",""3"",""1"",""1"",""2"",""3"",""3"",""1"",""2"",""2"",""3"",""3"",""1"",""1"",""1"",""2"",""3"",""1"",""2"",""3"",""3"",""3"",""1"",""1"",""2"",""2"",""3"",""1"",""2"",""2"",""2"",""3"",""1"",""1"",""2"",""3"",""3"",""1"",""2"",""2"",""3"",""3"",""1"",""1"",""1"",""2"",""3"",""1"",""2"",""3"",""3"",""3"",""1"",""1"",""2"",""2"",""3"",""1"",""2"",""2"",""2"",""3"",""1"",""1"",""2"",""3"",""3"",""1"",""2"",""2"",""3"",""3"",""1"",""1"",""1"",""2"",""3"",""1"",""2"",""3"",""3"",""3"",""1"",""1"",""2"",""2"",""3"",""1"",""2"",""2"",""2"",""3"",""1"",""1"",""2"",""3"",""3"",""1"",""2"",""2"",""3"",""3"",""1"",""1"",""1"",""2"",""3"",""1"",""2"",""3"",""3"",""3"",""1"",""1"",""2"",""2"",""3"",""1"",""2"",""2"",""2"",""3"",""1"",""1"",""2"",""3"",""3"",""1"",""2"",""2"",""3"",""3"",""1"",""1"",""1"",""2"",""3"",""1"",""2"",""3"",""3"",""3"",""1"",""1"",""2"",""2"",""3"",""1"",""2"",""2"",""2"",""3"",""1"",""1"",""2"",""3"",""3"",""1"",""2"",""2"",""3"",""3"",""1"",""1"",""1"",""2"",""3"",""1"",""2"",""3"",""3"",""3"",""1"",""1"",""2"",""2"",""3"",""1"",""2"",""2"",""2"",""3"",""1"",""1"",""2"",""3"",""3"",""1"",""2"",""2"",""3"",""3"",""1"",""1"",""1"",""2"",""3"",""1"",""2"",""3"",""3"",""3"",""1"",""1"",""2"",""2"",""3"",""1"",""2"",""2"",""2"",""3"",""1"",""1"",""2"",""3"",""3"",""1"",""2"",""2"",""3"",""3"",""1"",""1"",""1"",""2"",""3"",""1"",""2"",""3"",""3"",""3"",""1"",""1"",""2"",""2"",""3"",""1"",""2"",""2"",""2"",""3"",""1"",""1"",""2"",""3"",""3"",""1"",""2"",""2"",""3"",""3"",""1"",""1"",""1"",""2"",""3"",""1"",""2"",""3"",""3"",""3"",""1"",""1"",""2"",""2"",""3"",""1"",""2"",""2"",""2"",""3"",""1"",""1"",""2"",""3"",""3"",""1"",""2"",""2"",""3"",""3"",""1"",""1"",""1"",""2"",""3"",""1"",""2"",""3"",""3"",""3"",""1"",""1"",""2"",""2"",""3"",""1"",""2"",""2"",""2"",""3"",""1"",""1"",""2"",""3"",""3"",""1"",""2"",""2"",""3"",""3"",""1"",""1"",""1"",""2"",""3"",""1"",""2"",""3"",""3"",""3"",""1"",""1"",""2"",""2"",""3"",""1"",""2"",""2"",""2"",""3"",""1"",""1"",""2"",""3"",""3"",""1"",""2"",""2"",""3"",""3"",""1"",""1"",""1"",""2"",""3"",""1"",""2"",""3"",""3"",""3"",""1"",""1"",""2"",""2"",""3"",""1"",""2"",""2"",""2"",""3"",""1"",""1"",""2"",""3"",""3"",""1"",""2"",""2"",""3"",""3"",""1"",""1"",""1"",""2"",""3"",""1"",""2"",""3"",""3"",""3"",""1"",""1"",""2"",""2"",""3"",""1"",""2"",""2"",""2"",""3"",""1"",""1"",""2"",""3"",""3"",""1"",""2"",""2"",""3"",""3"",""1"",""1"",""1"",""2"",""3"",""1"",""2"",""3"",""3"",""3"",""1"",""1"",""2"",""2"",""3"",""1"",""2"",""2"",""2"",""3"",""1"",""1"",""2"",""3"",""3"",""1"",""2"",""2"",""3"",""3"",""1"",""1"",""1"",""2"",""3"",""1"",""2"",""3"",""3"",""3"",""1"",""1"",""2"",""2"",""3"",""1"",""2"",""2"",""2"",""3"",""1"",""1"",""2"",""3"",""3"",""1"",""2"",""2"",""3"",""3"",""1"",""1"",""1"",""2"",""3"",""1"",""2"",""3"",""3"",""3"",""1"",""1"",""2"",""2"",""3"",""1"",""2"",""2"",""2"",""3"",""1"",""1"",""2"",""3"",""3"",""1"",""2"",""2"",""3"",""3"",""1"",""1"",""1"",""2"",""3"",""1"",""2"",""3"",""3"",""3"",""1"",""1"",""2"",""2"",""3"",""1"",""2"",""2"",""2"",""3"",""1"",""1"",""2"",""3"",""3"",""1"",""2"",""2"",""3"",""3"",""1"",""1"",""1"",""2"",""3"",""1"",""2"",""3"",""3"",""3"",""1"",""1"",""2"",""2"",""3"",""1"",""2"",""2"",""2"",""3"",""1"",""1"",""2"",""3"",""3"",""1"",""2"",""2"",""3"",""3"",""1"",""1"",""1"",""2"",""3"",""1"",""2"",""3"",""3"",""3"",""1"",""1"",""2"",""2"",""3"",""1"",""2"",""2"",""2"",""3"",""1"",""1"",""2"",""3"",""3"",""1"",""2"",""2"",""3"",""3"",""1"",""1"",""1"",""2"",""3"",""1"",""2"",""3"",""3"",""3"",""1"",""1"",""2"",""2"",""3"",""1"",""2"",""2"",""2"",""3"",""1"",""1"",""2"",""3"",""3"",""1"",""2"",""2"",""3"",""3"",""1"",""1"",""1"",""2"",""3"",""1"",""2"",""3"",""3"",""3"",""1"",""1"",""2"",""2"",""3"",""1"",""2"",""2"",""2"",""3"",""1"",""1"",""2"",""3"",""3"",""1"",""2"",""2"",""3"",""3"",""1"",""1"",""1"",""2"",""3"",""1"",""2"",""3"",""3"",""3"",""1"",""1"",""2"",""2"",""3"",""1"",""2"",""2"",""2"",""3"",""1"",""1"",""2"",""3"",""3"",""1"",""2"",""2"",""3"",""3"",""1"",""1"",""1"",""2"",""3"",""1"",""2"",""3"",""3"",""3"",""1"",""1"",""2"",""2"",""3"",""1"",""2"",""2"",""2"",""3"",""1"",""1"",""2"",""3"",""3"",""1"",""2"",""2"",""3"",""3"",""1"",""1"",""1"",""2"",""3"",""1"",""2"",""3"",""3"",""3"",""1"",""1"",""2"",""2"",""3"",""1"",""2"",""2"",""2"",""3"",""1"",""1"",""2"",""3"",""3"",""1"",""2"",""2"",""3"",""3"",""1"",""1"",""1"",""2"",""3"",""1"",""2"",""3"",""3"",""3"",""1"",""1"",""2"",""2"",""3"",""1"",""2"",""2"",""2"",""3"",""1"",""1"",""2"",""3"",""3"",""1"",""2"",""2"",""3"",""3"",""1"",""1"",""1"",""2"",""3"",""1"",""2"",""3"",""3"",""3"",""1"",""1"",""2"",""2"",""3"",""1"",""2"",""2"",""2"",""3"",""1"",""1"",""2"",""3"",""3"",""1"",""2"",""2"",""3"",""3"",""1"",""1"",""1"",""2"",""3"",""1"",""2"",""3"",""3"",""3"",""1"",""1"",""2"",""2"",""3"",""1"",""2"",""2"",""2"",""3"",""1"",""1"",""2"",""3"",""3"",""1"",""2"",""2"",""3"",""3"",""1"",""1"",""1"",""2"",""3"",""1"",""2"",""3"",""3"",""3"",""1"",""1"",""2"",""2"",""3"",""1"",""2"",""2"",""2"",""3"",""1"",""1"",""2"",""3"",""3"",""1"",""2"",""2"",""3"",""3"",""1"",""1"",""1"",""2"",""3"",""1"",""2"",""3"",""3"",""3"",""1"",""1"",""2"",""2"",""3"",""1"",""2"",""2"",""2"",""3"",""1"",""1"",""2"",""3"",""3"",""1"",""2"",""2"",""3"",""3"",""1"",""1"",""1"",""2"",""3"",""1"",""2"",""3"",""3"",""3"",""1"",""1"",""2"",""2"",""3"",""1"",""2"",""2"",""2"",""3"",""1"",""1"",""2"",""3"",""3"",""1"",""2"",""2"",""3"",""3"",""1"",""1"",""1"",""2"",""3"",""1"",""2"",""3"",""3"",""3"",""1"",""1"",""2"",""2"",""3"",""1"",""2"",""2"",""2"",""3"",""1"",""1"",""2"",""3"",""3"",""1"",""2"",""2"",""3"",""3"",""1"",""1"",""1"",""2"",""3"",""1"",""2"",""3"",""3"",""3"",""1"",""1"",""2"",""2"",""3"",""1"",""2"",""2"",""2"",""3"",""1"",""1"",""2"",""3"",""3"",""1"",""2"",""2"",""3"",""3"",""1"",""1"",""1"",""2"",""3"",""1"",""2"",""3"",""3"",""3"",""1"",""1"",""2"",""2"",""3"",""1"",""2"",""2"",""2"",""3"",""1"",""1"",""2"",""3"",""3"",""1"",""2"",""2"",""3"",""3"",""1"",""1"",""1"",""2"",""3"",""1"",""2"",""3"",""3"",""3"",""1"",""1"",""2"",""2"",""3"",""1"",""2"",""2"",""2"",""3"",""1"",""1"",""2"",""3"",""3"",""1"",""2"",""2"",""3"",""3"",""1"",""1"",""1"",""2"",""3"",""1"",""2"",""3"",""3"",""3"",""1"",""1"",""2"",""2"",""3"",""1"",""2"",""2"",""2"",""3"",""1"",""1"",""2"",""3"",""3"",""1"",""2"",""2"",""3"",""3"",""1"",""1"",""1"",""2"",""3"",""1"",""2"",""3"",""3"",""3"",""1"",""1"",""2"",""2"",""3"",""1"",""2"",""2"",""2"",""3"",""1"",""1"",""2"",""3"",""3"",""1"",""2"",""2"",""3"",""3"",""1"",""1"",""1"",""2"",""3"",""1"",""2"",""3"",""3"",""3"",""1"",""1"",""2"",""2"",""3"",""1"",""2"",""2"",""2"",""3"",""1"",""1"",""2"",""3"",""3"",""1"",""2"",""2"",""3"",""3"",""1"",""1"",""1"",""2"",""3"",""1"",""2"",""3"",""3"",""3"",""1"",""1"",""2"",""2"",""3"",""1"",""2"",""2"",""2"",""3"",""1"",""1"",""2"",""3"",""3"",""1"",""2"",""2"",""3"",""3"",""1"",""1"",""1"",""2"",""3"",""1"",""2"",""3"",""3"",""3"",""1"",""1"",""2"",""2"",""3"",""1"",""2"",""2"",""2"",""3"",""1"",""1"",""2"",""3"",""3"",""1"",""2"",""2"",""3"",""3"",""1"",""1"",""1"",""2"",""3"",""1"",""2"",""3"",""3"",""3"",""1"",""1"",""2"",""2"",""3"",""1"",""2"",""2"",""2"",""3"",""1"",""1"",""2"",""3"",""3"",""1"",""2"",""2"",""3"",""3"",""1"",""1"",""1"",""2"",""3"",""1"",""2"",""3"",""3"",""3"",""1"",""1"",""2"",""2"",""3"",""1"",""2"",""2"",""2"",""3"",""1"",""1"",""2"",""3"",""3"",""1"",""2"",""2"",""3"",""3"",""1"",""1"",""1"",""2"",""3"",""1"",""2"",""3"",""3"",""3"",""1"",""1"",""2"",""2"",""3"",""1"",""2"",""2"",""2"",""3"",""1"",""1"",""2"",""3"",""3"",""1"",""2"",""2"",""3"",""3"",""1"",""1"",""1"",""2"",""3"",""1"",""2"",""3"",""3"",""3"",""1"",""1"",""2"",""2"",""3"",""1"",""2"",""2"",""2"",""3"",""1"",""1"",""2"",""3"",""3"",""1"",""2"",""2"",""3"",""3"",""1"",""1"",""1"",""2"",""3"",""1"",""2"",""3"",""3"",""3"",""1"",""1"",""2"",""2"",""3"",""1"",""2"",""2"",""2"",""3"",""1"",""1"",""2"",""3"",""3"",""1"",""2"",""2"",""3"",""3"",""1"",""1"",""1"",""2"",""3"",""1"",""2"",""3"",""3"",""3"",""1"",""1"",""2"",""2"",""3"",""1"",""2"",""2"",""2"",""3"",""1"",""1"",""2"",""3"",""3"",""1"",""2"",""2"",""3"",""3"",""1"",""1"",""1"",""2"",""3"",""1"",""2"",""3"",""3"",""3"",""1"",""1"",""2"",""2"",""3"",""1"",""2"",""2"",""2"",""3"",""1"",""1"",""2"",""3"",""3"",""1"",""2"",""2"",""3"",""3"",""1"",""1"",""1"",""2"",""3"",""1"",""2"",""3"",""3"",""3"",""1"",""1"",""2"",""2"",""3"",""1"",""2"",""2"",""2"",""3"",""1"",""1"",""2"",""3"",""3"",""1"",""2"",""2"",""3"",""3"",""1"",""1"",""1"",""2"",""3"",""1"",""2"",""3"",""3"",""3"",""1"",""1"",""2"",""2"",""3"",""1"",""2"",""2"",""2"",""3"",""1"",""1"",""2"",""3"",""3"",""1"",""2"",""2"",""3"",""3"",""1"",""1"",""1"",""2"",""3"",""1"",""2"",""3"",""3"",""3"",""1"",""1"",""2"",""2"",""3"",""1"",""2"",""2"",""2"",""3"",""1"",""1"",""2"",""3"",""3"",""1"",""2"",""2"",""3"",""3"",""1"",""1"",""1"",""2"",""3"",""1"",""2"",""3"",""3"",""3"",""1"",""1"",""2"",""2"",""3"",""1"",""2"",""2"",""2"",""3"",""1"",""1"",""2"",""3"",""3"",""1"",""2"",""2"",""3"",""3"",""1"",""1"",""1"",""2"",""3"",""1"",""2"",""3"",""3"",""3"",""1"",""1"",""2"",""2"",""3"",""1"",""2"",""2"",""2"",""3"",""1"",""1"",""2"",""3"",""3"",""1"",""2"",""2"",""3"",""3"",""1"",""1"",""1"",""2"",""3"",""1"",""2"",""3"",""3"",""3"",""1"",""1"",""2"",""2"",""3"",""1"",""2"",""2"",""2"",""3"",""1"",""1"",""2"",""3"",""3"",""1"",""2"",""2"",""3"",""3"",""1"",""1"",""1"",""2"",""3"",""1"",""2"",""3"",""3"",""3"",""1"",""1"",""2"",""2"",""3"",""1"",""2"",""2"",""2"",""3"",""1"",""1"",""2"",""3"",""3"",""1"",""2"",""2"",""3"",""3"",""1"",""1"",""1"",""2"",""3"",""1"",""2"",""3"",""3"",""3"",""1"",""1"",""2"",""2"",""3"",""1"",""2"",""2"",""2"",""3"",""1"",""1"",""2"",""3"",""3"",""1"",""2"",""2"",""3"",""3"",""1"",""1"",""1"",""2"",""3"",""1"",""2"",""3"",""3"",""3"",""1"",""1"",""2"",""2"",""3"",""1"",""2"",""2"",""2"",""3"",""1"",""1"",""2"",""3"",""3"",""1"",""2"",""2"",""3"",""3"",""1"",""1"",""1"",""2"",""3"",""1"",""2"",""3"",""3"",""3"",""1"",""1"",""2"",""2"",""3"",""1"",""2"",""2"",""2"",""3"",""1"",""1"",""2"",""3"",""3"",""1"",""2"",""2"",""3"",""3"",""1"",""1"",""1"",""2"",""3"",""1"",""2"",""3"",""3"",""3"",""1"",""1"",""2"",""2"",""3"",""1"",""2"",""2"",""2"",""3"",""1"",""1"",""2"",""3"",""3"",""1"",""2"",""2"",""3"",""3"",""1"",""1"",""1"",""2"",""3"",""1"",""2"",""3"",""3"",""3"",""1"",""1"",""2"",""2"",""3"",""1"",""2"",""2"",""2"",""3"",""1"",""1"",""2"",""3"",""3"",""1"",""2"",""2"",""3"",""3"",""1"",""1"",""1"",""2"",""3"",""1"",""2"",""3"",""3"",""3"",""1"",""1"",""2"",""2"",""3"",""1"",""2"",""2"",""2"",""3"",""1"",""1"",""2"",""3"",""3"",""1"",""2"",""2"",""3"",""3"",""1"",""1"",""1"",""2"",""3"",""1"",""2"",""3"",""3"",""3"",""1"",""1"",""2"",""2"",""3"",""1"",""2"",""2"",""2"",""3"",""1"",""1"",""2"",""3"",""3"",""1"",""2"",""2"",""3"",""3"",""1"",""1"",""1"",""2"",""3"",""1"",""2"",""3"",""3"",""3"",""1"",""1"",""2"",""2"",""3"",""1"",""2"",""2"",""2"",""3"",""1"",""1"",""2"",""3"",""3"",""1"",""2"",""2"",""3"",""3"",""1"",""1"",""1"",""2"",""3"",""1"",""2"",""3"",""3"",""3"",""1"",""1"",""2"",""2"",""3"",""1"",""2"",""2"",""2"",""3"",""1"",""1"",""2"",""3"",""3"",""1"",""2"",""2"",""3"",""3"",""1"",""1"",""1"",""2"",""3"",""1"",""2"",""3"",""3"",""3"",""1"",""1"",""2"",""2"",""3"",""1"",""2"",""2"",""2"",""3"",""1"",""1"",""2"",""3"",""3"",""1"",""2"",""2"",""3"",""3"",""1"",""1"",""1"",""2"",""3"",""1"",""2"",""3"",""3"",""3"",""1"",""1"",""2"",""2"",""3"",""1"",""2"",""2"",""2"",""3"",""1"",""1"",""2"",""3"",""3"",""1"",""2"",""2"",""3"",""3"",""1"",""1"",""1"",""2"",""3"",""1"",""2"",""3"",""3"",""3"",""1"",""1"",""2"",""2"",""3"",""1"",""2"",""2"",""2"",""3"",""1"",""1"",""2"",""3"",""3"",""1"",""2"",""2"",""3"",""3"",""1"",""1"",""1"",""2"",""3"",""1"",""2"",""3"",""3"",""3"",""1"",""1"",""2"",""2"",""3"",""1"",""2"",""2"",""2"",""3"",""1"",""1"",""2"",""3"",""3"",""1"",""2"",""2"",""3"",""3"",""1"",""1"",""1"",""2"",""3"",""1"",""2"",""3"",""3"",""3"",""1"",""1"",""2"",""2"",""3"",""1"",""2"",""2"",""2"",""3"",""1"",""1"",""2"",""3"",""3"",""1"",""2"",""2"",""3"",""3"",""1"",""1"",""1"",""2"",""3"",""1"",""2"",""3"",""3"",""3"",""1"",""1"",""2"",""2"",""3"",""1"",""2"",""2"",""2"",""3"",""1"",""1"",""2"",""3"",""3"",""1"",""2"",""2"",""3"",""3"",""1"",""1"",""1"",""2"",""3"",""1"",""2"",""3"",""3"",""3"",""1"",""1"",""2"",""2"",""3"",""1"",""2"",""2"",""2"",""3"",""1"",""1"",""2"",""3"",""3"",""1"",""2"",""2"",""3"",""3"",""1"",""1"",""1"",""2"",""3"",""1"",""2"",""3"",""3"",""3"",""1"",""1"",""2"",""2"",""3"",""1"",""2"",""2"",""2"",""3"",""1"",""1"",""2"",""3"",""3"",""1"",""2"",""2"",""3"",""3"",""1"",""1"",""1"",""2"",""3"",""1"",""2"",""3"",""3"",""3"",""1"",""1"",""2"",""2"",""3"",""1"",""2"",""2"",""2"",""3"",""1"",""1"",""2"",""3"",""3"",""1"",""2"",""2"",""3"",""3"",""1"",""1"",""1"",""2"",""3"",""1"",""2"",""3"",""3"",""3"",""1"",""1"",""2"",""2"",""3"",""1"",""2"",""2"",""2"",""3"",""1"",""1"",""2"",""3"",""3"",""1"",""2"",""2"",""3"",""3"",""1"",""1"",""1"",""2"",""3"",""1"",""2"",""3"",""3"",""3"",""1"",""1"",""2"",""2"",""3"",""1"",""2"",""2"",""2"",""3"",""1"",""1"",""2"",""3"",""3"",""1"",""2"",""2"",""3"",""3"",""1"",""1"",""1"",""2"",""3"",""1"",""2"",""3"",""3"",""3"",""1"",""1"",""2"",""2"",""3"",""1"",""2"",""2"",""2"",""3"",""1"",""1"",""2"",""3"",""3"",""1"",""2"",""2"",""3"",""3"",""1"",""1"",""1"",""2"",""3"",""1"",""2"",""3"",""3"",""3"",""1"",""1"",""2"",""2"",""3"",""1"",""2"",""2"",""2"",""3"",""1"",""1"",""2"",""3"",""3"",""1"",""2"",""2"",""3"",""3"",""1"",""1"",""1"",""2"",""3"",""1"",""2"",""3"",""3"",""3"",""1"",""1"",""2"",""2"",""3"",""1"",""2"",""2"",""2"",""3"",""1"",""1"",""2"",""3"",""3"",""1"",""2"",""2"",""3"",""3"",""1"",""1"",""1"",""2"",""3"",""1"",""2"",""3"",""3"",""3"",""1"",""1"",""2"",""2"",""3"",""1"",""2"",""2"",""2"",""3"",""1"",""1"",""2"",""3"",""3"",""1"",""2"",""2"",""3"",""3"",""1"",""1"",""1"",""2"",""3"",""1"",""2"",""3"",""3"",""3"",""1"",""1"",""2"",""2"",""3"",""1"",""2"",""2"",""2"",""3"",""1"",""1"",""2"",""3"",""3"",""1"",""2"",""2"",""3"",""3"",""1"",""1"",""1"",""2"",""3"",""1"",""2"",""3"",""3"",""3"",""1"",""1"",""2"",""2"",""3"",""1"",""2"",""2"",""2"",""3"",""1"",""1"",""2"",""3"",""3"",""1"",""2"",""2"",""3"",""3"",""1"",""1"",""1"",""2"",""3"",""1"",""2"",""3"",""3"",""3"",""1"",""1"",""2"",""2"",""3"",""1"",""2"",""2"",""2"",""3"",""1"",""1"",""2"",""3"",""3"",""1"",""2"",""2"",""3"",""3"",""1"",""1"",""1"",""2"",""3"",""1"",""2"",""3"",""3"",""3"",""1"",""1"",""2"",""2"",""3"",""1"",""2"",""2"",""2"",""3"",""1"",""1"",""2"",""3"",""3"",""1"",""2"",""2"",""3"",""3"",""1"",""1"",""1"",""2"",""3"",""1"",""2"",""3"",""3"",""3"",""1"",""1"",""2"",""2"",""3"",""1"",""2"",""2"",""2"",""3"",""1"",""1"",""2"",""3"",""3"",""1"",""2"",""2"",""3"",""3"",""1"",""1"",""1"",""2"",""3"",""1"",""2"",""3"",""3"",""3"",""1"",""1"",""2"",""2"",""3"",""1"",""2"",""2"",""2"",""3"",""1"",""1"",""2"",""3"",""3"",""1"",""2"",""2"",""3"",""3"",""1"",""1"",""1"",""2"",""3"",""1"",""2"",""3"",""3"",""3"",""1"",""1"",""2"",""2"",""3"",""1"",""2"",""2"",""2"",""3"",""1"",""1"",""2"",""3"",""3"",""1"",""2"",""2"",""3"",""3"",""1"",""1"",""1"",""2"",""3"",""1"",""2"",""3"",""3"",""3"",""1"",""1"",""2"",""2"",""3"",""1"",""2"",""2"",""2"",""3"",""1"",""1"",""2"",""3"",""3"",""1"",""2"",""2"",""3"",""3"",""1"",""1"",""1"",""2"",""3"",""1"",""2"",""3"",""3"",""3"",""1"",""1"",""2"",""2"",""3"",""1"",""2"",""2"",""2"",""3"",""1"",""1"",""2"",""3"",""3"",""1"",""2"",""2"",""3"",""3"",""1"",""1"",""1"",""2"",""3"",""1"",""2"",""3"",""3"",""3"",""1"",""1"",""2"",""2"",""3"",""1"",""2"",""2"",""2"",""3"",""1"",""1"",""2"",""3"",""3"",""1"",""2"",""2"",""3"",""3"",""1"",""1"",""1"",""2"",""3"",""1"",""2"",""3"",""3"",""3"",""1"",""1"",""2"",""2"",""3"",""1"",""2"",""2"",""2"",""3"",""1"",""1"",""2"",""3"",""3"",""1"",""2"",""2"",""3"",""3"",""1"",""1"",""1"",""2"",""3"",""1"",""2"",""3"",""3"",""3"",""1"",""1"",""2"",""2"",""3"",""1"",""2"",""2"",""2"",""3"",""1"",""1"",""2"",""3"",""3"",""1"",""2"",""2"",""3"",""3"",""1"",""1"",""1"",""2"",""3"",""1"",""2"",""3"",""3"",""3"",""1"",""1"",""2"",""2"",""3"",""1"",""2"",""2"",""2"",""3"",""1"",""1"",""2"",""3"",""3"",""1"",""2"",""2"",""3"",""3"",""1"",""1"",""1"",""2"",""3"",""1"",""2"",""3"",""3"",""3"",""1"",""1"",""2"",""2"",""3"",""1"",""2"",""2"",""2"",""3"",""1"",""1"",""2"",""3"",""3"",""1"",""2"",""2"",""3"",""3"",""1"",""1"",""1"",""2"",""3"",""1"",""2"",""3"",""3"",""3"",""1"",""1"",""2"",""2"",""3"",""1"",""2"",""2"",""2"",""3"",""1"",""1"",""2"",""3"",""3"",""1"",""2"",""2"",""3"",""3"",""1"",""1"",""1"",""2"",""3"",""1"",""2"",""3"",""3"",""3"",""1"",""1"",""2"",""2"",""3"",""1"",""2"",""2"",""2"",""3"",""1"",""1"",""2"",""3"",""3"",""1"",""2"",""2"",""3"",""3"",""1"",""1"",""1"",""2"",""3"",""1"",""2"",""3"",""3"",""3"",""1"",""1"",""2"",""2"",""3"",""1"",""2"",""2"",""2"",""3"",""1"",""1"",""2"",""3"",""3"",""1"",""2"",""2"",""3"",""3"",""1"",""1"",""1"",""2"",""3"",""1"",""2"",""3"",""3"",""3"",""1"",""1"",""2"",""2"",""3"",""1"",""2"",""2"",""2"",""3"",""1"",""1"",""2"",""3"",""3"",""1"",""2"",""2"",""3"",""3"",""1"",""1"",""1"",""2"",""3"",""1"",""2"",""3"",""3"",""3"",""1"",""1"",""2"",""2"",""3"",""1"",""2"",""2"",""2"",""3"",""1"",""1"",""2"",""3"",""3"",""1"",""2"",""2"",""3"",""3"",""1"",""1"",""1"",""2"",""3"",""1"",""2"",""3"",""3"",""3"",""1"",""1"",""2"",""2"",""3"",""1"",""2"",""2"",""2"",""3"",""1"",""1"",""2"",""3"",""3"",""1"",""2"",""2"",""3"",""3"",""1"",""1"",""1"",""2"",""3"",""1"",""2"",""3"",""3"",""3"",""1"",""1"",""2"",""2"",""3"",""1"",""2"",""2"",""2"",""3"",""1"",""1"",""2"",""3"",""3"",""1"",""2"",""2"",""3"",""3"",""1"",""1"",""1"",""2"",""3"",""1"",""2"",""3"",""3"",""3"",""1"",""1"",""2"",""2"",""3"",""1"",""2"",""2"",""2"",""3"",""1"",""1"",""2"",""3"",""3"",""1"",""2"",""2"",""3"",""3"",""1"",""1"",""1"",""2"",""3"",""1"",""2"",""3"",""3"",""3"",""1"",""1"",""2"",""2"",""3"",""1"",""2"",""2"",""2"",""3"",""1"",""1"",""2"",""3"",""3"",""1"",""2"",""2"",""3"",""3"",""1"",""1"",""1"",""2"",""3"",""1"",""2"",""3"",""3"",""3"",""1"",""1"",""2"",""2"",""3"",""1"",""2"",""2"",""2"",""3"",""1"",""1"",""2"",""3"",""3"",""1"",""2"",""2"",""3"",""3"",""1"",""1"",""1"",""2"",""3"",""1"",""2"",""3"",""3"",""3"",""1"",""1"",""2"",""2"",""3"",""1"",""2"",""2"",""2"",""3"",""1"",""1"",""2"",""3"",""3"",""1"",""2"",""2"",""3"",""3"",""1"",""1"",""1"",""2"",""3"",""1"",""2"",""3"",""3"",""3"",""1"",""1"",""2"",""2"",""3"",""1"",""2"",""2"",""2"",""3"",""1"",""1"",""2"",""3"",""3"",""1"",""2"",""2"",""3"",""3"",""1"",""1"",""1"",""2"",""3"",""1"",""2"",""3"",""3"",""3"",""1"",""1"",""2"",""2"",""3"",""1"",""2"",""2"",""2"",""3"",""1"",""1"",""2"",""3"",""3"",""1"",""2"",""2"",""3"",""3"",""1"",""1"",""1"",""2"",""3"",""1"",""2"",""3"",""3"",""3"",""1"",""1"",""2"",""2"",""3"",""1"",""2"",""2"",""2"",""3"",""1"",""1"",""2"",""3"",""3"",""1"",""2"",""2"",""3"",""3"",""1"",""1"",""1"",""2"",""3"",""1"",""2"",""3"",""3"",""3"",""1"",""1"",""2"",""2"",""3"",""1"",""2"",""2"",""2"",""3"",""1"",""1"",""2"",""3"",""3"",""1"",""2"",""2"",""3"",""3"",""1"",""1"",""1"",""2"",""3"",""1"",""2"",""3"",""3"",""3"",""1"",""1"",""2"",""2"",""3"",""1"",""2"",""2"",""2"",""3"",""1"",""1"",""2"",""3"",""3"",""1"",""2"",""2"",""3"",""3"",""1"",""1"",""1"",""2"",""3"",""1"",""2"",""3"",""3"",""3"",""1"",""1"",""2"",""2"",""3"",""1"",""2"",""2"",""2"",""3"",""1"",""1"",""2"",""3"",""3"",""1"",""2"",""2"",""3"",""3"",""1"",""1"",""1"",""2"",""3"",""1"",""2"",""3"",""3"",""3"",""1"",""1"",""2"",""2"",""3"",""1"",""2"",""2"",""2"",""3"",""1"",""1"",""2"",""3"",""3"",""1"",""2"",""2"",""3"",""3"",""1"",""1"",""1"",""2"",""3"",""1"",""2"",""3"",""3"",""3"",""1"",""1"",""2"",""2"",""3"",""1"",""2"",""2"",""2"",""3"",""1"",""1"",""2"",""3"",""3"",""1"",""2"",""2"",""3"",""3"",""1"",""1"",""1"",""2"",""3"",""1"",""2"",""3"",""3"",""3"",""1"",""1"",""2"",""2"",""3"",""1"",""2"",""2"",""2"",""3"",""1"",""1"",""2"",""3"",""3"",""1"",""2"",""2"",""3"",""3"",""1"",""1"",""1"",""2"",""3"",""1"",""2"",""3"",""3"",""3"",""1"",""1"",""2"",""2"",""3"",""1"",""2"",""2"",""2"",""3"",""1"",""1"",""2"",""3"",""3"",""1"",""2"",""2"",""3"",""3"",""1"",""1"",""1"",""2"",""3"",""1"",""2"",""3"",""3"",""3"",""1"",""1"",""2"",""2"",""3"",""1"",""2"",""2"",""2"",""3"",""1"",""1"",""2"",""3"",""3"",""1"",""2"",""2"",""3"",""3"",""1"",""1"",""1"",""2"",""3"",""1"",""2"",""3"",""3"",""3"",""1"",""1"",""2"",""2"",""3"",""1"",""2"",""2"",""2"",""3"",""1"",""1"",""2"",""3"",""3"",""1"",""2"",""2"",""3"",""3"",""1"",""1"",""1"",""2"",""3"",""1"",""2"",""3"",""3"",""3"",""1"",""1"",""2"",""2"",""3"",""1"",""2"",""2"",""2"",""3"",""1"",""1"",""2"",""3"",""3"",""1"",""2"",""2"",""3"",""3"",""1"",""1"",""1"",""2"",""3"",""1"",""2"",""3"",""3"",""3"",""1"",""1"",""2"",""2"",""3"",""1"",""2"",""2"",""2"",""3"",""1"",""1"",""2"",""3"",""3"",""1"",""2"",""2"",""3"",""3"",""1"",""1"",""1"",""2"",""3"",""1"",""2"",""3"",""3"",""3"",""1"",""1"",""2"",""2"",""3"",""1"",""2"",""2"",""2"",""3"",""1"",""1"",""2"",""3"",""3"",""1"",""2"",""2"",""3"",""3"",""1"",""1"",""1"",""2"",""3"",""1"",""2"",""3"",""3"",""3"",""1"",""1"",""2"",""2"",""3"",""1"",""2"",""2"",""2"",""3"",""1"",""1"",""2"",""3"",""3"",""1"",""2"",""2"",""3"",""3"",""1"",""1"",""1"",""2"",""3"",""1"",""2"",""3"",""3"",""3"",""1"",""1"",""2"",""2"",""3"",""1"",""2"",""2"",""2"",""3"",""1"",""1"",""2"",""3"",""3"",""1"",""2"",""2"",""3"",""3"",""1"",""1"",""1"",""2"",""3"",""1"",""2"",""3"",""3"",""3"",""1"",""1"",""2"",""2"",""3"",""1"",""2"",""2"",""2"",""3"",""1"",""1"",""2"",""3"",""3"",""1"",""2"",""2"",""3"",""3"",""1"",""1"",""1"",""2"",""3"",""1"",""2"",""3"",""3"",""3"",""1"",""1"",""2"",""2"",""3"",""1"",""2"",""2"",""2"",""3"",""1"",""1"",""2"",""3"",""3"",""1"",""2"",""2"",""3"",""3"",""1"",""1"",""1"",""2"",""3"",""1"",""2"",""3"",""3"",""3"",""1"",""1"",""2"",""2"",""3"",""1"",""2"",""2"",""2"",""3"",""1"",""1"",""2"",""3"",""3"",""1"",""2"",""2"",""3"",""3"",""1"",""1"",""1"",""2"",""3"",""1"",""2"",""3"",""3"",""3"",""1"",""1"",""2"",""2"",""3"",""1"",""2"",""2"",""2"",""3"",""1"",""1"",""2"",""3"",""3"",""1"",""2"",""2"",""3"",""3"",""1"",""1"",""1"",""2"",""3"",""1"",""2"",""3"",""3"",""3"",""1"",""1"",""2"",""2"",""3"",""1"",""2"",""2"",""2"",""3"",""1"",""1"",""2"",""3"",""3"",""1"",""2"",""2"",""3"",""3"",""1"",""1"",""1"",""2"",""3"",""1"",""2"",""3"",""3"",""3"",""1"",""1"",""2"",""2"",""3"",""1"",""2"",""2"",""2"",""3"",""1"",""1"",""2"",""3"",""3"",""1"",""2"",""2"",""3"",""3"",""1"",""1"",""1"",""2"",""3"",""1"",""2"",""3"",""3"",""3"",""1"",""1"",""2"",""2"",""3"",""1"",""2"",""2"",""2"",""3"",""1"",""1"",""2"",""3"",""3"",""1"",""2"",""2"",""3"",""3"",""1"",""1"",""1"",""2"",""3"",""1"",""2"",""3"",""3"",""3"",""1"",""1"",""2"",""2"",""3"",""1"",""2"",""2"",""2"",""3"",""1"",""1"",""2"",""3"",""3"",""1"",""2"",""2"",""3"",""3"",""1"",""1"",""1"",""2"",""3"",""1"",""2"",""3"",""3"",""3"",""1"",""1"",""2"",""2"",""3"",""1"",""2"",""2"",""2"",""3"",""1"",""1"",""2"",""3"",""3"",""1"",""2"",""2"",""3"",""3"",""1"",""1"",""1"",""2"",""3"",""1"",""2"",""3"",""3"",""3"",""1"",""1"",""2"",""2"",""3"",""1"",""2"",""2"",""2"",""3"",""1"",""1"",""2"",""3"",""3"",""1"",""2"",""2"",""3"",""3"",""1"",""1"",""1"",""2"",""3"",""1"",""2"",""3"",""3"",""3"",""1"",""1"",""2"",""2"",""3"",""1"",""2"",""2"",""2"",""3"",""1"",""1"",""2"",""3"",""3"",""1"",""2"",""2"",""3"",""3"",""1"",""1"",""1"",""2"",""3"",""1"",""2"",""3"",""3"",""3"",""1"",""1"",""2"",""2"",""3"",""1"",""2"",""2"",""2"",""3"",""1"",""1"",""2"",""3"",""3"",""1"",""2"",""2"",""3"",""3"",""1"",""1"",""1"",""2"",""3"",""1"",""2"",""3"",""3"",""3"",""1"",""1"",""2"",""2"",""3"",""1"",""2"",""2"",""2"",""3"",""1"",""1"",""2"",""3"",""3"",""1"",""2"",""2"",""3"",""3"",""1"",""1"",""1"",""2"",""3"",""1"",""2"",""3"",""3"",""3"",""1"",""1"",""2"",""2"",""3"",""1"",""2"",""2"",""2"",""3"",""1"",""1"",""2"",""3"",""3"",""1"",""2"",""2"",""3"",""3"",""1"",""1"",""1"",""2"",""3"",""1"",""2"",""3"",""3"",""3"",""1"",""1"",""2"",""2"",""3"",""1"",""2"",""2"",""2"",""3"",""1"",""1"",""2"",""3"",""3"",""1"",""2"",""2"",""3"",""3"",""1"",""1"",""1"",""2"",""3"",""1"",""2"",""3"",""3"",""3"",""1"",""1"",""2"",""2"",""3"",""1"",""2"",""2"",""2"",""3"",""1"",""1"",""2"",""3"",""3"",""1"",""2"",""2"",""3"",""3"",""1"",""1"",""1"",""2"",""3"",""1"",""2"",""3"",""3"",""3"",""1"",""1"",""2"",""2"",""3"",""1"",""2"",""2"",""2"",""3"",""1"",""1"",""2"",""3"",""3"",""1"",""2"",""2"",""3"",""3"",""1"",""1"",""1"",""2"",""3"",""1"",""2"",""3"",""3"",""3"",""1"",""1"",""2"",""2"",""3"",""1"",""2"",""2"",""2"",""3"",""1"",""1"",""2"",""3"",""3"",""1"",""2"",""2"",""3"",""3"",""1"",""1"",""1"",""2"",""3"",""1"",""2"",""3"",""3"",""3"",""1"",""1"",""2"",""2"",""3"",""1"",""2"",""2"",""2"",""3"",""1"",""1"",""2"",""3"",""3"",""1"",""2"",""2"",""3"",""3"",""1"",""1"",""1"",""2"",""3"",""1"",""2"",""3"",""3"",""3"",""1"",""1"",""2"",""2"",""3"",""1"",""2"",""2"",""2"",""3"",""1"",""1"",""2"",""3"",""3"",""1"",""2"",""2"",""3"",""3"",""1"",""1"",""1"",""2"",""3"",""1"",""2"",""3"",""3"",""3"",""1"",""1"",""2"",""2"",""3"",""1"",""2"",""2"",""2"",""3"",""1"",""1"",""2"",""3"",""3"",""1"",""2"",""2"",""3"",""3"",""1"",""1"",""1"",""2"",""3"",""1"",""2"",""3"",""3"",""3"",""1"",""1"",""2"",""2"",""3"",""1"",""2"",""2"",""2"",""3"",""1"",""1"",""2"",""3"",""3"",""1"",""2"",""2"",""3"",""3"",""1"",""1"",""1"",""2"",""3"",""1"",""2"",""3"",""3"",""3"",""1"",""1"",""2"",""2"",""3"",""1"",""2"",""2"",""2"",""3"",""1"",""1"",""2"",""3"",""3"",""1"",""2"",""2"",""3"",""3"",""1"",""1"",""1"",""2"",""3"",""1"",""2"",""3"",""3"",""3"",""1"",""1"",""2"",""2"",""3"",""1"",""2"",""2"",""2"",""3"",""1"",""1"",""2"",""3"",""3"",""1"",""2"",""2"",""3"",""3"",""1"",""1"",""1"",""2"",""3"",""1"",""2"",""3"",""3"",""3"",""1"",""1"",""2"",""2"",""3"",""1"",""2"",""2"",""2"",""3"",""1"",""1"",""2"",""3"",""3"",""1"",""2"",""2"",""3"",""3"",""1"",""1"",""1"",""2"",""3"",""1"",""2"",""3"",""3"",""3"",""1"",""1"",""2"",""2"",""3"",""1"",""2"",""2"",""2"",""3"",""1"",""1"",""2"",""3"",""3"",""1"",""2"",""2"",""3"",""3"",""1"",""1"",""1"",""2"",""3"",""1"",""2"",""3"",""3"",""3"",""1"",""1"",""2"",""2"",""3"",""1"",""2"",""2"",""2"",""3"",""1"",""1"",""2"",""3"",""3"",""1"",""2"",""2"",""3"",""3"",""1"",""1"",""1"",""2"",""3"",""1"",""2"",""3"",""3"",""3"",""1"",""1"",""2"",""2"",""3"",""1"",""2"",""2"",""2"",""3"",""1"",""1"",""2"",""3"",""3"",""1"",""2"",""2"",""3"",""3"",""1"",""1"",""1"",""2"",""3"",""1"",""2"",""3"",""3"",""3"",""1"",""1"",""2"",""2"",""3"",""1"",""2"",""2"",""2"",""3"",""1"",""1"",""2"",""3"",""3"",""1"",""2"",""2"",""3"",""3"",""1"",""1"",""1"",""2"",""3"",""1"",""2"",""3"",""3"",""3"",""1"",""1"",""2"",""2"",""3"",""1"",""2"",""2"",""2"",""3"",""1"",""1"",""2"",""3"",""3"",""1"",""2"",""2"",""3"",""3"",""1"",""1"",""1"",""2"",""3"",""1"",""2"",""3"",""3"",""3"",""1"",""1"",""2"",""2"",""3"",""1"",""2"",""2"",""2"",""3"",""1"",""1"",""2"",""3"",""3"",""1"",""2"",""2"",""3"",""3"",""1"",""1"",""1"",""2"",""3"",""1"",""2"",""3"",""3"",""3"",""1"",""1"",""2"",""2"",""3"",""1"",""2"",""2"",""2"",""3"",""1"",""1"",""2"",""3"",""3"",""1"",""2"",""2"",""3"",""3"",""1"",""1"",""1"",""2"",""3"",""1"",""2"",""3"",""3"",""3"",""1"",""1"",""2"",""2"",""3"",""1"",""2"",""2"",""2"",""3"",""1"",""1"",""2"",""3"",""3"",""1"",""2"",""2"",""3"",""3"",""1"",""1"",""1"",""2"",""3"",""1"",""2"",""3"",""3"",""3"",""1"",""1"",""2"",""2"",""3"",""1"",""2"",""2"",""2"",""3"",""1"",""1"",""2"",""3"",""3"",""1"",""2"",""2"",""3"",""3"",""1"",""1"",""1"",""2"",""3"",""1"",""2"",""3"",""3"",""3"",""1"",""1"",""2"",""2"",""3"",""1"",""2"",""2"",""2"",""3"",""1"",""1"",""2"",""3"",""3"",""1"",""2"",""2"",""3"",""3"",""1"",""1"",""1"",""2"",""3"",""1"",""2"",""3"",""3"",""3"",""1"",""1"",""2"",""2"",""3"",""1"",""2"",""2"",""2"",""3"",""1"",""1"",""2"",""3"",""3"",""1"",""2"",""2"",""3"",""3"",""1"",""1"",""1"",""2"",""3"",""1"",""2"",""3"",""3"",""3"",""1"",""1"",""2"",""2"",""3"",""1"",""2"",""2"",""2"",""3"",""1"",""1"",""2"",""3"",""3"",""1"",""2"",""2"",""3"",""3"",""1"",""1"",""1"",""2"",""3"",""1"",""2"",""3"",""3"",""3"",""1"",""1"",""2"",""2"",""3"",""1"",""2"",""2"",""2"",""3"",""1"",""1"",""2"",""3"",""3"",""1"",""2"",""2"",""3"",""3"",""1"",""1"",""1"",""2"",""3"",""1"",""2"",""3"",""3"",""3"",""1"",""1"",""2"",""2"",""3"",""1"",""2"",""2"",""2"",""3"",""1"",""1"",""2"",""3"",""3"",""1"",""2"",""2"",""3"",""3"",""1"",""1"",""1"",""2"",""3"",""1"",""2"",""3"",""3"",""3"",""1"",""1"",""2"",""2"",""3"",""1"",""2"",""2"",""2"",""3"",""1"",""1"",""2"",""3"",""3"",""1"",""2"",""2"",""3"",""3"",""1"",""1"",""1"",""2"",""3"",""1"",""2"",""3"",""3"",""3"",""1"",""1"",""2"",""2"",""3"",""1"",""2"",""2"",""2"",""3"",""1"",""1"",""2"",""3"",""3"",""1"",""2"",""2"",""3"",""3"",""1"",""1"",""1"",""2"",""3"",""1"",""2"",""3"",""3"",""3"",""1"",""1"",""2"",""2"",""3"",""1"",""2"",""2"",""2"",""3"",""1"",""1"",""2"",""3"",""3"",""1"",""2"",""2"",""3"",""3"",""1"",""1"",""1"",""2"",""3"",""1"",""2"",""3"",""3"",""3"",""1"",""1"",""2"",""2"",""3"",""1"",""2"",""2"",""2"",""3"",""1"",""1"",""2"",""3"",""3"",""1"",""2"",""2"",""3"",""3"",""1"",""1"",""1"",""2"",""3"",""1"",""2"",""3"",""3"",""3"",""1"",""1"",""2"",""2"",""3"",""1"",""2"",""2"",""2"",""3"",""1"",""1"",""2"",""3"",""3"",""1"",""2"",""2"",""3"",""3"",""1"",""1"",""1"",""2"",""3"",""1"",""2"",""3"",""3"",""3"",""1"",""1"",""2"",""2"",""3"",""1"",""2"",""2"",""2"",""3"",""1"",""1"",""2"",""3"",""3"",""1"",""2"",""2"",""3"",""3"",""1"",""1"",""1"",""2"",""3"",""1"",""2"",""3"",""3"",""3"",""1"",""1"",""2"",""2"",""3"",""1"",""2"",""2"",""2"",""3"",""1"",""1"",""2"",""3"",""3"",""1"",""2"",""2"",""3"",""3"",""1"",""1"",""1"",""2"",""3"",""1"",""2"",""3"",""3"",""3"",""1"",""1"",""2"",""2"",""3"",""1"",""2"",""2"",""2"",""3"",""1"",""1"",""2"",""3"",""3"",""1"",""2"",""2"",""3"",""3"",""1"",""1"",""1"",""2"",""3"",""1"",""2"",""3"",""3"",""3"",""1"",""1"",""2"",""2"",""3"",""1"",""2"",""2"",""2"",""3"",""1"",""1"",""2"",""3"",""3"",""1"",""2"",""2"",""3"",""3"",""1"",""1"",""1"",""2"",""3"",""1"",""2"",""3"",""3"",""3"",""1"",""1"",""2"",""2"",""3"",""1"",""2"",""2"",""2"",""3"",""1"",""1"",""2"",""3"",""3"",""1"",""2"",""2"",""3"",""3"",""1"",""1"",""1"",""2"",""3"",""1"",""2"",""3"",""3"",""3"",""1"",""1"",""2"",""2"",""3"",""1"",""2"",""2"",""2"",""3"",""1"",""1"",""2"",""3"",""3"",""1"",""2"",""2"",""3"",""3"",""1"",""1"",""1"",""2"",""3"",""1"",""2"",""3"",""3"",""3"",""1"",""1"",""2"",""2"",""3"",""1"",""2"",""2"",""2"",""3"",""1"",""1"",""2"",""3"",""3"",""1"",""2"",""2"",""3"",""3"",""1"",""1"",""1"",""2"",""3"",""1"",""2"",""3"",""3"",""3"",""1"",""1"",""2"",""2"",""3"",""1"",""2"",""2"",""2"",""3"",""1"",""1"",""2"",""3"",""3"",""1"",""2"",""2"",""3"",""3"",""1"",""1"",""1"",""2"",""3"",""1"",""2"",""3"",""3"",""3"",""1"",""1"",""2"",""2"",""3"",""1"",""2"",""2"",""2"",""3"",""1"",""1"",""2"",""3"",""3"",""1"",""2"",""2"",""3"",""3"",""1"",""1"",""1"",""2"",""3"",""1"",""2"",""3"",""3"",""3"",""1"",""1"",""2"",""2"",""3"",""1"",""2"",""2"",""2"",""3"",""1"",""1"",""2"",""3"",""3"",""1"",""2"",""2"",""3"",""3"",""1"",""1"",""1"",""2"",""3"",""1"",""2"",""3"",""3"",""3"",""1"",""1"",""2"",""2"",""3"",""1"",""2"",""2"",""2"",""3"",""1"",""1"",""2"",""3"",""3"",""1"",""2"",""2"",""3"",""3"",""1"",""1"",""1"",""2"",""3"",""1"",""2"",""3"",""3"",""3"",""1"",""1"",""2"",""2"",""3"",""1"",""2"",""2"",""2"",""3"",""1"",""1"",""2"",""3"",""3"",""1"",""2"",""2"",""3"",""3"",""1"",""1"",""1"",""2"",""3"",""1"",""2"",""3"",""3"",""3"",""1"",""1"",""2"",""2"",""3"",""1"",""2"",""2"",""2"",""3"",""1"",""1"",""2"",""3"",""3"",""1"",""2"",""2"",""3"",""3"",""1"",""1"",""1"",""2"",""3"",""1"",""2"",""3"",""3"",""3"",""1"",""1"",""2"",""2"",""3"",""1"",""2"",""2"",""2"",""3"",""1"",""1"",""2"",""3"",""3"",""1"",""2"",""2"",""3"",""3"",""1"",""1"",""1"",""2"",""3"",""1"",""2"",""3"",""3"",""3"",""1"",""1"",""2"",""2"",""3"",""1"",""2"",""2"",""2"",""3"",""1"",""1"",""2"",""3"",""3"",""1"",""2"",""2"",""3"",""3"",""1"",""1"",""1"",""2"",""3"",""1"",""2"",""3"",""3"",""3"",""1"",""1"",""2"",""2"",""3"",""1"",""2"",""2"",""2"",""3"",""1"",""1"",""2"",""3"",""3"",""1"",""2"",""2"",""3"",""3"",""1"",""1"",""1"",""2"",""3"",""1"",""2"",""3"",""3"",""3"",""1"",""1"",""2"",""2"",""3"",""1"",""2"",""2"",""2"",""3"",""1"",""1"",""2"",""3"",""3"",""1"",""2"",""2"",""3"",""3"",""1"",""1"",""1"",""2"",""3"",""1"",""2"",""3"",""3"",""3"",""1"",""1"",""2"",""2"",""3"",""1"",""2"",""2"",""2"",""3"",""1"",""1"",""2"",""3"",""3"",""1"",""2"",""2"",""3"",""3"",""1"",""1"",""1"",""2"",""3"",""1"",""2"",""3"",""3"",""3"",""1"",""1"",""2"",""2"",""3"",""1"",""2"",""2"",""2"",""3"",""1"",""1"",""2"",""3"",""3"",""1"",""2"",""2"",""3"",""3"",""1"",""1"",""1"",""2"",""3"",""1"",""2"",""3"",""3"",""3"",""1"",""1"",""2"",""2"",""3"",""1"",""2"",""2"",""2"",""3"",""1"",""1"",""2"",""3"",""3"",""1"",""2"",""2"",""3"",""3"",""1"",""1"",""1"",""2"",""3"",""1"",""2"",""3"",""3"",""3"",""1"",""1"",""2"",""2"",""3"",""1"",""2"",""2"",""2"",""3"",""1"",""1"",""2"",""3"",""3"",""1"",""2"",""2"",""3"",""3"",""1"",""1"",""1"",""2"",""3"",""1"",""2"",""3"",""3"",""3"",""1"",""1"",""2"",""2"",""3"",""1"",""2"",""2"",""2"",""3"",""1"",""1"",""2"",""3"",""3"",""1"",""2"",""2"",""3"",""3"",""1"",""1"",""1"",""2"",""3"",""1"",""2"",""3"",""3"",""3"",""1"",""1"",""2"",""2"",""3"",""1"",""2"",""2"",""2"",""3"",""1"",""1"",""2"",""3"",""3"",""1"",""2"",""2"",""3"",""3"",""1"",""1"",""1"",""2"",""3"",""1"",""2"",""3"",""3"",""3"",""1"",""1"",""2"",""2"",""3"",""1"",""2"",""2"",""2"",""3"",""1"",""1"",""2"",""3"",""3"",""1"",""2"",""2"",""3"",""3"",""1"",""1"",""1"",""2"",""3"",""1"",""2"",""3"",""3"",""3"",""1"",""1"",""2"",""2"",""3"",""1"",""2"",""2"",""2"",""3"",""1"",""1"",""2"",""3"",""3"",""1"",""2"",""2"",""3"",""3"",""1"",""1"",""1"",""2"",""3"",""1"",""2"",""3"",""3"",""3"",""1"",""1"",""2"",""2"",""3"",""1"",""2"",""2"",""2"",""3"",""1"",""1"",""2"",""3"",""3"",""1"",""2"",""2"",""3"",""3"",""1"",""1"",""1"",""2"",""3"",""1"",""2"",""3"",""3"",""3"",""1"",""1"",""2"",""2"",""3"",""1"",""2"",""2"",""2"",""3"",""1"",""1"",""2"",""3"",""3"",""1"",""2"",""2"",""3"",""3"",""1"",""1"",""1"",""2"",""3"",""1"",""2"",""3"",""3"",""3"",""1"",""1"",""2"",""2"",""3"",""1"",""2"",""2"",""2"",""3"",""1"",""1"",""2"",""3"",""3"",""1"",""2"",""2"",""3"",""3"",""1"",""1"",""1"",""2"",""3"",""1"",""2"",""3"",""3"",""3"",""1"",""1"",""2"",""2"",""3"",""1"",""2"",""2"",""2"",""3"",""1"",""1"",""2"",""3"",""3"",""1"",""2"",""2"",""3"",""3"",""1"",""1"",""1"",""2"",""3"",""1"",""2"",""3"",""3"",""3"",""1"",""1"",""2"",""2"",""3"",""1"",""2"",""2"",""2"",""3"",""1"",""1"",""2"",""3"",""3"",""1"",""2"",""2"",""3"",""3"",""1"",""1"",""1"",""2"",""3"",""1"",""2"",""3"",""3"",""3"",""1"",""1"",""2"",""2"",""3"",""1"",""2"",""2"",""2"",""3"",""1"",""1"",""2"",""3"",""3"",""1"",""2"",""2"",""3"",""3"",""1"",""1"",""1"",""2"",""3"",""1"",""2"",""3"",""3"",""3"",""1"",""1"",""2"",""2"",""3"",""1"",""2"",""2"",""2"",""3"",""1"",""1"",""2"",""3"",""3"",""1"",""2"",""2"",""3"",""3"",""1"",""1"",""1"",""2"",""3"",""1"",""2"",""3"",""3"",""3"",""1"",""1"",""2"",""2"",""3"",""1"",""2"",""2"",""2"",""3"",""1"",""1"",""2"",""3"",""3"",""1"",""2"",""2"",""3"",""3"",""1"",""1"",""1"",""2"",""3"",""1"",""2"",""3"",""3"",""3"",""1"",""1"",""2"",""2"",""3"",""1"",""2"",""2"",""2"",""3"",""1"",""1"",""2"",""3"",""3"",""1"",""2"",""2"",""3"",""3"",""1"",""1"",""1"",""2"",""3"",""1"",""2"",""3"",""3"",""3"",""1"",""1"",""2"",""2"",""3"",""1"",""2"",""2"",""2"",""3"",""1"",""1"",""2"",""3"",""3"",""1"",""2"",""2"",""3"",""3"",""1"",""1"",""1"",""2"",""3"",""1"",""2"",""3"",""3"",""3"",""1"",""1"",""2"",""2"",""3"",""1"",""2"",""2"",""2"",""3"",""1"",""1"",""2"",""3"",""3"",""1"",""2"",""2"",""3"",""3"",""1"",""1"",""1"",""2"",""3"",""1"",""2"",""3"",""3"",""3"",""1"",""1"",""2"",""2"",""3"",""1"",""2"",""2"",""2"",""3"",""1"",""1"",""2"",""3"",""3"",""1"",""2"",""2"",""3"",""3"",""1"",""1"",""1"",""2"",""3"",""1"",""2"",""3"",""3"",""3"",""1"",""1"",""2"",""2"",""3"",""1"",""2"",""2"",""2"",""3"",""1"",""1"",""2"",""3"",""3"",""1"",""2"",""2"",""3"",""3"",""1"",""1"",""1"",""2"",""3"",""1"",""2"",""3"",""3"",""3"",""1"",""1"",""2"",""2"",""3"",""1"",""2"",""2"",""2"",""3"",""1"",""1"",""2"",""3"",""3"",""1"",""2"",""2"",""3"",""3"",""1"",""1"",""1"",""2"",""3"",""1"",""2"",""3"",""3"",""3"",""1"",""1"",""2"",""2"",""3"",""1"",""2"",""2"",""2"",""3"",""1"",""1"",""2"",""3"",""3"",""1"",""2"",""2"",""3"",""3"",""1"",""1"",""1"",""2"",""3"",""1"",""2"",""3"",""3"",""3"",""1"",""1"",""2"",""2"",""3"",""1"",""2"",""2"",""2"",""3"",""1"",""1"",""2"",""3"",""3"",""1"",""2"",""2"",""3"",""3"",""1"",""1"",""1"",""2"",""3"",""1"",""2"",""3"",""3"",""3"",""1"",""1"",""2"",""2"",""3"",""1"",""2"",""2"",""2"",""3"",""1"",""1"",""2"",""3"",""3"",""1"",""2"",""2"",""3"",""3"",""1"",""1"",""1"",""2"",""3"",""1"",""2"",""3"",""3"",""3"",""1"",""1"",""2"",""2"",""3"",""1"",""2"",""2"",""2"",""3"",""1"",""1"",""2"",""3"",""3"",""1"",""2"",""2"",""3"",""3"",""1"",""1"",""1"",""2"",""3"",""1"",""2"",""3"",""3"",""3"",""1"",""1"",""2"",""2"",""3"",""1"",""2"",""2"",""2"",""3"",""1"",""1"",""2"",""3"",""3"",""1"",""2"",""2"",""3"",""3"",""1"",""1"",""1"",""2"",""3"",""1"",""2"",""3"",""3"",""3"",""1"",""1"",""2"",""2"",""3"",""1"",""2"",""2"",""2"",""3"",""1"",""1"",""2"",""3"",""3"",""1"",""2"",""2"",""3"",""3"",""1"",""1"",""1"",""2"",""3"",""1"",""2"",""3"",""3"",""3"",""1"",""1"",""2"",""2"",""3"",""1"",""2"",""2"",""2"",""3"",""1"",""1"",""2"",""3"",""3"",""1"",""2"",""2"",""3"",""3"",""1"",""1"",""1"",""2"",""3"",""1"",""2"",""3"",""3"",""3"",""1"",""1"",""2"",""2"",""3"",""1"",""2"",""2"",""2"",""3"",""1"",""1"",""2"",""3"",""3"",""1"",""2"",""2"",""3"",""3"",""1"",""1"",""1"",""2"",""3"",""1"",""2"",""3"",""3"",""3"",""1"",""1"",""2"",""2"",""3"",""1"",""2"",""2"",""2"",""3"",""1"",""1"",""2"",""3"",""3"",""1"",""2"",""2"",""3"",""3"",""1"",""1"",""1"",""2"",""3"",""1"",""2"",""3"",""3"",""3"",""1"",""1"",""2"",""2"",""3"",""1"",""2"",""2"",""2"",""3"",""1"",""1"",""2"",""3"",""3"",""1"",""2"",""2"",""3"",""3"",""1"",""1"",""1"",""2"",""3"",""1"",""2"",""3"",""3"",""3"",""1"",""1"",""2"",""2"",""3"",""1"",""2"",""2"",""2"",""3"",""1"",""1"",""2"",""3"",""3"",""1"",""2"",""2"",""3"",""3"",""1"",""1"",""1"",""2"",""3"",""1"",""2"",""3"",""3"",""3"",""1"",""1"",""2"",""2"",""3"",""1"",""2"",""2"",""2"",""3"",""1"",""1"",""2"",""3"",""3"",""1"",""2"",""2"",""3"",""3"",""1"",""1"",""1"",""2"",""3"",""1"",""2"",""3"",""3"",""3"",""1"",""1"",""2"",""2"",""3"",""1"",""2"",""2"",""2"",""3"",""1"",""1"",""2"",""3"",""3"",""1"",""2"",""2"",""3"",""3"",""1"",""1"",""1"",""2"",""3"",""1"",""2"",""3"",""3"",""3"",""1"",""1"",""2"",""2"",""3"",""1"",""2"",""2"",""2"",""3"",""1"",""1"",""2"",""3"",""3"",""1"",""2"",""2"",""3"",""3"",""1"",""1"",""1"",""2"",""3"",""1"",""2"",""3"",""3"",""3"",""1"",""1"",""2"",""2"",""3"",""1"",""2"",""2"",""2"",""3"",""1"",""1"",""2"",""3"",""3"",""1"",""2"",""2"",""3"",""3"",""1"",""1"",""1"",""2"",""3"",""1"",""2"",""3"",""3"",""3"",""1"",""1"",""2"",""2"",""3"",""1"",""2"",""2"",""2"",""3"",""1"",""1"",""2"",""3"",""3"",""1"",""2"",""2"",""3"",""3"",""1"",""1"",""1"",""2"",""3"",""1"",""2"",""3"",""3"",""3"",""1"",""1"",""2"",""2"",""3"",""1"",""2"",""2"",""2"",""3"",""1"",""1"",""2"",""3"",""3"",""1"",""2"",""2"",""3"",""3"",""1"",""1"",""1"",""2"",""3"",""1"",""2"",""3"",""3"",""3"",""1"",""1"",""2"",""2"",""3"",""1"",""2"",""2"",""2"",""3"",""1"",""1"",""2"",""3"",""3"",""1"",""2"",""2"",""3"",""3"",""1"",""1"",""1"",""2"",""3"",""1"",""2"",""3"",""3"",""3"",""1"",""1"",""2"",""2"",""3"",""1"",""2"",""2"",""2"",""3"",""1"",""1"",""2"",""3"",""3"",""1"",""2"",""2"",""3"",""3"",""1"",""1"",""1"",""2"",""3"",""1"",""2"",""3"",""3"",""3"",""1"",""1"",""2"",""2"",""3"",""1"",""2"",""2"",""2"",""3"",""1"",""1"",""2"",""3"",""3"",""1"",""2"",""2"",""3"",""3"",""1"",""1"",""1"",""2"",""3"",""1"",""2"",""3"",""3"",""3"",""1"",""1"",""2"",""2"",""3"",""1"",""2"",""2"",""2"",""3"",""1"",""1"",""2"",""3"",""3"",""1"",""2"",""2"",""3"",""3"",""1"",""1"",""1"",""2"",""3"",""1"",""2"",""3"",""3"",""3"",""1"",""1"",""2"",""2"",""3"",""1"",""2"",""2"",""2"",""3"",""1"",""1"",""2"",""3"",""3"",""1"",""2"",""2"",""3"",""3"",""1"",""1"",""1"",""2"",""3"",""1"",""2"",""3"",""3"",""3"",""1"",""1"",""2"",""2"",""3"",""1"",""2"",""2"",""2"",""3"",""1"",""1"",""2"",""3"",""3"",""1"",""2"",""2"",""3"",""3"",""1"",""1"",""1"",""2"",""3"",""1"",""2"",""3"",""3"",""3"",""1"",""1"",""2"",""2"",""3"",""1"",""2"",""2"",""2"",""3"",""1"",""1"",""2"",""3"",""3"",""1"",""2"",""2"",""3"",""3"",""1"",""1"",""1"",""2"",""3"",""1"",""2"",""3"",""3"",""3"",""1"",""1"",""2"",""2"",""3"",""1"",""2"",""2"",""2"",""3"",""1"",""1"",""2"",""3"",""3"",""1"",""2"",""2"",""3"",""3"",""1"",""1"",""1"",""2"",""3"",""1"",""2"",""3"",""3"",""3"",""1"",""1"",""2"",""2"",""3"",""1"",""2"",""2"",""2"",""3"",""1"",""1"",""2"",""3"",""3"",""1"",""2"",""2"",""3"",""3"",""1"",""1"",""1"",""2"",""3"",""1"",""2"",""3"",""3"",""3"",""1"",""1"",""2"",""2"",""3"",""1"",""2"",""2"",""2"",""3"",""1"",""1"",""2"",""3"",""3"",""1"",""2"",""2"",""3"",""3"",""1"",""1"",""1"",""2"",""3"",""1"",""2"",""3"",""3"",""3"",""1"",""1"",""2"",""2"",""3"",""1"",""2"",""2"",""2"",""3"",""1"",""1"",""2"",""3"",""3"",""1"",""2"",""2"",""3"",""3"",""1"",""1"",""1"",""2"",""3"",""1"",""2"",""3"",""3"",""3"",""1"",""1"",""2"",""2"",""3"",""1"",""2"",""2"",""2"",""3"",""1"",""1"",""2"",""3"",""3"",""1"",""2"",""2"",""3"",""3"",""1"",""1"",""1"",""2"",""3"",""1"",""2"",""3"",""3"",""3"",""1"",""1"",""2"",""2"",""3"",""1"",""2"",""2"",""2"",""3"",""1"",""1"",""2"",""3"",""3"",""1"",""2"",""2"",""3"",""3"",""1"",""1"",""1"",""2"",""3"",""1"",""2"",""3"",""3"",""3"",""1"",""1"",""2"",""2"",""3"",""1"",""2"",""2"",""2"",""3"",""1"",""1"",""2"",""3"",""3"",""1"",""2"",""2"",""3"",""3"",""1"",""1"",""1"",""2"",""3"",""1"",""2"",""3"",""3"",""3"",""1"",""1"",""2"",""2"",""3"",""1"",""2"",""2"",""2"",""3"",""1"",""1"",""2"",""3"",""3"",""1"",""2"",""2"",""3"",""3"",""1"",""1"",""1"",""2"",""3"",""1"",""2"",""3"",""3"",""3"",""1"",""1"",""2"",""2"",""3"",""1"",""2"",""2"",""2"",""3"",""1"",""1"",""2"",""3"",""3"",""1"",""2"",""2"",""3"",""3"",""1"",""1"",""1"",""2"",""3"",""1"",""2"",""3"",""3"",""3"",""1"",""1"",""2"",""2"",""3"",""1"",""2"",""2"",""2"",""3"",""1"",""1"",""2"",""3"",""3"",""1"",""2"",""2"",""3"",""3"",""1"",""1"",""1"",""2"",""3"",""1"",""2"",""3"",""3"",""3"",""1"",""1"",""2"",""2"",""3"",""1"",""2"",""2"",""2"",""3"",""1"",""1"",""2"",""3"",""3"",""1"",""2"",""2"",""3"",""3"",""1"",""1"",""1"",""2"",""3"",""1"",""2"",""3"",""3"",""3"",""1"",""1"",""2"",""2"",""3"",""1"",""2"",""2"",""2"",""3"",""1"",""1"",""2"",""3"",""3"",""1"",""2"",""2"",""3"",""3"",""1"",""1"",""1"",""2"",""3"",""1"",""2"",""3"",""3"",""3"",""1"",""1"",""2"",""2"",""3"",""1"",""2"",""2"",""2"",""3"",""1"",""1"",""2"",""3"",""3"",""1"",""2"",""2"",""3"",""3"",""1"",""1"",""1"",""2"",""3"",""1"",""2"",""3"",""3"",""3"",""1"",""1"",""2"",""2"",""3"",""1"",""2"",""2"",""2"",""3"",""1"",""1"",""2"",""3"",""3"",""1"",""2"",""2"",""3"",""3"",""1"",""1"",""1"",""2"",""3"",""1"",""2"",""3"",""3"",""3"",""1"",""1"",""2"",""2"",""3"",""1"",""2"",""2"",""2"",""3"",""1"",""1"",""2"",""3"",""3"",""1"",""2"",""2"",""3"",""3"",""1"",""1"",""1"",""2"",""3"",""1"",""2"",""3"",""3"",""3"",""1"",""1"",""2"",""2"",""3"",""1"",""2"",""2"",""2"",""3"",""1"",""1"",""2"",""3"",""3"",""1"",""2"",""2"",""3"",""3"",""1"",""1"",""1"",""2"",""3"",""1"",""2"",""3"",""3"",""3"",""1"",""1"",""2"",""2"",""3"",""1"",""2"",""2"",""2"",""3"",""1"",""1"",""2"",""3"",""3"",""1"",""2"",""2"",""3"",""3"",""1"",""1"",""1"",""2"",""3"",""1"",""2"",""3"",""3"",""3"",""1"",""1"",""2"",""2"",""3"",""1"",""2"",""2"",""2"",""3"",""1"",""1"",""2"",""3"",""3"",""1"",""2"",""2"",""3"",""3"",""1"",""1"",""1"",""2"",""3"",""1"",""2"",""3"",""3"",""3"",""1"",""1"",""2"",""2"",""3"",""1"",""2"",""2"",""2"",""3"",""1"",""1"",""2"",""3"",""3"",""1"",""2"",""2"",""3"",""3"",""1"",""1"",""1"",""2"",""3"",""1"",""2"",""3"",""3"",""3"",""1"",""1"",""2"",""2"",""3"",""1"",""2"",""2"",""2"",""3"",""1"",""1"",""2"",""3"",""3"",""1"",""2"",""2"",""3"",""3"",""1"",""1"",""1"",""2"",""3"",""1"",""2"",""3"",""3"",""3"",""1"",""1"",""2"",""2"",""3"",""1"",""2"",""2"",""2"",""3"",""1"",""1"",""2"",""3"",""3"",""1"",""2"",""2"",""3"",""3"",""1"",""1"",""1"",""2"",""3"",""1"",""2"",""3"",""3"",""3"",""1"",""1"",""2"",""2"",""3"",""1"",""2"",""2"",""2"",""3"",""1"",""1"",""2"",""3"",""3"",""1"",""2"",""2"",""3"",""3"",""1"",""1"",""1"",""2"",""3"",""1"",""2"",""3"",""3"",""3"",""1"",""1"",""2"",""2"",""3"",""1"",""2"",""2"",""2"",""3"",""1"",""1"",""2"",""3"",""3"",""1"",""2"",""2"",""3"",""3"",""1"",""1"",""1"",""2"",""3"",""1"",""2"",""3"",""3"",""3"",""1"",""1"",""2"",""2"",""3"",""1"",""2"",""2"",""2"",""3"",""1"",""1"",""2"",""3"",""3"",""1"",""2"",""2"",""3"",""3"",""1"",""1"",""1"",""2"",""3"",""1"",""2"",""3"",""3"",""3"",""1"",""1"",""2"",""2"",""3"",""1"",""2"",""2"",""2"",""3"",""1"",""1"",""2"",""3"",""3"",""1"",""2"",""2"",""3"",""3"",""1"",""1"",""1"",""2"",""3"",""1"",""2"",""3"",""3"",""3"",""1"",""1"",""2"",""2"",""3"",""1"",""2"",""2"",""2"",""3"",""1"",""1"",""2"",""3"",""3"",""1"",""2"",""2"",""3"",""3"",""1"",""1"",""1"",""2"",""3"",""1"",""2"",""3"",""3"",""3"",""1"",""1"",""2"",""2"",""3"",""1"",""2"",""2"",""2"",""3"",""1"",""1"",""2"",""3"",""3"",""1"",""2"",""2"",""3"",""3"",""1"",""1"",""1"",""2"",""3"",""1"",""2"",""3"",""3"",""3"",""1"",""1"",""2"",""2"",""3"",""1"",""2"",""2"",""2"",""3"",""1"",""1"",""2"",""3"",""3"",""1"",""2"",""2"",""3"",""3"",""1"",""1"",""1"",""2"",""3"",""1"",""2"",""3"",""3"",""3"",""1"",""1"",""2"",""2"",""3"",""1"",""2"",""2"",""2"",""3"",""1"",""1"",""2"",""3"",""3"",""1"",""2"",""2"",""3"",""3"",""1"",""1"",""1"",""2"",""3"",""1"",""2"",""3"",""3"",""3"",""1"",""1"",""2"",""2"",""3"",""1"",""2"",""2"",""2"",""3"",""1"",""1"",""2"",""3"",""3"",""1"",""2"",""2"",""3"",""3"",""1"",""1"",""1"",""2"",""3"",""1"",""2"",""3"",""3"",""3"",""1"",""1"",""2"",""2"",""3"",""1"",""2"",""2"",""2"",""3"",""1"",""1"",""2"",""3"",""3"",""1"",""2"",""2"",""3"",""3"",""1"",""1"",""1"",""2"",""3"",""1"",""2"",""3"",""3"",""3"",""1"",""1"",""2"",""2"",""3"",""1"",""2"",""2"",""2"",""3"",""1"",""1"",""2"",""3"",""3"",""1"",""2"",""2"",""3"",""3"",""1"",""1"",""1"",""2"",""3"",""1"",""2"",""3"",""3"",""3"",""1"",""1"",""2"",""2"",""3"",""1"",""2"",""2"",""2"",""3"",""1"",""1"",""2"",""3"",""3"",""1"",""2"",""2"",""3"",""3"",""1"",""1"",""1"",""2"",""3"",""1"",""2"",""3"",""3"",""3"",""1"",""1"",""2"",""2"",""3"",""1"",""2"",""2"",""2"",""3"",""1"",""1"",""2"",""3"",""3"",""1"",""2"",""2"",""3"",""3"",""1"",""1"",""1"",""2"",""3"",""1"",""2"",""3"",""3"",""3"",""1"",""1"",""2"",""2"",""3"",""1"",""2"",""2"",""2"",""3"",""1"",""1"",""2"",""3"",""3"",""1"",""2"",""2"",""3"",""3"",""1"",""1"",""1"",""2"",""3"",""1"",""2"",""3"",""3"",""3"",""1"",""1"",""2"",""2"",""3"",""1"",""2"",""2"",""2"",""3"",""1"",""1"",""2"",""3"",""3"",""1"",""2"",""2"",""3"",""3"",""1"",""1"",""1"",""2"",""3"",""1"",""2"",""3"",""3"",""3"",""1"",""1"",""2"",""2"",""3"",""1"",""2"",""2"",""2"",""3"",""1"",""1"",""2"",""3"",""3"",""1"",""2"",""2"",""3"",""3"",""1"",""1"",""1"",""2"",""3"",""1"",""2"",""3"",""3"",""3"",""1"",""1"",""2"",""2"",""3"",""1"",""2"",""2"",""2"",""3"",""1"",""1"",""2"",""3"",""3"",""1"",""2"",""2"",""3"",""3"",""1"",""1"",""1"",""2"",""3"",""1"",""2"",""3"",""3"",""3"",""1"",""1"",""2"",""2"",""3"",""1"",""2"",""2"",""2"",""3"",""1"",""1"",""2"",""3"",""3"",""1"",""2"",""2"",""3"",""3"",""1"",""1"",""1"",""2"",""3"",""1"",""2"",""3"",""3"",""3"",""1"",""1"",""2"",""2"",""3"",""1"",""2"",""2"",""2"",""3"",""1"",""1"",""2"",""3"",""3"",""1"",""2"",""2"",""3"",""3"",""1"",""1"",""1"",""2"",""3"",""1"",""2"",""3"",""3"",""3"",""1"",""1"",""2"",""2"",""3"",""1"",""2"",""2"",""2"",""3"",""1"",""1"",""2"",""3"",""3"",""1"",""2"",""2"",""3"",""3"",""1"",""1"",""1"",""2"",""3"",""1"",""2"",""3"",""3"",""3"",""1"",""1"",""2"",""2"",""3"",""1"",""2"",""2"",""2"",""3"",""1"",""1"",""2"",""3"",""3"",""1"",""2"",""2"",""3"",""3"",""1"",""1"",""1"",""2"",""3"",""1"",""2"",""3"",""3"",""3"",""1"",""1"",""2"",""2"",""3"",""1"",""2"",""2"",""2"",""3"",""1"",""1"",""2"",""3"",""3"",""1"",""2"",""2"",""3"",""3"",""1"",""1"",""1"",""2"",""3"",""1"",""2"",""3"",""3"",""3"",""1"",""1"",""2"",""2"",""3"",""1"",""2"",""2"",""2"",""3"",""1"",""1"",""2"",""3"",""3"",""1"",""2"",""2"",""3"",""3"",""1"",""1"",""1"",""2"",""3"",""1"",""2"",""3"",""3"",""3"",""1"",""1"",""2"",""2"",""3"",""1"",""2"",""2"",""2"",""3"",""1"",""1"",""2"",""3"",""3"",""1"",""2"",""2"",""3"",""3"",""1"",""1"",""1"",""2"",""3"",""1"",""2"",""3"",""3"",""3"",""1"",""1"",""2"",""2"",""3"",""1"",""2"",""2"",""2"",""3"",""1"",""1"",""2"",""3"",""3"",""1"",""2"",""2"",""3"",""3"",""1"",""1"",""1"",""2"",""3"",""1"",""2"",""3"",""3"",""3"",""1"",""1"",""2"",""2"",""3"",""1"",""2"",""2"",""2"",""3"",""1"",""1"",""2"",""3"",""3"",""1"",""2"",""2"",""3"",""3"",""1"",""1"",""1"",""2"",""3"",""1"",""2"",""3"",""3"",""3"",""1"",""1"",""2"",""2"",""3"",""1"",""2"",""2"",""2"",""3"",""1"",""1"",""2"",""3"",""3"",""1"",""2"",""2"",""3"",""3"",""1"",""1"",""1"",""2"",""3"",""1"",""2"",""3"",""3"",""3"",""1"",""1"",""2"",""2"",""3"",""1"",""2"",""2"",""2"",""3"",""1"",""1"",""2"",""3"",""3"",""1"",""2"",""2"",""3"",""3"",""1"",""1"",""1"",""2"",""3"",""1"",""2"",""3"",""3"",""3"",""1"",""1"",""2"",""2"",""3"",""1"",""2"",""2"",""2"",""3"",""1"",""1"",""2"",""3"",""3"",""1"",""2"",""2"",""3"",""3"",""1"",""1"",""1"",""2"",""3"",""1"",""2"",""3"",""3"",""3"",""1"",""1"",""2"",""2"",""3"",""1"",""2"",""2"",""2"",""3"",""1"",""1"",""2"",""3"",""3"",""1"",""2"",""2"",""3"",""3"",""1"",""1"",""1"",""2"",""3"",""1"",""2"",""3"",""3"",""3"",""1"",""1"",""2"",""2"",""3"",""1"",""2"",""2"",""2"",""3"",""1"",""1"",""2"",""3"",""3"",""1"",""2"",""2"",""3"",""3"",""1"",""1"",""1"",""2"",""3"",""1"",""2"",""3"",""3"",""3"",""1"",""1"",""2"",""2"",""3"",""1"",""2"",""2"",""2"",""3"",""1"",""1"",""2"",""3"",""3"",""1"",""2"",""2"",""3"",""3"",""1"",""1"",""1"",""2"",""3"",""1"",""2"",""3"",""3"",""3"",""1"",""1"",""2"",""2"",""3"",""1"",""2"",""2"",""2"",""3"",""1"",""1"",""2"",""3"",""3"",""1"",""2"",""2"",""3"",""3"",""1"",""1"",""1"",""2"",""3"",""1"",""2"",""3"",""3"",""3"",""1"",""1"",""2"",""2"",""3"",""1"",""2"",""2"",""2"",""3"",""1"",""1"",""2"",""3"",""3"",""1"",""2"",""2"",""3"",""3"",""1"",""1"",""1"",""2"",""3"",""1"",""2"",""3"",""3"",""3"",""1"",""1"",""2"",""2"",""3"",""1"",""2"",""2"",""2"",""3"",""1"",""1"",""2"",""3"",""3"",""1"",""2"",""2"",""3"",""3"",""1"",""1"",""1"",""2"",""3"",""1"",""2"",""3"",""3"",""3"",""1"",""1"",""2"",""2"",""3"",""1"",""2"",""2"",""2"",""3"",""1"",""1"",""2"",""3"",""3"",""1"",""2"",""2"",""3"",""3"",""1"",""1"",""1"",""2"",""3"",""1"",""2"",""3"",""3"",""3"",""1"",""1"",""2"",""2"",""3"",""1"",""2"",""2"",""2"",""3"",""1"",""1"",""2"",""3"",""3"",""1"",""2"",""2"",""3"",""3"",""1"",""1"",""1"",""2"",""3"",""1"",""2"",""3"",""3"",""3"",""1"",""1"",""2"",""2"",""3"",""1"",""2"",""2"",""2"",""3"",""1"",""1"",""2"",""3"",""3"",""1"",""2"",""2"",""3"",""3"",""1"",""1"",""1"",""2"",""3"",""1"",""2"",""3"",""3"",""3"",""1"",""1"",""2"",""2"",""3"",""1"",""2"",""2"",""2"",""3"",""1"",""1"",""2"",""3"",""3"",""1"",""2"",""2"",""3"",""3"",""1"",""1"",""1"",""2"",""3"",""1"",""2"",""3"",""3"",""3"",""1"",""1"",""2"",""2"",""3"",""1"",""2"",""2"",""2"",""3"",""1"",""1"",""2"",""3"",""3"",""1"",""2"",""2"",""3"",""3"",""1"",""1"",""1"",""2"",""3"",""1"",""2"",""3"",""3"",""3"",""1"",""1"",""2"",""2"",""3"",""1"",""2"",""2"",""2"",""3"",""1"",""1"",""2"",""3"",""3"",""1"",""2"",""2"",""3"",""3"",""1"",""1"",""1"",""2"",""3"",""1"",""2"",""3"",""3"",""3"",""1"",""1"",""2"",""2"",""3"",""1"",""2"",""2"",""2"",""3"",""1"",""1"",""2"",""3"",""3"",""1"",""2"",""2"",""3"",""3"",""1"",""1"",""1"",""2"",""3"",""1"",""2"",""3"",""3"",""3"",""1"",""1"",""2"",""2"",""3"",""1"",""2"",""2"",""2"",""3"",""1"",""1"",""2"",""3"",""3"",""1"",""2"",""2"",""3"",""3"",""1"",""1"",""1"",""2"",""3"",""1"",""2"",""3"",""3"",""3"",""1"",""1"",""2"",""2"",""3"",""1"",""2"",""2"",""2"",""3"",""1"",""1"",""2"",""3"",""3"",""1"",""2"",""2"",""3"",""3"",""1"",""1"",""1"",""2"",""3"",""1"",""2"",""3"",""3"",""3"",""1"",""1"",""2"",""2"",""3"",""1"",""2"",""2"",""2"",""3"",""1"",""1"",""2"",""3"",""3"",""1"",""2"",""2"",""3"",""3"",""1"",""1"",""1"",""2"",""3"",""1"",""2"",""3"",""3"",""3"",""1"",""1"",""2"",""2"",""3"",""1"",""2"",""2"",""2"",""3"",""1"",""1"",""2"",""3"",""3"",""1"",""2"",""2"",""3"",""3"",""1"",""1"",""1"",""2"",""3"",""1"",""2"",""3"",""3"",""3"",""1"",""1"",""2"",""2"",""3"",""1"",""2"",""2"",""2"",""3"",""1"",""1"",""2"",""3"",""3"",""1"",""2"",""2"",""3"",""3"",""1"",""1"",""1"",""2"",""3"",""1"",""2"",""3"",""3"",""3"",""1"",""1"",""2"",""2"",""3"",""1"",""2"",""2"",""2"",""3"",""1"",""1"",""2"",""3"",""3"",""1"",""2"",""2"",""3"",""3"",""1"",""1"",""1"",""2"",""3"",""1"",""2"",""3"",""3"",""3"",""1"",""1"",""2"",""2"",""3"",""1"",""2"",""2"",""2"",""3"",""1"",""1"",""2"",""3"",""3"",""1"",""2"",""2"",""3"",""3"",""1"",""1"",""1"",""2"",""3"",""1"",""2"",""3"",""3"",""3"",""1"",""1"",""2"",""2"",""3"",""1"",""2"",""2"",""2"",""3"",""1"",""1"",""2"",""3"",""3"",""1"",""2"",""2"",""3"",""3"",""1"",""1"",""1"",""2"",""3"",""1"",""2"",""3"",""3"",""3"",""1"",""1"",""2"",""2"",""3"",""1"",""2"",""2"",""2"",""3"",""1"",""1"",""2"",""3"",""3"",""1"",""2"",""2"",""3"",""3"",""1"",""1"",""1"",""2"",""3"",""1"",""2"",""3"",""3"",""3"",""1"",""1"",""2"",""2"",""3"",""1"",""2"",""2"",""2"",""3"",""1"",""1"",""2"",""3"",""3"",""1"",""2"",""2"",""3"",""3"",""1"",""1"",""1"",""2"",""3"",""1"",""2"",""3"",""3"",""3"",""1"",""1"",""2"",""2"",""3"",""1"",""2"",""2"",""2"",""3"",""1"",""1"",""2"",""3"",""3"",""1"",""2"",""2"",""3"",""3"",""1"",""1"",""1"",""2"",""3"",""1"",""2"",""3"",""3"",""3"",""1"",""1"",""2"",""2"",""3"",""1"",""2"",""2"",""2"",""3"",""1"",""1"",""2"",""3"",""3"",""1"",""2"",""2"",""3"",""3"",""1"",""1"",""1"",""2"",""3"",""1"",""2"",""3"",""3"",""3"",""1"",""1"",""2"",""2"",""3"",""1"",""2"",""2"",""2"",""3"",""1"",""1"",""2"",""3"",""3"",""1"",""2"",""2"",""3"",""3"",""1"",""1"",""1"",""2"",""3"",""1"",""2"",""3"",""3"",""3"",""1"",""1"",""2"",""2"",""3"",""1"",""2"",""2"",""2"",""3"",""1"",""1"",""2"",""3"",""3"",""1"",""2"",""2"",""3"",""3"",""1"",""1"",""1"",""2"",""3"",""1"",""2"",""3"",""3"",""3"",""1"",""1"",""2"",""2"",""3"",""1"",""2"",""2"",""2"",""3"",""1"",""1"",""2"",""3"",""3"",""1"",""2"",""2"",""3"",""3"",""1"",""1"",""1"",""2"",""3"",""1"",""2"",""3"",""3"",""3"",""1"",""1"",""2"",""2"",""3"",""1"",""2"",""2"",""2"",""3"",""1"",""1"",""2"",""3"",""3"",""1"",""2"",""2"",""3"",""3"",""1"",""1"",""1"",""2"",""3"",""1"",""2"",""3"",""3"",""3"",""1"",""1"",""2"",""2"",""3"",""1"",""2"",""2"",""2"",""3"",""1"",""1"",""2"",""3"",""3"",""1"",""2"",""2"",""3"",""3"",""1"",""1"",""1"",""2"",""3"",""1"",""2"",""3"",""3"",""3"",""1"",""1"",""2"",""2"",""3"",""1"",""2"",""2"",""2"",""3"",""1"",""1"",""2"",""3"",""3"",""1"",""2"",""2"",""3"",""3"",""1"",""1"",""1"",""2"",""3"",""1"",""2"",""3"",""3"",""3"",""1"",""1"",""2"",""2"",""3"",""1"",""2"",""2"",""2"",""3"",""1"",""1"",""2"",""3"",""3"",""1"",""2"",""2"",""3"",""3"",""1"",""1"",""1"",""2"",""3"",""1"",""2"",""3"",""3"",""3"",""1"",""1"",""2"",""2"",""3"",""1"",""2"",""2"",""2"",""3"",""1"",""1"",""2"",""3"",""3"",""1"",""2"",""2"",""3"",""3"",""1"",""1"",""1"",""2"",""3"",""1"",""2"",""3"",""3"",""3"",""1"",""1"",""2"",""2"",""3"",""1"",""2"",""2"",""2"",""3"",""1"",""1"",""2"",""3"",""3"",""1"",""2"",""2"",""3"",""3"",""1"",""1"",""1"",""2"",""3"",""1"",""2"",""3"",""3"",""3"",""1"",""1"",""2"",""2"",""3"",""1"",""2"",""2"",""2"",""3"",""1"",""1"",""2"",""3"",""3"",""1"",""2"",""2"",""3"",""3"",""1"",""1"",""1"",""2"",""3"",""1"",""2"",""3"",""3"",""3"",""1"",""1"",""2"",""2"",""3"",""1"",""2"",""2"",""2"",""3"",""1"",""1"",""2"",""3"",""3"",""1"",""2"",""2"",""3"",""3"",""1"",""1"",""1"",""2"",""3"",""1"",""2"",""3"",""3"",""3"",""1"",""1"",""2"",""2"",""3"",""1"",""2"",""2"",""2"",""3"",""1"",""1"",""2"",""3"",""3"",""1"",""2"",""2"",""3"",""3"",""1"",""1"",""1"",""2"",""3"",""1"",""2"",""3"",""3"",""3"",""1"",""1"",""2"",""2"",""3"",""1"",""2"",""2"",""2"",""3"",""1"",""1"",""2"",""3"",""3"",""1"",""2"",""2"",""3"",""3"",""1"",""1"",""1"",""2"",""3"",""1"",""2"",""3"",""3"",""3"",""1"",""1"",""2"",""2"",""3"",""1"",""2"",""2"",""2"",""3"",""1"",""1"",""2"",""3"",""3"",""1"",""2"",""2"",""3"",""3"",""1"",""1"",""1"",""2"",""3"",""1"",""2"",""3"",""3"",""3"",""1"",""1"",""2"",""2"",""3"",""1"",""2"",""2"",""2"",""3"",""1"",""1"",""2"",""3"",""3"",""1"",""2"",""2"",""3"",""3"",""1"",""1"",""1"",""2"",""3"",""1"",""2"",""3"",""3"",""3"",""1"",""1"",""2"",""2"",""3"",""1"",""2"",""2"",""2"",""3"",""1"",""1"",""2"",""3"",""3"",""1"",""2"",""2"",""3"",""3"",""1"",""1"",""1"",""2"",""3"",""1"",""2"",""3"",""3"",""3"",""1"",""1"",""2"",""2"",""3"",""1"",""2"",""2"",""2"",""3"",""1"",""1"",""2"",""3"",""3"",""1"",""2"",""2"",""3"",""3"",""1"",""1"",""1"",""2"",""3"",""1"",""2"",""3"",""3"",""3"",""1"",""1"",""2"",""2"",""3"",""1"",""2"",""2"",""2"",""3"",""1"",""1"",""2"",""3"",""3"",""1"",""2"",""2"",""3"",""3"",""1"",""1"",""1"",""2"",""3"",""1"",""2"",""3"",""3"",""3"",""1"",""1"",""2"",""2"",""3"",""1"",""2"",""2"",""2"",""3"",""1"",""1"",""2"",""3"",""3"",""1"",""2"",""2"",""3"",""3"",""1"",""1"",""1"",""2"",""3"",""1"",""2"",""3"",""3"",""3"",""1"",""1"",""2"",""2"",""3"",""1"",""2"",""2"",""2"",""3"",""1"",""1"",""2"",""3"",""3"",""1"",""2"",""2"",""3"",""3"",""1"",""1"",""1"",""2"",""3"",""1"",""2"",""3"",""3"",""3"",""1"",""1"",""2"",""2"",""3"",""1"",""2"",""2"",""2"",""3"",""1"",""1"",""2"",""3"",""3"",""1"",""2"",""2"",""3"",""3"",""1"",""1"",""1"",""2"",""3"",""1"",""2"",""3"",""3"",""3"",""1"",""1"",""2"",""2"",""3"",""1"",""2"",""2"",""2"",""3"",""1"",""1"",""2"",""3"",""3"",""1"",""2"",""2"",""3"",""3"",""1"",""1"",""1"",""2"",""3"",""1"",""2"",""3"",""3"",""3"",""1"",""1"",""2"",""2"",""3"",""1"",""2"",""2"",""2"",""3"",""1"",""1"",""2"",""3"",""3"",""1"",""2"",""2"",""3"",""3"",""1"",""1"",""1"",""2"",""3"",""1"",""2"",""3"",""3"",""3"",""1"",""1"",""2"",""2"",""3"",""1"",""2"",""2"",""2"",""3"",""1"",""1"",""2"",""3"",""3"",""1"",""2"",""2"",""3"",""3"",""1"",""1"",""1"",""2"",""3"",""1"",""2"",""3"",""3"",""3"",""1"",""1"",""2"",""2"",""3"",""1"",""2"",""2"",""2"",""3"",""1"",""1"",""2"",""3"",""3"",""1"",""2"",""2"",""3"",""3"",""1"",""1"",""1"",""2"",""3"",""1"",""2"",""3"",""3"",""3"",""1"",""1"",""2"",""2"",""3"",""1"",""2"",""2"",""2"",""3"",""1"",""1"",""2"",""3"",""3"",""1"",""2"",""2"",""3"",""3"",""1"",""1"",""1"",""2"",""3"",""1"",""2"",""3"",""3"",""3"",""1"",""1"",""2"",""2"",""3"",""1"",""2"",""2"",""2"",""3"",""1"",""1"",""2"",""3"",""3"",""1"",""2"",""2"",""3"",""3"",""1"",""1"",""1"",""2"",""3"",""1"",""2"",""3"",""3"",""3"",""1"",""1"",""2"",""2"",""3"",""1"",""2"",""2"",""2"",""3"",""1"",""1"",""2"",""3"",""3"",""1"",""2"",""2"",""3"",""3"",""1"",""1"",""1"",""2"",""3"",""1"",""2"",""3"",""3"",""3"",""1"",""1"",""2"",""2"",""3"",""1"",""2"",""2"",""2"",""3"",""1"",""1"",""2"",""3"",""3"",""1"",""2"",""2"",""3"",""3"",""1"",""1"",""1"",""2"",""3"",""1"",""2"",""3"",""3"",""3"",""1"",""1"",""2"",""2"",""3"",""1"",""2"",""2"",""2"",""3"",""1"",""1"",""2"",""3"",""3"",""1"",""2"",""2"",""3"",""3"",""1"",""1"",""1"",""2"",""3"",""1"",""2"",""3"",""3"",""3"",""1"",""1"",""2"",""2"",""3"",""1"",""2"",""2"",""2"",""3"",""1"",""1"",""2"",""3"",""3"",""1"",""2"",""2"",""3"",""3"",""1"",""1"",""1"",""2"",""3"",""1"",""2"",""3"",""3"",""3"",""1"",""1"",""2"",""2"",""3"",""1"",""2"",""2"",""2"",""3"",""1"",""1"",""2"",""3"",""3"",""1"",""2"",""2"",""3"",""3"",""1"",""1"",""1"",""2"",""3"",""1"",""2"",""3"",""3"",""3"",""1"",""1"",""2"",""2"",""3"",""1"",""2"",""2"",""2"",""3"",""1"",""1"",""2"",""3"",""3"",""1"",""2"",""2"",""3"",""3"",""1"",""1"",""1"",""2"",""3"",""1"",""2"",""3"",""3"",""3"",""1"",""1"",""2"",""2"",""3"",""1"",""2"",""2"",""2"",""3"",""1"",""1"",""2"",""3"",""3"",""1"",""2"",""2"",""3"",""3"",""1"",""1"",""1"",""2"",""3"",""1"",""2"",""3"",""3"",""3"",""1"",""1"",""2"",""2"",""3"",""1"",""2"",""2"",""2"",""3"",""1"",""1"",""2"",""3"",""3"",""1"",""2"",""2"",""3"",""3"",""1"",""1"",""1"",""2"",""3"",""1"",""2"",""3"",""3"",""3"",""1"",""1"",""2"",""2"",""3"",""1"",""2"",""2"",""2"",""3"",""1"",""1"",""2"",""3"",""3"",""1"",""2"",""2"",""3"",""3"",""1"",""1"",""1"",""2"",""3"",""1"",""2"",""3"",""3"",""3"",""1"",""1"",""2"",""2"",""3"",""1"",""2"",""2"",""2"",""3"",""1"",""1"",""2"",""3"",""3"",""1"",""2"",""2"",""3"",""3"",""1"",""1"",""1"",""2"",""3"",""1"",""2"",""3"",""3"",""3"",""1"",""1"",""2"",""2"",""3"",""1"",""2"",""2"",""2"",""3"",""1"",""1"",""2"",""3"",""3"",""1"",""2"",""2"",""3"",""3"",""1"",""1"",""1"",""2"",""3"",""1"",""2"",""3"",""3"",""3"",""1"",""1"",""2"",""2"",""3"",""1"",""2"",""2"",""2"",""3"",""1"",""1"",""2"",""3"",""3"",""1"",""2"",""2"",""3"",""3"",""1"",""1"",""1"",""2"",""3"",""1"",""2"",""3"",""3"",""3"",""1"",""1"",""2"",""2"",""3"",""1"",""2"",""2"",""2"",""3"",""1"",""1"",""2"",""3"",""3"",""1"",""2"",""2"",""3"",""3"",""1"",""1"",""1"",""2"",""3"",""1"",""2"",""3"",""3"",""3"",""1"",""1"",""2"",""2"",""3"",""1"",""2"",""2"",""2"",""3"",""1"",""1"",""2"",""3"",""3"",""1"",""2"",""2"",""3"",""3"",""1"",""1"",""1"",""2"",""3"",""1"",""2"",""3"",""3"",""3"",""1"",""1"",""2"",""2"",""3"",""1"",""2"",""2"",""2"",""3"",""1"",""1"",""2"",""3"",""3"",""1"",""2"",""2"",""3"",""3"",""1"",""1"",""1"",""2"",""3"",""1"",""2"",""3"",""3"",""3"",""1"",""1"",""2"",""2"",""3"",""1"",""2"",""2"",""2"",""3"",""1"",""1"",""2"",""3"",""3"",""1"",""2"",""2"",""3"",""3"",""1"",""1"",""1"",""2"",""3"",""1"",""2"",""3"",""3"",""3"",""1"",""1"",""2"",""2"",""3"",""1"",""2"",""2"",""2"",""3"",""1"",""1"",""2"",""3"",""3"",""1"",""2"",""2"",""3"",""3"",""1"",""1"",""1"",""2"",""3"",""1"",""2"",""3"",""3"",""3"",""1"",""1"",""2"",""2"",""3"",""1"",""2"",""2"",""2"",""3"",""1"",""1"",""2"",""3"",""3"",""1"",""2"",""2"",""3"",""3"",""1"",""1"",""1"",""2"",""3"",""1"",""2"",""3"",""3"",""3"",""1"",""1"",""2"",""2"",""3"",""1"",""2"",""2"",""2"",""3"",""1"",""1"",""2"",""3"",""3"",""1"",""2"",""2"",""3"",""3"",""1"",""1"",""1"",""2""]",true,,,false,,false,captured_ephemeral
livebench,olympiad_expression,00eae856aa1c1a9e9d058a65a9a94d85884034c4,real-truncated-6279f7b6b01ea2e2-001,truncated,real_truncated,,false,non-integer gold_answer,not_applicable,non-integer gold_answer,,,,,,,,captured_ephemeral
livebench,olympiad_expression,00eae856aa1c1a9e9d058a65a9a94d85884034c4,real-truncated-210fbcf5ff0f49e9-001,truncated,real_truncated,,true,,ok,,"[""1000"",""0"",""4050"",""2001"",""2001"",""2001"",""2001"",""2001"",""2001"",""2001"",""2001"",""2001"",""2001"",""2001"",""2001"",""2001"",""2001"",""2001"",""2001"",""2001"",""2001"",""2001"",""2001"",""2001"",""2001"",""2001"",""2001"",""2001"",""2001"",""2001"",""2001"",""2001"",""2001"",""2001"",""2001"",""2001"",""2001"",""2001"",""2001"",""2001"",""2001"",""2001"",""2001"",""2001"",""2001"",""2001"",""2001"",""2001"",""2001"",""2001"",""2001"",""2001"",""2001"",""2001"",""2001"",""2001"",""2001"",""2001"",""2001"",""2001"",""2001"",""2001"",""2001"",""2001"",""2001"",""2001"",""2001"",""2001"",""2001"",""2001"",""2001"",""2001"",""2001"",""2001"",""2001"",""2001"",""2001"",""2001"",""2001"",""2001"",""2001"",""2001"",""2001"",""2001"",""2001"",""2001"",""2001"",""2001"",""2001"",""2001"",""2001"",""2001"",""2001"",""2001"",""2001"",""2001"",""2001"",""2001"",""2001"",""2001"",""2001"",""2001"",""2001"",""2001"",""2001"",""2001"",""2001"",""2001"",""2001"",""2001"",""2001"",""2001"",""2001"",""2001"",""2001"",""2001"",""2001"",""2001"",""2001"",""2001"",""2001"",""2001"",""2001"",""2001"",""2001"",""2001"",""2001"",""2001"",""2001"",""2001"",""2001"",""2001"",""2001"",""2001"",""2001"",""2001"",""2001"",""2001"",""2001"",""2001"",""2001"",""2001"",""2001"",""2001"",""2001"",""2001"",""2001"",""2001"",""2001"",""2001"",""2001"",""2001"",""2001"",""2001"",""2001"",""2001"",""2001"",""2001"",""2001"",""2001"",""2001"",""2001"",""2001"",""2001"",""2001"",""2001"",""2001"",""2001"",""2001"",""2001"",""2001"",""2001"",""2001"",""2001"",""2001"",""2001"",""2001"",""2001"",""2001"",""2001"",""2001"",""2001"",""2001"",""2001"",""2001"",""2001"",""2001"",""2001"",""2001"",""2001"",""2001"",""2001"",""2001"",""2001"",""2001"",""2001"",""2001"",""2001"",""2001"",""2001"",""2001"",""2001"",""2001"",""2001"",""2001"",""2001"",""2001"",""2001"",""2001"",""2001"",""2001"",""2001"",""2001"",""2001"",""2001"",""2001"",""2001"",""2001"",""2001"",""2001"",""2001"",""2001"",""2001"",""2001"",""2001"",""2001"",""2001"",""2001"",""2001"",""2001"",""2001"",""2001"",""2001"",""2001"",""2001"",""2001"",""2001"",""2001"",""2001"",""2001"",""2001"",""2001"",""2001"",""2001"",""2001"",""2001"",""2001"",""2001"",""2001"",""2001"",""2001"",""2001"",""2001"",""2001"",""2001"",""2001"",""2001"",""2001"",""2001"",""2001"",""2001"",""2001"",""2001"",""2001"",""2001"",""2001"",""2001"",""2001"",""2001"",""2001"",""2001"",""2001"",""2001"",""2001"",""2001"",""2001"",""2001"",""2001"",""2001"",""2001"",""2001"",""2001"",""2001"",""2001"",""2001"",""2001"",""2001"",""2001"",""2001"",""2001"",""2001"",""2001"",""2001"",""2001"",""2001"",""2001"",""2001"",""2001"",""2001"",""2001"",""2001"",""2001"",""2001"",""2001"",""2001"",""2001"",""2001"",""2001"",""2001"",""2001"",""2001"",""2001"",""2001"",""2001"",""2001"",""2001"",""2001"",""2001"",""2001"",""2001"",""2001"",""2001"",""2001"",""2001"",""2001"",""2001"",""2001"",""2001"",""2001"",""2001"",""2001"",""2001"",""2001"",""2001"",""2001"",""2001"",""2001"",""2001"",""2001"",""2001"",""2001"",""2001"",""2001"",""2001"",""2001"",""2001"",""2001"",""2001"",""2001"",""2001"",""2001"",""2001"",""2001"",""2001"",""2001"",""2001"",""2001"",""2001"",""2001"",""2001"",""2001"",""2001"",""2001"",""2001"",""2001"",""2001"",""2001"",""2001"",""2001"",""2001"",""2001"",""2001"",""2001"",""2001"",""2001"",""2001"",""2001"",""2001"",""2001"",""2001"",""2001"",""2001"",""2001"",""2001"",""2001"",""2001"",""2001"",""2001"",""2001"",""2001"",""2001"",""2001"",""2001"",""2001"",""2001"",""2001"",""2001"",""2001"",""2001"",""2001"",""2001"",""2001"",""2001"",""2001"",""2001"",""2001"",""2001"",""2001"",""2001"",""2001"",""2001"",""2001"",""2001"",""2001"",""2001"",""2001"",""2001"",""2001"",""2001"",""2001"",""2001"",""2001"",""2001"",""2001"",""2001"",""2001"",""2001"",""2001"",""2001"",""2001"",""2001"",""2001"",""2001"",""2001"",""2001"",""2001"",""2001"",""2001"",""2001"",""2001"",""2001"",""2001"",""2001"",""2001"",""2001"",""2001"",""2001"",""2001"",""2001"",""2001"",""2001"",""2001"",""2001"",""2001"",""2001"",""2001"",""2001"",""2001"",""2001"",""2001"",""2001"",""2001"",""2001"",""2001"",""2001"",""2001"",""2001"",""2001"",""2001"",""2001"",""2001"",""2001"",""2001"",""2001"",""2001"",""2001"",""2001"",""2001"",""2001"",""2001"",""2001"",""2001"",""2001"",""2001"",""2001"",""2001"",""2001"",""2001"",""2001"",""2001"",""2001"",""2001"",""2001"",""2001"",""2001"",""2001"",""2001"",""2001"",""2001"",""2001"",""2001"",""2001"",""2001"",""2001"",""2001"",""2001"",""2001"",""2001"",""2001"",""2001"",""2001"",""2001"",""2001"",""2001"",""2001"",""2001"",""2001"",""2001"",""2001"",""2001"",""2001"",""2001"",""2001"",""2001"",""2001"",""2001"",""2001"",""2001"",""2001"",""2001"",""2001"",""2001"",""2001"",""2001"",""2001"",""2001"",""2001"",""2001"",""2001"",""2001"",""2001"",""2001"",""2001"",""2001"",""2001"",""2001"",""2001"",""2001"",""2001"",""2001"",""2001"",""2001"",""2001"",""2001"",""2001"",""2001"",""2001"",""2001"",""2001"",""2001"",""2001"",""2001"",""2001"",""2001"",""2001"",""2001"",""2001"",""2001"",""2001"",""2001"",""2001"",""2001"",""2001"",""2001"",""2001"",""2001"",""2001"",""2001"",""2001"",""2001"",""2001"",""2001"",""2001"",""2001"",""2001"",""2001"",""2001"",""2001"",""2001"",""2001"",""2001"",""2001"",""2001"",""2001"",""2001"",""2001"",""2001"",""2001"",""2001"",""2001"",""2001"",""2001"",""2001"",""2001"",""2001"",""2001"",""2001"",""2001"",""2001"",""2001"",""2001"",""2001"",""2001"",""2001"",""2001"",""2001"",""2001"",""2001"",""2001"",""2001"",""2001"",""2001"",""2001"",""2001"",""2001"",""2001"",""2001"",""2001"",""2001"",""2001"",""2001"",""2001"",""2001"",""2001"",""2001"",""2001"",""2001"",""2001"",""2001"",""2001"",""2001"",""2001"",""2001"",""2001"",""2001"",""2001"",""2001"",""2001"",""2001"",""2001"",""2001"",""2001"",""2001"",""2001"",""2001"",""2001"",""2001"",""2001"",""2001"",""2001"",""2001"",""2001"",""2001"",""2001"",""2001"",""2001"",""2001"",""2001"",""2001"",""2001"",""2001"",""2001"",""2001"",""2001"",""2001"",""2001"",""2001"",""2001"",""2001"",""2001"",""2001"",""2001"",""2001"",""2001"",""2001"",""2001"",""2001"",""2001"",""2001"",""2001"",""2001"",""2001"",""2001"",""2001"",""2001"",""2001"",""2001"",""2001"",""2001"",""2001"",""2001"",""2001"",""2001"",""2001"",""2001"",""2001"",""2001"",""2001"",""2001"",""2001"",""2001"",""2001"",""2001"",""2001"",""2001"",""2001"",""2001"",""2001"",""2001"",""2001"",""2001"",""2001"",""2001"",""2001"",""2001"",""2001"",""2001"",""2001"",""2001"",""2001"",""2001"",""2001"",""2001"",""2001"",""2001"",""2001"",""2001"",""2001"",""2001"",""2001"",""2001"",""2001"",""2001"",""2001"",""2001"",""2001"",""2001"",""2001"",""2001"",""2001"",""2001"",""2001"",""2001"",""2001"",""2001"",""2001"",""2001"",""2001"",""2001"",""2001"",""2001"",""2001"",""2001"",""2001"",""2001"",""2001"",""2001"",""2001"",""2001"",""2001"",""2001"",""2001"",""2001"",""2001"",""2001"",""2001"",""2001"",""2001"",""2001"",""2001"",""2001"",""2001"",""2001"",""2001"",""2001"",""2001"",""2001"",""2001"",""2001"",""2001"",""2001"",""2001"",""2001"",""2001"",""2001"",""2001"",""2001"",""2001"",""2001"",""2001"",""2001"",""2001"",""2001"",""2001"",""2001"",""2001"",""2001"",""2001"",""2001"",""2001"",""2001"",""2001"",""2001"",""2001"",""2001"",""2001"",""2001"",""2001"",""2001"",""2001"",""2001"",""2001"",""2001"",""2001"",""2001"",""2001"",""2001"",""2001"",""2001"",""2001"",""2001"",""2001"",""2001"",""2001"",""2001"",""2001"",""2001"",""2001"",""2001"",""2001"",""2001"",""2001"",""2001"",""2001"",""2001"",""2001"",""2001"",""2001"",""2001"",""2001"",""2001"",""2001"",""2001"",""2001"",""2001"",""2001"",""2001"",""2001"",""2001"",""2001"",""2001"",""2001"",""2001"",""2001"",""2001"",""2001"",""2001"",""2001"",""2001"",""2001"",""2001"",""2001"",""2001"",""2001"",""2001"",""2001"",""2001"",""2001"",""2001"",""2001"",""2001"",""2001"",""2001"",""2001"",""2001"",""2001"",""2001"",""2001"",""2001"",""2001"",""2001"",""2001"",""2001"",""2001"",""2001"",""2001"",""2001"",""2001"",""2001"",""2001"",""2001"",""2001"",""2001"",""2001"",""2001"",""2001"",""2001"",""2001"",""2001"",""2001"",""2001"",""2001"",""2001"",""2001"",""2001"",""2001"",""2001"",""2001"",""2001"",""2001"",""2001"",""2001"",""2001"",""2001"",""2001"",""2001"",""2001"",""2001"",""2001"",""2001"",""2001"",""2001"",""2001"",""2001"",""2001"",""2001"",""2001"",""2001"",""2001"",""2001"",""2001"",""2001"",""2001"",""2001"",""2001"",""2001"",""2001"",""2001"",""2001"",""2001"",""2001"",""2001"",""2001"",""2001"",""2001"",""2001"",""2001"",""2001"",""2001"",""2001"",""2001"",""2001"",""2001"",""2001"",""2001"",""2001"",""2001"",""2001"",""2001"",""2001"",""2001"",""2001"",""2001"",""2001"",""2001"",""2001"",""2001"",""2001"",""2001"",""2001"",""2001"",""2001"",""2001"",""2001"",""2001"",""2001"",""2001"",""2001"",""2001"",""2001"",""2001"",""2001"",""2001"",""2001"",""2001"",""2001"",""2001"",""2001"",""2001"",""2001"",""2001"",""2001"",""2001"",""2001"",""2001"",""2001"",""2001"",""2001"",""2001"",""2001"",""2001"",""2001"",""2001"",""2001"",""2001"",""2001"",""2001"",""2001"",""2001"",""2001"",""2001"",""2001"",""2001"",""2001"",""2001"",""2001"",""2001"",""2001"",""2001"",""2001"",""2001"",""2001"",""2001"",""2001"",""2001"",""2001"",""2001"",""2001"",""2001"",""2001"",""2001"",""2001"",""2001"",""2001"",""2001"",""2001"",""2001"",""2001"",""2001"",""2001"",""2001"",""2001"",""2001"",""2001"",""2001"",""2001"",""2001"",""2001"",""2001"",""2001"",""2001"",""2001"",""2001"",""2001"",""2001"",""2001"",""2001"",""2001"",""2001"",""2001"",""2001"",""2001"",""2001"",""2001"",""2001"",""2001"",""2001"",""2001"",""2001"",""2001"",""2001"",""2001"",""2001"",""2001"",""2001"",""2001"",""2001"",""2001"",""2001"",""2001"",""2001"",""2001"",""2001"",""2001"",""2001"",""2001"",""2001"",""2001"",""2001"",""2001"",""2001"",""2001"",""2001"",""2001"",""2001"",""2001"",""2001"",""2001"",""2001"",""2001"",""2001"",""2001"",""2001"",""2001"",""2001"",""2001"",""2001"",""2001"",""2001"",""2001"",""2001"",""2001"",""2001"",""2001"",""2001"",""2001"",""2001"",""2001"",""2001"",""2001"",""2001"",""2001"",""2001"",""2001"",""2001"",""2001"",""2001"",""2001"",""2001"",""2001"",""2001"",""2001"",""2001"",""2001"",""2001"",""2001"",""2001"",""2001"",""2001"",""2001"",""2001"",""2001"",""2001"",""2001"",""2001"",""2001"",""2001"",""2001"",""2001"",""2001"",""2001"",""2001"",""2001"",""2001"",""2001"",""2001"",""2001"",""2001"",""2001"",""2001"",""2001"",""2001"",""2001"",""2001"",""2001"",""2001"",""2001"",""2001"",""2001"",""2001"",""2001"",""2001"",""2001"",""2001"",""2001"",""2001"",""2001"",""2001"",""2001"",""2001"",""2001"",""2001"",""2001"",""2001"",""2001"",""2001"",""2001"",""2001"",""2001"",""2001"",""2001"",""2001"",""2001"",""2001"",""2001"",""2001"",""2001"",""2001"",""2001"",""2001"",""2001"",""2001"",""2001"",""2001"",""2001"",""2001"",""2001"",""2001"",""2001"",""2001"",""2001"",""2001"",""2001"",""2001"",""2001"",""2001"",""2001"",""2001"",""2001"",""2001"",""2001"",""2001"",""2001"",""2001"",""2001"",""2001"",""2001"",""2001"",""2001"",""2001"",""2001"",""2001"",""2001"",""2001"",""2001"",""2001"",""2001"",""2001"",""2001"",""2001"",""2001"",""2001"",""2001"",""2001"",""2001"",""2001"",""2001"",""2001"",""2001"",""2001"",""2001"",""2001"",""2001"",""2001"",""2001"",""2001"",""2001"",""2001"",""2001"",""2001"",""2001"",""2001"",""2001"",""2001"",""2001"",""2001"",""2001"",""2001"",""2001"",""2001"",""2001"",""2001"",""2001"",""2001"",""2001"",""2001"",""2001"",""2001"",""2001"",""2001"",""2001"",""2001"",""2001"",""2001"",""2001"",""2001"",""2001"",""2001"",""2001"",""2001"",""2001"",""2001"",""2001"",""2001"",""2001"",""2001"",""2001"",""2001"",""2001"",""2001"",""2001"",""2001"",""2001"",""2001"",""2001"",""2001"",""2001"",""2001"",""2001"",""2001"",""2001"",""2001"",""2001"",""2001"",""2001"",""2001"",""2001"",""2001"",""2001"",""2001"",""2001"",""2001"",""2001"",""2001"",""2001"",""2001"",""2001"",""2001"",""2001"",""2001"",""2001"",""2001"",""2001"",""2001"",""2001"",""2001"",""2001"",""2001"",""2001"",""2001"",""2001"",""2001"",""2001"",""2001"",""2001"",""2001"",""2001"",""2001"",""2001"",""2001"",""2001"",""2001"",""2001"",""2001"",""2001"",""2001"",""2001"",""2001"",""2001"",""2001"",""2001"",""2001"",""2001"",""2001"",""2001"",""2001"",""2001"",""2001"",""2001"",""2001"",""2001"",""2001"",""2001"",""2001"",""2001"",""2001"",""2001"",""2001"",""2001"",""2001"",""2001"",""2001"",""2001"",""2001"",""2001"",""2001"",""2001"",""2001"",""2001"",""2001"",""2001"",""2001"",""2001"",""2001"",""2001"",""2001"",""2001"",""2001"",""2001"",""2001"",""2001"",""2001"",""2001"",""2001"",""2001"",""2001"",""2001"",""2001"",""2001"",""2001"",""2001"",""2001"",""2001"",""2001"",""2001"",""2001"",""2001"",""2001"",""2001"",""2001"",""2001"",""2001"",""2001"",""2001"",""2001"",""2001"",""2001"",""2001"",""2001"",""2001"",""2001"",""2001"",""2001"",""2001"",""2001"",""2001"",""2001"",""2001"",""2001"",""2001"",""2001"",""2001"",""2001"",""2001"",""2001"",""2001"",""2001"",""2001"",""2001"",""2001"",""2001"",""2001"",""2001"",""2001"",""2001"",""2001"",""2001"",""2001"",""2001"",""2001"",""2001"",""2001"",""2001"",""2001"",""2001"",""2001"",""2001"",""2001"",""2001"",""2001"",""2001"",""2001"",""2001"",""2001"",""2001"",""2001"",""2001"",""2001"",""2001"",""2001"",""2001"",""2001"",""2001"",""2001"",""2001"",""2001"",""2001"",""2001"",""2001"",""2001"",""2001"",""2001"",""2001"",""2001"",""2001"",""2001"",""2001"",""2001"",""2001"",""2001"",""2001"",""2001"",""2001"",""2001"",""2001"",""2001"",""2001"",""2001"",""2001"",""2001"",""2001"",""2001"",""2001"",""2001"",""2001"",""2001"",""2001"",""2001"",""2001"",""2001"",""2001"",""2001"",""2001"",""2001"",""2001"",""2001"",""2001"",""2001"",""2001"",""2001"",""2001"",""2001"",""2001"",""2001"",""2001"",""2001"",""2001"",""2001"",""2001"",""2001"",""2001"",""2001"",""2001"",""2001"",""2001"",""2001"",""2001"",""2001"",""2001"",""2001"",""2001"",""2001"",""2001"",""2001"",""2001"",""2001"",""2001"",""2001"",""2001"",""2001"",""2001"",""2001"",""2001"",""2001"",""2001"",""2001"",""2001"",""2001"",""2001"",""2001"",""2001"",""2001"",""2001"",""2001"",""2001"",""2001"",""2001"",""2001"",""2001"",""2001"",""2001"",""2001"",""2001"",""2001"",""2001"",""2001"",""2001"",""2001"",""2001"",""2001"",""2001"",""2001"",""2001"",""2001"",""2001"",""2001"",""2001"",""2001"",""2001"",""2001"",""2001"",""2001"",""2001"",""2001"",""2001"",""2001"",""2001"",""2001"",""2001"",""2001"",""2001"",""2001"",""2001"",""2001"",""2001"",""2001"",""2001"",""2001"",""2001"",""2001"",""2001"",""2001"",""2001"",""2001"",""2001"",""2001"",""2001"",""2001"",""2001"",""2001"",""2001"",""2001"",""2001"",""2001"",""2001"",""2001"",""2001"",""2001"",""2001"",""2001"",""2001"",""2001"",""2001"",""2001"",""2001"",""2001"",""2001"",""2001"",""2001"",""2001"",""2001"",""2001"",""2001"",""2001"",""2001"",""2001"",""2001"",""2001"",""2001"",""2001"",""2001"",""2001"",""2001"",""2001"",""2001"",""2001"",""2001"",""2001"",""2001"",""2001"",""2001"",""2001"",""2001"",""2001"",""2001"",""2001"",""2001"",""2001"",""2001"",""2001"",""2001"",""2001"",""2001"",""2001"",""2001"",""2001"",""2001"",""2001"",""2001"",""2001"",""2001"",""2001"",""2001"",""2001"",""2001"",""2001"",""2001"",""2001"",""2001"",""2001"",""2001"",""2001"",""2001"",""2001"",""2001"",""2001"",""2001"",""2001"",""2001"",""2001"",""2001"",""2001"",""2001"",""2001"",""2001"",""2001"",""2001"",""2001"",""2001"",""2001"",""2001"",""2001"",""2001"",""2001"",""2001"",""2001"",""2001"",""2001"",""2001"",""2001"",""2001"",""2001"",""2001"",""2001"",""2001"",""2001"",""2001"",""2001"",""2001"",""2001"",""2001"",""2001"",""2001"",""2001"",""2001"",""2001"",""2001"",""2001"",""2001"",""2001"",""2001"",""2001"",""2001"",""2001"",""2001"",""2001"",""2001"",""2001"",""2001"",""2001"",""2001"",""2001"",""2001"",""2001"",""2001"",""2001"",""2001"",""2001"",""2001"",""2001"",""2001"",""2001"",""2001"",""2001"",""2001"",""2001"",""2001"",""2001"",""2001"",""2001"",""2001"",""2001"",""2001"",""2001"",""2001"",""2001"",""2001"",""2001"",""2001"",""2001"",""2001"",""2001"",""2001"",""2001"",""2001"",""2001"",""2001"",""2001"",""2001"",""2001"",""2001"",""2001"",""2001"",""2001"",""2001"",""2001"",""2001"",""2001"",""2001"",""2001"",""2001"",""2001"",""2001"",""2001"",""2001"",""2001"",""2001"",""2001"",""2001"",""2001"",""2001"",""2001"",""2001"",""2001"",""2001"",""2001"",""2001"",""2001"",""2001"",""2001"",""2001"",""2001"",""2001"",""2001"",""2001"",""2001"",""2001"",""2001"",""2001"",""2001"",""2001"",""2001"",""2001"",""2001"",""2001"",""2001"",""2001"",""2001"",""2001"",""2001"",""2001"",""2001"",""2001"",""2001"",""2001"",""2001"",""2001"",""2001"",""2001"",""2001"",""2001"",""2001"",""2001"",""2001"",""2001"",""2001"",""2001"",""2001"",""2001"",""2001"",""2001"",""2001"",""2001"",""2001"",""2001"",""2001"",""2001"",""2001"",""2001"",""2001"",""2001"",""2001"",""2001"",""2001"",""2001"",""2001"",""2001"",""2001"",""2001"",""2001"",""2001"",""2001"",""2001"",""2001"",""2001"",""2001"",""2001"",""2001"",""2001"",""2001"",""2001"",""2001"",""2001"",""2001"",""2001"",""2001"",""2001"",""2001"",""2001"",""2001"",""2001"",""2001"",""2001"",""2001"",""2001"",""2001"",""2001"",""2001"",""2001"",""2001"",""2001"",""2001"",""2001"",""2001"",""2001"",""2001"",""2001"",""2001"",""2001"",""2001"",""2001"",""2001"",""2001"",""2001"",""2001"",""2001"",""2001"",""2001"",""2001"",""2001"",""2001"",""2001"",""2001"",""2001"",""2001"",""2001"",""2001"",""2001"",""2001"",""2001"",""2001"",""2001"",""2001"",""2001"",""2001"",""2001"",""2001"",""2001"",""2001"",""2001"",""2001"",""2001"",""2001"",""2001"",""2001"",""2001"",""2001"",""2001"",""2001"",""2001"",""2001"",""2001"",""2001"",""2001"",""2001"",""2001"",""2001"",""2001"",""2001"",""2001"",""2001"",""2001"",""2001"",""2001"",""2001"",""2001"",""2001"",""2001"",""2001"",""2001"",""2001"",""2001"",""2001"",""2001"",""2001"",""2001"",""2001"",""2001"",""2001"",""2001"",""2001"",""2001"",""2001"",""2001"",""2001"",""2001"",""2001"",""2001"",""2001"",""2001"",""2001"",""2001"",""2001"",""2001"",""2001"",""2001"",""2001"",""2001"",""2001"",""2001"",""2001"",""2001"",""2001"",""2001"",""2001"",""2001"",""2001"",""2001"",""2001"",""2001"",""2001"",""2001"",""2001"",""2001"",""2001"",""2001"",""2001"",""2001"",""2001"",""2001"",""2001"",""2001"",""2001"",""2001"",""2001"",""2001"",""2001"",""2001"",""2001"",""2001"",""2001"",""2001"",""2001"",""2001"",""2001"",""2001"",""2001"",""2001"",""2001"",""2001"",""2001"",""2001"",""2001"",""2001"",""2001"",""2001"",""2001"",""2001"",""2001"",""2001"",""2001"",""2001"",""2001"",""2001"",""2001"",""2001"",""2001"",""2001"",""2001"",""2001"",""2001"",""2001"",""2001"",""2001"",""2001"",""2001"",""2001"",""2001"",""2001"",""2001"",""2001"",""2001"",""2001"",""2001"",""2001"",""2001"",""2001"",""2001"",""2001"",""2001"",""2001"",""2001"",""2001"",""2001"",""2001"",""2001"",""2001"",""2001"",""2001"",""2001"",""2001"",""2001"",""2001"",""2001"",""2001"",""2001"",""2001"",""2001"",""2001"",""2001"",""2001"",""2001"",""2001"",""2001"",""2001"",""2001"",""2001"",""2001"",""2001"",""2001"",""2001"",""2001"",""2001"",""2001"",""2001"",""2001"",""2001"",""2001"",""2001"",""2001"",""2001"",""2001"",""2001"",""2001"",""2001"",""2001"",""2001"",""2001"",""2001"",""2001"",""2001"",""2001"",""2001"",""2001"",""2001"",""2001"",""2001"",""2001"",""2001"",""2001"",""2001"",""2001"",""2001"",""2001"",""2001"",""2001"",""2001"",""2001"",""2001"",""2001"",""2001"",""2001"",""2001"",""2001"",""2001"",""2001"",""2001"",""2001"",""2001"",""2001"",""2001"",""2001"",""2001"",""2001"",""2001"",""2001"",""2001"",""2001"",""2001"",""2001"",""2001"",""2001"",""2001"",""2001"",""2001"",""2001"",""2001"",""2001"",""2001"",""2001"",""2001"",""2001"",""2001"",""2001"",""2001"",""2001"",""2001"",""2001"",""2001"",""2001"",""2001"",""2001"",""2001"",""2001"",""2001"",""2001"",""2001"",""2001"",""2001"",""2001"",""2001"",""2001"",""2001"",""2001"",""2001"",""2001"",""2001"",""2001"",""2001"",""2001"",""2001"",""2001"",""2001"",""2001"",""2001"",""2001"",""2001"",""2001"",""2001"",""2001"",""2001"",""2001"",""2001"",""2001"",""2001"",""2001"",""2001"",""2001"",""2001"",""2001"",""2001"",""2001"",""2001"",""2001"",""2001"",""2001"",""2001"",""2001"",""2001"",""2001"",""2001"",""2001"",""2001"",""2001"",""2001"",""2001"",""2001"",""2001"",""2001"",""2001"",""2001"",""2001"",""2001"",""2001"",""2001"",""2001"",""2001"",""2001"",""2001"",""2001"",""2001"",""2001"",""2001"",""2001"",""2001"",""2001"",""2001"",""2001"",""2001"",""2001"",""2001"",""2001"",""2001"",""2001"",""2001"",""2001"",""2001"",""2001"",""2001"",""2001"",""2001"",""2001"",""2001"",""2001"",""2001"",""2001"",""2001"",""2001"",""2001"",""2001"",""2001"",""2001"",""2001"",""2001"",""2001"",""2001"",""2001"",""2001"",""2001"",""2001"",""2001"",""2001"",""2001"",""2001"",""2001"",""2001"",""2001"",""2001"",""2001"",""2001"",""2001"",""2001"",""2001"",""2001"",""2001"",""2001"",""2001"",""2001"",""2001"",""2001"",""2001"",""2001"",""2001"",""2001"",""2001"",""2001"",""2001"",""2001"",""2001"",""2001"",""2001"",""2001"",""2001"",""2001"",""2001"",""2001"",""2001"",""2001"",""2001"",""2001"",""2001"",""2001"",""2001"",""2001"",""2001"",""2001"",""2001"",""2001"",""2001"",""2001"",""2001"",""2001"",""2001"",""2001"",""2001"",""2001"",""2001"",""2001"",""2001"",""2001"",""2001"",""2001"",""2001"",""2001"",""2001"",""2001"",""2001"",""2001"",""2001"",""2001"",""2001"",""2001"",""2001"",""2001"",""2001"",""2001"",""2001"",""2001"",""2001"",""2001"",""2001"",""2001"",""2001"",""2001"",""2001"",""2001"",""2001"",""2001"",""2001"",""2001"",""2001"",""2001"",""2001"",""2001"",""2001"",""2001"",""2001"",""2001"",""2001"",""2001"",""2001"",""2001"",""2001"",""2001"",""2001"",""2001"",""2001"",""2001"",""2001"",""2001"",""2001"",""2001"",""2001"",""2001"",""2001"",""2001"",""2001"",""2001"",""2001"",""2001"",""2001"",""2001"",""2001"",""2001"",""2001"",""2001"",""2001"",""2001"",""2001"",""2001"",""2001"",""2001"",""2001"",""2001"",""2001"",""2001"",""2001"",""2001"",""2001"",""2001"",""2001"",""2001"",""2001"",""2001"",""2001"",""2001"",""2001"",""2001"",""2001"",""2001"",""2001"",""2001"",""2001"",""2001"",""2001"",""2001"",""2001"",""2001"",""2001"",""2001"",""2001"",""2001"",""2001"",""2001"",""2001"",""2001"",""2001"",""2001"",""2001"",""2001"",""2001"",""2001"",""2001"",""2001"",""2001"",""2001"",""2001"",""2001"",""2001"",""2001"",""2001"",""2001"",""2001"",""2001"",""2001"",""2001"",""2001"",""2001"",""2001"",""2001"",""2001"",""2001"",""2001"",""2001"",""2001"",""2001"",""2001"",""2001"",""2001"",""2001"",""2001"",""2001"",""2001"",""2001"",""2001"",""2001"",""2001"",""2001"",""2001"",""2001"",""2001"",""2001"",""2001"",""2001"",""2001"",""2001"",""2001"",""2001"",""2001"",""2001"",""2001"",""2001"",""2001"",""2001"",""2001"",""2001"",""2001"",""2001"",""2001"",""2001"",""2001"",""2001"",""2001"",""2001"",""2001"",""2001"",""2001"",""2001"",""2001"",""2001"",""2001"",""2001"",""2001"",""2001"",""2001"",""2001"",""2001"",""2001"",""2001"",""2001"",""2001"",""2001"",""2001"",""2001"",""2001"",""2001"",""2001"",""2001"",""2001"",""2001"",""2001"",""2001"",""2001"",""2001"",""2001"",""2001"",""2001"",""2001"",""2001"",""2001"",""2001"",""2001"",""2001"",""2001"",""2001"",""2001"",""2001"",""2001"",""2001"",""2001"",""2001"",""2001"",""2001"",""2001"",""2001"",""2001"",""2001"",""2001"",""2001"",""2001"",""2001"",""2001"",""2001"",""2001"",""2001"",""2001"",""2001"",""2001"",""2001"",""2001"",""2001"",""2001"",""2001"",""2001"",""2001"",""2001"",""2001"",""2001"",""2001"",""2001"",""2001"",""2001"",""2001"",""2001"",""2001"",""2001"",""2001"",""2001"",""2001"",""2001"",""2001"",""2001"",""2001"",""2001"",""2001"",""2001"",""2001"",""2001"",""2001"",""2001"",""2001"",""2001"",""2001"",""2001"",""2001"",""2001"",""2001"",""2001"",""2001"",""2001"",""2001"",""2001"",""2001"",""2001"",""2001"",""2001"",""2001"",""2001"",""2001"",""2001"",""2001"",""2001"",""2001"",""2001"",""2001"",""2001"",""2001"",""2001"",""2001"",""2001"",""2001"",""2001"",""2001"",""2001"",""2001"",""2001"",""2001"",""2001"",""2001"",""2001"",""2001"",""2001"",""2001"",""2001"",""2001"",""2001"",""2001"",""2001"",""2001"",""2001"",""2001"",""2001"",""2001"",""2001"",""2001"",""2001"",""2001"",""2001"",""2001"",""2001"",""2001"",""2001"",""2001"",""2001"",""2001"",""2001"",""2001"",""2001"",""2001"",""2001"",""2001"",""2001"",""2001"",""2001"",""2001"",""2001"",""2001"",""2001"",""2001"",""2001"",""2001"",""2001"",""2001"",""2001"",""2001"",""2001"",""2001"",""2001"",""2001"",""2001"",""2001"",""2001"",""2001"",""2001"",""2001"",""2001"",""2001"",""2001"",""2001"",""2001"",""2001"",""2001"",""2001"",""2001"",""2001"",""2001"",""2001"",""2001"",""2001"",""2001"",""2001"",""2001"",""2001"",""2001"",""2001"",""2001"",""2001"",""2001"",""2001"",""2001"",""2001"",""2001"",""2001"",""2001"",""2001"",""2001"",""2001"",""2001"",""2001"",""2001"",""2001"",""2001"",""2001"",""2001"",""2001"",""2001"",""2001"",""2001"",""2001"",""2001"",""2001"",""2001"",""2001"",""2001"",""2001"",""2001"",""2001"",""2001"",""2001"",""2001"",""2001"",""2001"",""2001"",""2001"",""2001"",""2001"",""2001"",""2001"",""2001"",""2001"",""2001"",""2001"",""2001"",""2001"",""2001"",""2001"",""2001"",""2001"",""2001"",""2001"",""2001"",""2001"",""2001"",""2001"",""2001"",""2001"",""2001"",""2001"",""2001"",""2001"",""2001"",""2001"",""2001"",""2001"",""2001"",""2001"",""2001"",""2001"",""2001"",""2001"",""2001"",""2001"",""2001"",""2001"",""2001"",""2001"",""2001"",""2001"",""2001"",""2001"",""2001"",""2001"",""2001"",""2001"",""2001"",""2001"",""2001"",""2001"",""2001"",""2001"",""2001"",""2001"",""2001"",""2001"",""2001"",""2001"",""2001"",""2001"",""2001"",""2001"",""2001"",""2001"",""2001"",""2001"",""2001"",""2001"",""2001"",""2001"",""2001"",""2001"",""2001"",""2001"",""2001"",""2001"",""2001"",""2001"",""2001"",""2001"",""2001"",""2001"",""2001"",""2001"",""2001"",""2001"",""2001"",""2001"",""2001"",""2001"",""2001"",""2001"",""2001"",""2001"",""2001"",""2001"",""2001"",""2001"",""2001"",""2001"",""2001"",""2001"",""2001"",""2001"",""2001"",""2001"",""2001"",""2001"",""2001"",""2001"",""2001"",""2001"",""2001"",""2001"",""2001"",""2001"",""2001"",""2001"",""2001"",""2001"",""2001"",""2001"",""2001"",""2001"",""2001"",""2001"",""2001"",""2001"",""2001"",""2001"",""2001"",""2001"",""2001"",""2001"",""2001"",""2001"",""2001"",""2001"",""2001"",""2001"",""2001"",""2001"",""2001"",""2001"",""2001"",""2001"",""2001"",""2001"",""2001"",""2001"",""2001"",""2001"",""2001"",""2001"",""2001"",""2001"",""2001"",""2001"",""2001"",""2001"",""2001"",""2001"",""2001"",""2001"",""2001"",""2001"",""2001"",""2001"",""2001"",""2001"",""2001"",""2001"",""2001"",""2001"",""2001"",""2001"",""2001"",""2001"",""2001"",""2001"",""2001"",""2001"",""2001"",""2001"",""2001"",""2001"",""2001"",""2001"",""2001"",""2001"",""2001"",""2001"",""2001"",""2001"",""2001"",""2001"",""2001"",""2001"",""2001"",""2001"",""2001"",""2001"",""2001"",""2001"",""2001"",""2001"",""2001"",""2001"",""2001"",""2001"",""2001"",""2001"",""2001"",""2001"",""2001"",""2001"",""2001"",""2001"",""2001"",""2001"",""2001"",""2001"",""2001"",""2001"",""2001"",""2001"",""2001"",""2001"",""2001"",""2001"",""2001"",""2001"",""2001"",""2001"",""2001"",""2001"",""2001"",""2001"",""2001"",""2001"",""2001"",""2001"",""2001"",""2001"",""2001"",""2001"",""2001"",""2001"",""2001"",""2001"",""2001"",""2001"",""2001"",""2001"",""2001"",""2001"",""2001"",""2001"",""2001"",""2001"",""2001"",""2001"",""2001"",""2001"",""2001"",""2001"",""2001"",""2001"",""2001"",""2001"",""2001"",""2001"",""2001"",""2001"",""2001"",""2001"",""2001"",""2001"",""2001"",""2001"",""2001"",""2001"",""2001"",""2001"",""2001"",""2001"",""2001"",""2001"",""2001"",""2001"",""2001"",""2001"",""2001"",""2001"",""2001"",""2001"",""2001"",""2001"",""2001"",""2001"",""2001"",""2001"",""2001"",""2001"",""2001"",""2001"",""2001"",""2001"",""2001"",""2001"",""2001"",""2001"",""2001"",""2001"",""2001"",""2001"",""2001"",""2001"",""2001"",""2001"",""2001"",""2001"",""2001"",""2001"",""2001"",""2001"",""2001"",""2001"",""2001"",""2001"",""2001"",""2001"",""2001"",""2001"",""2001"",""2001"",""2001"",""2001"",""2001"",""2001"",""2001"",""2001"",""2001"",""2001"",""2001"",""2001"",""2001"",""2001"",""2001"",""2001"",""2001"",""2001"",""2001"",""2001"",""2001"",""2001"",""2001"",""2001"",""2001"",""2001"",""2001"",""2001"",""2001"",""2001"",""2001"",""2001"",""2001"",""2001"",""2001"",""2001"",""2001"",""2001"",""2001"",""2001"",""2001"",""2001"",""2001"",""2001"",""2001"",""2001"",""2001"",""2001"",""2001"",""2001"",""2001"",""2001"",""2001"",""2001"",""2001"",""2001"",""2001"",""2001"",""2001"",""2001"",""2001"",""2001"",""2001"",""2001"",""2001"",""2001"",""2001"",""2001"",""2001"",""2001"",""2001"",""2001"",""2001"",""2001"",""2001"",""2001"",""2001"",""2001"",""2001"",""2001"",""2001"",""2001"",""2001"",""2001"",""2001"",""2001"",""2001"",""2001"",""2001"",""2001"",""2001"",""2001"",""2001"",""2001"",""2001"",""2001"",""2001"",""2001"",""2001"",""2001"",""2001"",""2001"",""2001"",""2001"",""2001"",""2001"",""2001"",""2001"",""2001"",""2001"",""2001"",""2001"",""2001"",""2001"",""2001"",""2001"",""2001"",""2001"",""2001"",""2001"",""2001"",""2001"",""2001"",""2001"",""2001"",""2001"",""2001"",""2001"",""2001"",""2001"",""2001"",""2001"",""2001"",""2001"",""2001"",""2001"",""2001"",""2001"",""2001"",""2001"",""2001"",""2001"",""2001"",""2001"",""2001"",""2001"",""2001"",""2001"",""2001"",""2001"",""2001"",""2001"",""2001"",""2001"",""2001"",""2001"",""2001"",""2001"",""2001"",""2001"",""2001"",""2001"",""2001"",""2001"",""2001"",""2001"",""2001"",""2001"",""2001"",""2001"",""2001"",""2001"",""2001"",""2001"",""2001"",""2001"",""2001"",""2001"",""2001"",""2001"",""2001"",""2001"",""2001"",""2001"",""2001"",""2001"",""2001"",""2001"",""2001"",""2001"",""2001"",""2001"",""2001"",""2001"",""2001"",""2001"",""2001"",""2001"",""2001"",""2001"",""2001"",""2001"",""2001"",""2001"",""2001"",""2001"",""2001"",""2001"",""2001"",""2001"",""2001"",""2001"",""2001"",""2001"",""2001"",""2001"",""2001"",""2001"",""2001"",""2001"",""2001"",""2001"",""2001"",""2001"",""2001"",""2001"",""2001"",""2001"",""2001"",""2001"",""2001"",""2001"",""2001"",""2001"",""2001"",""2001"",""2001"",""2001"",""2001"",""2001"",""2001"",""2001"",""2001"",""2001"",""2001"",""2001"",""2001"",""2001"",""2001"",""2001"",""2001"",""2001"",""2001"",""2001"",""2001"",""2001"",""2001"",""2001"",""2001"",""2001"",""2001"",""2001"",""2001"",""2001"",""2001"",""2001"",""2001"",""2001"",""2001"",""2001"",""2001"",""2001"",""2001"",""2001"",""2001"",""2001"",""2001"",""2001"",""2001"",""2001"",""2001"",""2001"",""2001"",""2001"",""2001"",""2001"",""2001"",""2001"",""2001"",""2001"",""2001"",""2001"",""2001"",""2001"",""2001"",""2001"",""2001"",""2001"",""2001"",""2001"",""2001"",""2001"",""2001"",""2001"",""2001"",""2001"",""2001"",""2001"",""2001"",""2001"",""2001"",""2001"",""2001"",""2001"",""2001"",""2001"",""2001"",""2001"",""2001"",""2001"",""2001"",""2001"",""2001"",""2001"",""2001"",""2001"",""2001"",""2001"",""2001"",""2001"",""2001"",""2001"",""2001"",""2001"",""2001"",""2001"",""2001"",""2001"",""2001"",""2001"",""2001"",""2001"",""2001"",""2001"",""2001"",""2001"",""2001"",""2001"",""2001"",""2001"",""2001"",""2001"",""2001"",""2001"",""2001"",""2001"",""2001"",""2001"",""2001"",""2001"",""2001"",""2001"",""2001"",""2001"",""2001"",""2001"",""2001"",""2001"",""2001"",""2001"",""2001"",""2001"",""2001"",""2001"",""2001"",""2001"",""2001"",""2001"",""2001"",""2001"",""2001"",""2001"",""2001"",""2001"",""2001"",""2001"",""2001"",""2001"",""2001"",""2001"",""2001"",""2001"",""2001"",""2001"",""2001"",""2001"",""2001"",""2001"",""2001"",""2001"",""2001"",""2001"",""2001"",""2001"",""2001"",""2001"",""2001"",""2001"",""2001"",""2001"",""2001"",""2001"",""2001"",""2001"",""2001"",""2001"",""2001"",""2001"",""2001"",""2001"",""2001"",""2001"",""2001"",""2001"",""2001"",""2001"",""2001"",""2001"",""2001"",""2001"",""2001"",""2001"",""2001"",""2001"",""2001"",""2001"",""2001"",""2001"",""2001"",""2001"",""2001"",""2001"",""2001"",""2001"",""2001"",""2001"",""2001"",""2001"",""2001"",""2001"",""2001"",""2001"",""2001"",""2001"",""2001"",""2001"",""2001"",""2001"",""2001"",""2001"",""2001"",""2001"",""2001"",""2001"",""2001"",""2001"",""2001"",""2001"",""2001"",""2001"",""2001"",""2001"",""2001"",""2001"",""2001"",""2001"",""2001"",""2001"",""2001"",""2001"",""2001"",""2001"",""2001"",""2001"",""2001"",""2001"",""2001"",""2001"",""2001"",""2001"",""2001"",""2001"",""2001"",""2001"",""2001"",""2001"",""2001"",""2001"",""2001"",""2001"",""2001"",""2001"",""2001"",""2001"",""2001"",""2001"",""2001"",""2001"",""2001"",""2001"",""2001"",""2001"",""2001"",""2001"",""2001"",""2001"",""2001"",""2001"",""2001"",""2001"",""2001"",""2001"",""2001"",""2001"",""2001"",""2001"",""2001"",""2001"",""2001"",""2001"",""2001"",""2001"",""2001"",""2001"",""2001"",""2001"",""2001"",""2001"",""2001"",""2001"",""2001"",""2001"",""2001"",""2001"",""2001"",""2001"",""2001"",""2001"",""2001"",""2001"",""2001"",""2001"",""2001"",""2001"",""2001"",""2001"",""2001"",""2001"",""2001"",""2001"",""2001"",""2001"",""2001"",""2001"",""2001"",""2001"",""2001"",""2001"",""2001"",""2001"",""2001"",""2001"",""2001"",""2001"",""2001"",""2001"",""2001"",""2001"",""2001"",""2001"",""2001"",""2001"",""2001"",""2001"",""2001"",""2001"",""2001"",""2001"",""2001"",""2001"",""2001"",""2001"",""2001"",""2001"",""2001"",""2001"",""2001"",""2001"",""2001"",""2001"",""2001"",""2001"",""2001"",""2001"",""2001"",""2001"",""2001"",""2001"",""2001"",""2001"",""2001"",""2001"",""2001"",""2001"",""2001"",""2001"",""2001"",""2001"",""2001"",""2001"",""2001"",""2001"",""2001"",""2001"",""2001"",""2001"",""2001"",""2001"",""2001"",""2001"",""2001"",""2001"",""2001"",""2001"",""2001"",""2001"",""2001"",""2001"",""2001"",""2001"",""2001"",""2001"",""2001"",""2001"",""2001"",""2001"",""2001"",""2001"",""2001"",""2001"",""2001"",""2001"",""2001"",""2001"",""2001"",""2001"",""2001"",""2001"",""2001"",""2001"",""2001"",""2001"",""2001"",""2001"",""2001"",""2001"",""2001"",""2001"",""2001"",""2001"",""2001"",""2001"",""2001"",""2001"",""2001"",""2001"",""2001"",""2001"",""2001"",""2001"",""2001"",""2001"",""2001"",""2001"",""2001"",""2001"",""2001"",""2001"",""2001"",""2001"",""2001"",""2001"",""2001"",""2001"",""2001"",""2001"",""2001"",""2001"",""2001"",""2001"",""2001"",""2001"",""2001"",""2001"",""2001"",""2001"",""2001"",""2001"",""2001"",""2001"",""2001"",""2001"",""2001"",""2001"",""2001"",""2001"",""2001"",""2001"",""2001"",""2001"",""2001"",""2001"",""2001"",""2001"",""2001"",""2001"",""2001"",""2001"",""2001"",""2001"",""2001"",""2001"",""2001"",""2001"",""2001"",""2001"",""2001"",""2001"",""2001"",""2001"",""2001"",""2001"",""2001"",""2001"",""2001"",""2001"",""2001"",""2001"",""2001"",""2001"",""2001"",""2001"",""2001"",""2001"",""2001"",""2001"",""2001"",""2001"",""2001"",""2001"",""2001"",""2001"",""2001"",""2001"",""2001"",""2001"",""2001"",""2001"",""2001"",""2001"",""2001"",""2001"",""2001"",""2001"",""2001"",""2001"",""2001"",""2001"",""2001"",""2001"",""2001"",""2001"",""2001"",""2001"",""2001"",""2001"",""2001"",""2001"",""2001"",""2001"",""2001"",""2001"",""2001"",""2001"",""2001"",""2001"",""2001"",""2001"",""2001"",""2001"",""2001"",""2001"",""2001"",""2001"",""2001"",""2001"",""2001"",""2001"",""2001"",""2001"",""2001"",""2001"",""2001"",""2001"",""2001"",""2001"",""2001"",""2001"",""2001"",""2001"",""2001"",""2001"",""2001"",""2001"",""2001"",""2001"",""2001"",""2001"",""2001"",""2001"",""2001"",""2001"",""2001"",""2001"",""2001"",""2001"",""2001"",""2001"",""2001"",""2001"",""2001"",""2001"",""2001"",""2001"",""2001"",""2001"",""2001"",""2001"",""2001"",""2001"",""2001"",""2001"",""2001"",""2001"",""2001"",""2001"",""2001"",""2001"",""2001"",""2001"",""2001"",""2001"",""2001"",""2001"",""2001"",""2001"",""2001"",""2001"",""2001"",""2001"",""2001"",""2001"",""2001"",""2001"",""2001"",""2001"",""2001"",""2001"",""2001"",""2001"",""2001"",""2001"",""2001"",""2001"",""2001"",""2001"",""2001"",""2001"",""2001"",""2001"",""2001"",""2001"",""2001"",""2001"",""2001"",""2001"",""2001"",""2001"",""2001"",""2001"",""2001"",""2001"",""2001"",""2001"",""2001"",""2001"",""2001"",""2001"",""2001"",""2001"",""2001"",""2001"",""2001"",""2001"",""2001"",""2001"",""2001"",""2001"",""2001"",""2001"",""2001"",""2001"",""2001"",""2001"",""2001"",""2001"",""2001"",""2001"",""2001"",""2001"",""2001"",""2001"",""2001"",""2001"",""2001"",""2001"",""2001"",""2001"",""2001"",""2001"",""2001"",""2001"",""2001"",""2001"",""2001"",""2001"",""2001"",""2001"",""2001"",""2001"",""2001"",""2001"",""2001"",""2001"",""2001"",""2001"",""2001"",""2001"",""2001"",""2001"",""2001"",""2001"",""2001"",""2001"",""2001"",""2001"",""2001"",""2001"",""2001"",""2001"",""2001"",""2001"",""2001"",""2001"",""2001"",""2001"",""2001"",""2001"",""2001"",""2001"",""2001"",""2001"",""2001"",""2001"",""2001"",""2001"",""2001"",""2001"",""2001"",""2001"",""2001"",""2001"",""2001"",""2001"",""2001"",""2001"",""2001"",""2001"",""2001"",""2001"",""2001"",""2001"",""2001"",""2001"",""2001"",""2001"",""2001"",""2001"",""2001"",""2001"",""2001"",""2001"",""2001"",""2001"",""2001"",""2001"",""2001"",""2001"",""2001"",""2001"",""2001"",""2001"",""2001"",""2001"",""2001"",""2001"",""2001"",""2001"",""2001"",""2001"",""2001"",""2001"",""2001"",""2001"",""2001"",""2001"",""2001"",""2001"",""2001"",""2001"",""2001"",""2001"",""2001"",""2001"",""2001"",""2001"",""2001"",""2001"",""2001"",""2001"",""2001"",""2001"",""2001"",""2001"",""2001"",""2001"",""2001"",""2001"",""2001"",""2001"",""2001"",""2001"",""2001"",""2001"",""2001"",""2001"",""2001"",""2001"",""2001"",""2001"",""2001"",""2001"",""2001"",""2001"",""2001"",""2001"",""2001"",""2001"",""2001"",""2001"",""2001"",""2001"",""2001"",""2001"",""2001"",""2001"",""2001"",""2001"",""2001"",""2001"",""2001"",""2001"",""2001"",""2001"",""2001"",""2001"",""2001"",""2001"",""2001"",""2001"",""2001"",""2001"",""2001"",""2001"",""2001"",""2001"",""2001"",""2001"",""2001"",""2001"",""2001"",""2001"",""2001"",""2001"",""2001"",""2001"",""2001"",""2001"",""2001"",""2001"",""2001"",""2001"",""2001"",""2001"",""2001"",""2001"",""2001"",""2001"",""2001"",""2001"",""2001"",""2001"",""2001"",""2001"",""2001"",""2001"",""2001"",""2001"",""2001"",""2001"",""2001"",""2001"",""2001"",""2001"",""2001"",""2001"",""2001"",""2001"",""2001"",""2001"",""2001"",""2001"",""2001"",""2001"",""2001"",""2001"",""2001"",""2001"",""2001"",""2001"",""2001"",""2001"",""2001"",""2001"",""2001"",""2001"",""2001"",""2001"",""2001"",""2001"",""2001"",""2001"",""2001"",""2001"",""2001"",""2001"",""2001"",""2001"",""2001"",""2001"",""2001"",""2001"",""2001"",""2001"",""2001"",""2001"",""2001"",""2001"",""2001"",""2001"",""2001"",""2001"",""2001"",""2001"",""2001"",""2001"",""2001"",""2001"",""2001"",""2001"",""2001"",""2001"",""2001"",""2001"",""2001"",""2001"",""2001"",""2001"",""2001"",""2001"",""2001"",""2001"",""2001"",""2001"",""2001"",""2001"",""2001"",""2001"",""2001"",""2001"",""2001"",""2001"",""2001"",""2001"",""2001"",""2001"",""2001"",""2001"",""2001"",""2001"",""2001"",""2001"",""2001"",""2001"",""2001"",""2001"",""2001"",""2001"",""2001"",""2001"",""2001"",""2001"",""2001"",""2001"",""2001"",""2001"",""2001"",""2001"",""2001"",""2001"",""2001"",""2001"",""2001"",""2001"",""2001"",""2001"",""2001"",""2001"",""2001"",""2001"",""2001"",""2001"",""2001"",""2001"",""2001"",""2001"",""2001"",""2001"",""2001"",""2001"",""2001"",""2001"",""2001"",""2001"",""2001"",""2001"",""2001"",""2001"",""2001"",""2001"",""2001"",""2001"",""2001"",""2001"",""2001"",""2001"",""2001"",""2001"",""2001"",""2001"",""2001"",""2001"",""2001"",""2001"",""2001"",""2001"",""2001"",""2001"",""2001"",""2001"",""2001"",""2001"",""2001"",""2001"",""2001"",""2001"",""2001"",""2001"",""2001"",""2001"",""2001"",""2001"",""2001"",""2001"",""2001"",""2001"",""2001"",""2001"",""2001"",""2001"",""2001"",""2001"",""2001"",""2001"",""2001"",""2001"",""2001"",""2001"",""2001"",""2001"",""2001"",""2001"",""2001"",""2001"",""2001"",""2001"",""2001"",""2001"",""2001"",""2001"",""2001"",""2001"",""2001"",""2001"",""2001"",""2001"",""2001"",""2001"",""2001"",""2001"",""2001"",""2001"",""2001"",""2001"",""2001"",""2001"",""2001"",""2001"",""2001"",""2001"",""2001"",""2001"",""2001"",""2001"",""2001"",""2001"",""2001"",""2001"",""2001"",""2001"",""2001"",""2001"",""2001"",""2001"",""2001"",""2001"",""2001"",""2001"",""2001"",""2001"",""2001"",""2001"",""2001"",""2001"",""2001"",""2001"",""2001"",""2001"",""2001"",""2001"",""2001"",""2001"",""2001"",""2001"",""2001"",""2001"",""2001"",""2001"",""2001"",""2001"",""2001"",""2001"",""2001"",""2001"",""2001"",""2001"",""2001"",""2001"",""2001"",""2001"",""2001"",""2001"",""2001"",""2001"",""2001"",""2001"",""2001"",""2001"",""2001"",""2001"",""2001"",""2001"",""2001"",""2001"",""2001"",""2001"",""2001"",""2001"",""2001"",""2001"",""2001"",""2001"",""2001"",""2001"",""2001"",""2001"",""2001"",""2001"",""2001"",""2001"",""2001"",""2001"",""2001"",""2001"",""2001"",""2001"",""2001"",""2001"",""2001"",""2001"",""2001"",""2001"",""2001"",""2001"",""2001"",""2001"",""2001"",""2001"",""2001"",""2001"",""2001"",""2001"",""2001"",""2001"",""2001"",""2001"",""2001"",""2001"",""2001"",""2001"",""2001"",""2001"",""2001"",""2001"",""2001"",""2001"",""2001"",""2001"",""2001"",""2001"",""2001"",""2001"",""2001"",""2001"",""2001"",""2001"",""2001"",""2001"",""2001"",""2001"",""2001"",""2001"",""2001"",""2001"",""2001"",""2001"",""2001"",""2001"",""2001"",""2001"",""2001"",""2001"",""2001"",""2001"",""2001"",""2001"",""2001"",""2001"",""2001"",""2001"",""2001"",""2001"",""2001"",""2001"",""2001"",""2001"",""2001"",""2001"",""2001"",""2001"",""2001"",""2001"",""2001"",""2001"",""2001"",""2001"",""2001"",""2001"",""2001"",""2001"",""2001"",""2001"",""2001"",""2001"",""2001"",""2001"",""2001"",""2001"",""2001"",""2001"",""2001"",""2001"",""2001"",""2001"",""2001"",""2001"",""2001"",""2001"",""2001"",""2001"",""2001"",""2001"",""2001"",""2001"",""2001"",""2001"",""2001"",""2001"",""2001"",""2001"",""2001"",""2001"",""2001"",""2001"",""2001"",""2001"",""2001"",""2001"",""2001"",""2001"",""2001"",""2001"",""2001"",""2001"",""2001"",""2001"",""2001"",""2001"",""2001"",""2001"",""2001"",""2001"",""2001"",""2001"",""2001"",""2001"",""2001"",""2001"",""2001"",""2001"",""2001"",""2001"",""2001"",""2001"",""2001"",""2001"",""2001"",""2001"",""2001"",""2001"",""2001"",""2001"",""2001"",""2001"",""2001"",""2001"",""2001"",""2001"",""2001"",""2001"",""2001"",""2001"",""2001"",""2001"",""2001"",""2001"",""2001"",""2001"",""2001"",""2001"",""2001"",""2001"",""2001"",""2001"",""2001"",""2001"",""2001"",""2001"",""2001"",""2001"",""2001"",""2001"",""2001"",""2001"",""2001"",""2001"",""2001"",""2001"",""2001"",""2001"",""2001"",""2001"",""2001"",""2001"",""2001"",""2001"",""2001"",""2001"",""2001"",""2001"",""2001"",""2001"",""2001"",""2001"",""2001"",""2001"",""2001"",""2001"",""2001"",""2001"",""2001"",""2001"",""2001"",""2001"",""2001"",""2001"",""2001"",""2001"",""2001"",""2001"",""2001"",""2001"",""2001"",""2001"",""2001"",""2001"",""2001"",""2001"",""2001"",""2001"",""2001"",""2001"",""2001"",""2001"",""2001"",""2001"",""2001"",""2001"",""2001"",""2001"",""2001"",""2001"",""2001"",""2001"",""2001"",""2001"",""2001"",""2001"",""2001"",""2001"",""2001"",""2001"",""2001"",""2001"",""2001"",""2001"",""2001"",""2001"",""2001"",""2001"",""2001"",""2001"",""2001"",""2001"",""2001"",""2001"",""2001"",""2001"",""2001"",""2001"",""2001"",""2001"",""2001"",""2001"",""2001"",""2001"",""2001"",""2001"",""2001"",""2001"",""2001"",""2001"",""2001"",""2001"",""2001"",""2001"",""2001"",""2001"",""2001"",""2001"",""2001"",""2001"",""2001"",""2001"",""2001"",""2001"",""2001"",""2001"",""2001"",""2001"",""2001"",""2001"",""2001"",""2001"",""2001"",""2001"",""2001"",""2001"",""2001"",""2001"",""2001"",""2001"",""2001"",""2001"",""2001"",""2001"",""2001"",""2001"",""2001"",""2001"",""2001"",""2001"",""2001"",""2001"",""2001"",""2001"",""2001"",""2001"",""2001"",""2001"",""2001"",""2001"",""2001"",""2001"",""2001"",""2001"",""2001"",""2001"",""2001"",""2001"",""2001"",""2001"",""2001"",""2001"",""2001"",""2001"",""2001"",""2001"",""2001"",""2001"",""2001"",""2001"",""2001"",""2001"",""2001"",""2001"",""2001"",""2001"",""2001"",""2001"",""2001"",""2001"",""2001"",""2001"",""2001"",""2001"",""2001"",""2001"",""2001"",""2001"",""2001"",""2001"",""2001"",""2001"",""2001"",""2001"",""2001"",""2001"",""2001"",""2001"",""2001"",""2001"",""2001"",""2001"",""2001"",""2001"",""2001"",""2001"",""2001"",""2001"",""2001"",""2001"",""2001"",""2001"",""2001"",""2001"",""2001"",""2001"",""2001"",""2001"",""2001"",""2001"",""2001"",""2001"",""2001"",""2001"",""2001"",""2001"",""2001"",""2001"",""2001"",""2001"",""2001"",""2001"",""2001"",""2001"",""2001"",""2001"",""2001"",""2001"",""2001"",""2001"",""2001"",""2001"",""2001"",""2001"",""2001"",""2001"",""2001"",""2001"",""2001"",""2001"",""2001"",""2001"",""2001"",""2001"",""2001"",""2001"",""2001"",""2001"",""2001"",""2001"",""2001"",""2001"",""2001"",""2001"",""2001"",""2001"",""2001"",""2001"",""2001"",""2001"",""2001"",""2001"",""2001"",""2001"",""2001"",""2001"",""2001"",""2001"",""2001"",""2001"",""2001"",""2001"",""2001"",""2001"",""2001"",""2001"",""2001"",""2001"",""2001"",""2001"",""2001"",""2001"",""2001"",""2001"",""2001"",""2001"",""2001"",""2001"",""2001"",""2001"",""2001"",""2001"",""2001"",""2001"",""2001"",""2001"",""2001"",""2001"",""2001"",""2001"",""2001"",""2001"",""2001"",""2001"",""2001"",""2001"",""2001"",""2001"",""2001"",""2001"",""2001"",""2001"",""2001"",""2001"",""2001"",""2001"",""2001"",""2001"",""2001"",""2001"",""2001"",""2001"",""2001"",""2001"",""2001"",""2001"",""2001"",""2001"",""2001"",""2001"",""2001"",""2001"",""2001"",""2001"",""2001"",""2001"",""2001"",""2001"",""2001"",""2001"",""2001"",""2001"",""2001"",""2001"",""2001"",""2001"",""2001"",""2001"",""2001"",""2001"",""2001"",""2001"",""2001"",""2001"",""2001"",""2001"",""2001"",""2001"",""2001"",""2001"",""2001"",""2001"",""2001"",""2001"",""2001"",""2001"",""2001"",""2001"",""2001"",""2001"",""2001"",""2001"",""2001"",""2001"",""2001"",""2001"",""2001"",""2001"",""2001"",""2001"",""2001"",""2001"",""2001"",""2001"",""2001"",""2001"",""2001"",""2001"",""2001"",""2001"",""2001"",""2001"",""2001"",""2001"",""2001"",""2001"",""2001"",""2001"",""2001"",""2001"",""2001"",""2001"",""2001"",""2001"",""2001"",""2001"",""2001"",""2001"",""2001"",""2001"",""2001"",""2001"",""2001"",""2001"",""2001"",""2001"",""2001"",""2001"",""2001"",""2001"",""2001"",""2001"",""2001"",""2001"",""2001"",""2001"",""2001"",""2001"",""2001"",""2001"",""2001"",""2001"",""2001"",""2001"",""2001"",""2001"",""2001"",""2001"",""2001"",""2001"",""2001"",""2001"",""2001"",""2001"",""2001"",""2001"",""2001"",""2001"",""2001"",""2001"",""2001"",""2001"",""2001"",""2001"",""2001"",""2001"",""2001"",""2001"",""2001"",""2001"",""2001"",""2001"",""2001"",""2001"",""2001"",""2001"",""2001"",""2001"",""2001"",""2001"",""2001"",""2001"",""2001"",""2001"",""2001"",""2001"",""2001"",""2001"",""2001"",""2001"",""2001"",""2001"",""2001"",""2001"",""2001"",""2001"",""2001"",""2001"",""2001"",""2001"",""2001"",""2001"",""2001"",""2001"",""2001"",""2001"",""2001"",""2001"",""2001"",""2001"",""2001"",""2001"",""2001"",""2001"",""2001"",""2001"",""2001"",""2001"",""2001"",""2001"",""2001"",""2001"",""2001"",""2001"",""2001"",""2001"",""2001"",""2001"",""2001"",""2001"",""2001"",""2001"",""2001"",""2001"",""2001"",""2001"",""2001"",""2001"",""2001"",""2001"",""2001"",""2001"",""2001"",""2001"",""2001"",""2001"",""2001"",""2001"",""2001"",""2001"",""2001"",""2001"",""2001"",""2001"",""2001"",""2001"",""2001"",""2001"",""2001"",""2001"",""2001"",""2001"",""2001"",""2001"",""2001"",""2001"",""2001"",""2001"",""2001"",""2001"",""2001"",""2001"",""2001"",""2001"",""2001"",""2001"",""2001"",""2001"",""2001"",""2001"",""2001"",""2001"",""2001"",""2001"",""2001"",""2001"",""2001"",""2001"",""2001"",""2001"",""2001"",""2001"",""2001"",""2001"",""2001"",""2001"",""2001"",""2001"",""2001"",""2001"",""2001"",""2001"",""2001"",""2001"",""2001"",""2001"",""2001"",""2001"",""2001"",""2001"",""2001"",""2001"",""2001"",""2001"",""2001"",""2001"",""2001"",""2001"",""2001"",""2001"",""2001"",""2001"",""2001"",""2001"",""2001"",""2001"",""2001"",""2001"",""2001"",""2001"",""2001"",""2001"",""2001"",""2001"",""2001"",""2001"",""2001"",""2001"",""2001"",""2001"",""2001"",""2001"",""2001"",""2001"",""2001"",""2001"",""2001"",""2001"",""2001"",""2001"",""2001"",""2001"",""2001"",""2001"",""2001"",""2001"",""2001"",""2001"",""2001"",""2001"",""2001"",""2001"",""2001"",""2001"",""2001"",""2001"",""2001"",""2001"",""2001"",""2001"",""2001"",""2001"",""2001"",""2001"",""2001"",""2001"",""2001"",""2001"",""2001"",""2001"",""2001"",""2001"",""2001"",""2001"",""2001"",""2001"",""2001"",""2001"",""2001"",""2001"",""2001"",""2001"",""2001"",""2001"",""2001"",""2001"",""2001"",""2001"",""2001"",""2001"",""2001"",""2001"",""2001"",""2001"",""2001"",""2001"",""2001"",""2001"",""2001"",""2001"",""2001"",""2001"",""2001"",""2001"",""2001"",""2001"",""2001"",""2001"",""2001"",""2001"",""2001"",""2001"",""2001"",""2001"",""2001"",""2001"",""2001"",""2001"",""2001"",""2001"",""2001"",""2001"",""2001"",""2001"",""2001"",""2001"",""2001"",""2001"",""2001"",""2001"",""2001"",""2001"",""2001"",""2001"",""2001"",""2001"",""2001"",""2001"",""2001"",""2001"",""2001"",""2001"",""2001"",""2001"",""2001"",""2001"",""2001"",""2001"",""2001"",""2001"",""2001"",""2001"",""2001"",""2001"",""2001"",""2001"",""2001"",""2001"",""2001"",""2001"",""2001"",""2001"",""2001"",""2001"",""2001"",""2001"",""2001"",""2001"",""2001"",""2001"",""2001"",""2001"",""2001"",""2001"",""2001"",""2001"",""2001"",""2001"",""2001"",""2001"",""2001"",""2001"",""2001"",""2001"",""2001"",""2001"",""2001"",""2001"",""2001"",""2001"",""2001"",""2001"",""2001"",""2001"",""2001"",""2001"",""2001"",""2001"",""2001"",""2001"",""2001"",""2001"",""2001"",""2001"",""2001"",""2001"",""2001"",""2001"",""2001"",""2001"",""2001"",""2001"",""2001"",""2001"",""2001"",""2001"",""2001"",""2001"",""2001"",""2001"",""2001"",""2001"",""2001"",""2001"",""2001"",""2001"",""2001"",""2001"",""2001"",""2001"",""2001"",""2001"",""2001"",""2001"",""2001"",""2001"",""2001"",""2001"",""2001"",""2001"",""2001"",""2001"",""2001"",""2001"",""2001"",""2001"",""2001"",""2001"",""2001"",""2001"",""2001"",""2001"",""2001"",""2001"",""2001"",""2001"",""2001"",""2001"",""2001"",""2001"",""2001"",""2001"",""2001"",""2001"",""2001"",""2001"",""2001"",""2001"",""2001"",""2001"",""2001"",""2001"",""2001"",""2001"",""2001"",""2001"",""2001"",""2001"",""2001"",""2001"",""2001"",""2001"",""2001"",""2001"",""2001"",""2001"",""2001"",""2001"",""2001"",""2001"",""2001"",""2001"",""2001"",""2001"",""2001"",""2001"",""2001"",""2001"",""2001"",""2001"",""2001"",""2001"",""2001"",""2001"",""2001"",""2001"",""2001"",""2001"",""2001"",""2001"",""2001"",""2001"",""2001"",""2001"",""2001"",""2001"",""2001"",""2001"",""2001"",""2001"",""2001"",""2001"",""2001"",""2001"",""2001"",""2001"",""2001"",""2001"",""2001"",""2001"",""2001"",""2001"",""2001"",""2001"",""2001"",""2001"",""2001"",""2001"",""2001"",""2001"",""2001"",""2001"",""2001"",""2001"",""2001"",""2001"",""2001"",""2001"",""2001"",""2001"",""2001"",""2001"",""2001"",""2001"",""2001"",""2001"",""2001"",""2001"",""2001"",""2001"",""2001"",""2001"",""2001"",""2001"",""2001"",""2001"",""2001"",""2001"",""2001"",""2001"",""2001"",""2001"",""2001"",""2001"",""2001"",""2001"",""2001"",""2001"",""2001"",""2001"",""2001"",""2001"",""2001"",""2001"",""2001"",""2001"",""2001"",""2001"",""2001"",""2001"",""2001"",""2001"",""2001"",""2001"",""2001"",""2001"",""2001"",""2001"",""2001"",""2001"",""2001"",""2001"",""2001"",""2001"",""2001"",""2001"",""2001"",""2001"",""2001"",""2001"",""2001"",""2001"",""2001"",""2001"",""2001"",""2001"",""2001"",""2001"",""2001"",""2001"",""2001"",""2001"",""2001"",""2001"",""2001"",""2001"",""2001"",""2001"",""2001"",""2001"",""2001"",""2001"",""2001"",""2001"",""2001"",""2001"",""2001"",""2001"",""2001"",""2001"",""2001"",""2001"",""2001"",""2001"",""2001"",""2001"",""2001"",""2001"",""2001"",""2001"",""2001"",""2001"",""2001"",""2001"",""2001"",""2001"",""2001"",""2001"",""2001"",""2001"",""2001"",""2001"",""2001"",""2001"",""2001"",""2001"",""2001"",""2001"",""2001"",""2001"",""2001"",""2001"",""2001"",""2001"",""2001"",""2001"",""2001"",""2001"",""2001"",""2001"",""2001"",""2001"",""2001"",""2001"",""2001"",""2001"",""2001"",""2001"",""2001"",""2001"",""2001"",""2001"",""2001"",""2001"",""2001"",""2001"",""2001"",""2001"",""2001"",""2001"",""2001"",""2001"",""2001"",""2001"",""2001"",""2001"",""2001"",""2001"",""2001"",""2001"",""2001"",""2001"",""2001"",""2001"",""2001"",""2001"",""2001"",""2001"",""2001"",""2001"",""2001"",""2001"",""2001"",""2001"",""2001"",""2001"",""2001"",""2001"",""2001"",""2001"",""2001"",""2001"",""2001"",""2001"",""2001"",""2001"",""2001"",""2001"",""2001"",""2001"",""2001"",""2001"",""2001"",""2001"",""2001"",""2001"",""2001"",""2001"",""2001"",""2001"",""2001"",""2001"",""2001"",""2001"",""2001"",""2001"",""2001"",""2001"",""2001"",""2001"",""2001"",""2001"",""2001"",""2001"",""2001"",""2001"",""2001"",""2001"",""2001"",""2001"",""2001"",""2001"",""2001"",""2001"",""2001"",""2001"",""2001"",""2001"",""2001"",""2001"",""2001"",""2001"",""2001"",""2001"",""2001"",""2001"",""2001"",""2001"",""2001"",""2001"",""2001"",""2001"",""2001"",""2001"",""2001"",""2001"",""2001"",""2001"",""2001"",""2001"",""2001"",""2001"",""2001"",""2001"",""2001"",""2001"",""2001"",""2001"",""2001"",""2001"",""2001"",""2001"",""2001"",""2001"",""2001"",""2001"",""2001"",""2001"",""2001"",""2001"",""2001"",""2001"",""2001"",""2001"",""2001"",""2001"",""2001"",""2001"",""2001"",""2001"",""2001"",""2001"",""2001"",""2001"",""2001"",""2001"",""2001"",""2001"",""2001"",""2001"",""2001"",""2001"",""2001"",""2001"",""2001"",""2001"",""2001"",""2001"",""2001"",""2001"",""2001"",""2001"",""2001"",""2001"",""2001"",""2001"",""2001"",""2001"",""2001"",""2001"",""2001"",""2001"",""2001"",""2001"",""2001"",""2001"",""2001"",""2001"",""2001"",""2001"",""2001"",""2001"",""2001"",""2001"",""2001"",""2001"",""2001"",""2001"",""2001"",""2001"",""2001"",""2001"",""2001"",""2001"",""2001"",""2001"",""2001"",""2001"",""2001"",""2001"",""2001"",""2001"",""2001"",""2001"",""2001"",""2001"",""2001"",""2001"",""2001"",""2001"",""2001"",""2001"",""2001"",""2001"",""2001"",""2001"",""2001"",""2001"",""2001"",""2001"",""2001"",""2001"",""2001"",""2001"",""2001"",""2001"",""2001"",""2001"",""2001"",""2001"",""2001"",""2001"",""2001"",""2001"",""2001"",""2001"",""2001"",""2001"",""2001"",""2001"",""2001"",""2001"",""2001"",""2001"",""2001"",""2001"",""2001"",""2001"",""2001"",""2001"",""2001"",""2001"",""2001"",""2001"",""2001"",""2001"",""2001"",""2001"",""2001"",""2001"",""2001"",""2001"",""2001"",""2001"",""2001"",""2001"",""2001"",""2001"",""2001"",""2001"",""2001"",""2001"",""2001"",""2001"",""2001"",""2001"",""2001"",""2001"",""2001"",""2001"",""2001"",""2001"",""2001"",""2001"",""2001"",""2001"",""2001"",""2001"",""2001"",""2001"",""2001"",""2001"",""2001"",""2001"",""2001"",""2001"",""2001"",""2001"",""2001"",""2001"",""2001"",""2001"",""2001"",""2001"",""2001"",""2001"",""2001"",""2001"",""2001"",""2001"",""2001"",""2001"",""2001"",""2001"",""2001"",""2001"",""2001"",""2001"",""2001"",""2001"",""2001"",""2001"",""2001"",""2001"",""2001"",""2001"",""2001"",""2001"",""2001"",""2001"",""2001"",""2001"",""2001"",""2001"",""2001"",""2001"",""2001"",""2001"",""2001"",""2001"",""2001"",""2001"",""2001"",""2001"",""2001"",""2001"",""2001"",""2001"",""2001"",""2001"",""2001"",""2001"",""2001"",""2001"",""2001"",""2001"",""2001"",""2001"",""2001"",""2001"",""2001"",""2001"",""2001"",""2001"",""2001"",""2001"",""2001"",""2001"",""2001"",""2001"",""2001"",""2001"",""2001"",""2001"",""2001"",""2001"",""2001"",""2001"",""2001"",""2001"",""2001"",""2001"",""2001"",""2001"",""2001"",""2001"",""2001"",""2001"",""2001"",""2001"",""2001"",""2001"",""2001"",""2001"",""2001"",""2001"",""2001"",""2001"",""2001"",""2001"",""2001"",""2001"",""2001"",""2001"",""2001"",""2001"",""2001"",""2001"",""2001"",""2001"",""2001"",""2001"",""2001"",""2001"",""2001"",""2001"",""2001"",""2001"",""2001"",""2001"",""2001"",""2001"",""2001"",""2001"",""2001"",""2001"",""2001"",""2001"",""2001"",""2001"",""2001"",""2001"",""2001"",""2001"",""2001"",""2001"",""2001"",""2001"",""2001"",""2001"",""2001"",""2001"",""2001"",""2001"",""2001"",""2001"",""2001"",""2001"",""2001"",""2001"",""2001"",""2001"",""2001"",""2001"",""2001"",""2001"",""2001"",""2001"",""2001"",""2001"",""2001"",""2001"",""2001"",""2001"",""2001"",""2001"",""2001"",""2001"",""2001"",""2001"",""2001"",""2001"",""2001"",""2001"",""2001"",""2001"",""2001"",""2001"",""2001"",""2001"",""2001"",""2001"",""2001"",""2001"",""2001"",""2001"",""2001"",""2001"",""2001"",""2001"",""2001"",""2001"",""2001"",""2001"",""2001"",""2001"",""2001"",""2001"",""2001"",""2001"",""2001"",""2001"",""2001"",""2001"",""2001"",""2001"",""2001"",""2001"",""2001"",""2001"",""2001"",""2001"",""2001"",""2001"",""2001"",""2001"",""2001"",""2001"",""2001"",""2001"",""2001"",""2001"",""2001"",""2001"",""2001"",""2001"",""2001"",""2001"",""2001"",""2001"",""2001"",""2001"",""2001"",""2001"",""2001"",""2001"",""2001"",""2001"",""2001"",""2001"",""2001"",""2001"",""2001"",""2001"",""2001"",""2001"",""2001"",""2001"",""2001"",""2001"",""2001"",""2001"",""2001"",""2001"",""2001"",""2001"",""2001"",""2001"",""2001"",""2001"",""2001"",""2001"",""2001"",""2001"",""2001"",""2001"",""2001"",""2001"",""2001"",""2001"",""2001"",""2001"",""2001"",""2001"",""2001"",""2001"",""2001"",""2001"",""2001"",""2001"",""2001"",""2001"",""2001"",""2001"",""2001"",""2001"",""2001"",""2001"",""2001"",""2001"",""2001"",""2001"",""2001"",""2001"",""2001"",""2001"",""2001"",""2001"",""2001"",""2001"",""2001"",""2001"",""2001"",""2001"",""2001"",""2001"",""2001"",""2001"",""2001"",""2001"",""2001"",""2001"",""2001"",""2001"",""2001"",""2001"",""2001"",""2001"",""2001"",""2001"",""2001"",""2001"",""2001"",""2001"",""2001"",""2001"",""2001"",""2001"",""2001"",""2001"",""2001"",""2001"",""2001"",""2001"",""2001"",""2001"",""2001"",""2001"",""2001"",""2001"",""2001"",""2001"",""2001"",""2001"",""2001"",""2001"",""2001"",""2001"",""2001"",""2001"",""2001"",""2001"",""2001"",""2001"",""2001"",""2001"",""2001"",""2001"",""2001"",""2001"",""2001"",""2001"",""2001"",""2001"",""2001"",""2001"",""2001"",""2001"",""2001"",""2001"",""2001"",""2001"",""2001"",""2001"",""2001"",""2001"",""2001"",""2001"",""2001"",""2001"",""2001"",""2001"",""2001"",""2001"",""2001"",""2001"",""2001"",""2001"",""2001"",""2001"",""2001"",""2001"",""2001"",""2001"",""2001"",""2001"",""2001"",""2001"",""2001"",""2001"",""2001"",""2001"",""2001"",""2001"",""2001"",""2001"",""2001"",""2001"",""2001"",""2001"",""2001"",""2001"",""2001"",""2001"",""2001"",""2001"",""2001"",""2001"",""2001"",""2001"",""2001"",""2001"",""2001"",""2001"",""2001"",""2001"",""2001"",""2001"",""2001"",""2001"",""2001"",""2001"",""2001"",""2001"",""2001"",""2001"",""2001"",""2001"",""2001"",""2001"",""2001"",""2001"",""2001"",""2001"",""2001"",""2001"",""2001"",""2001"",""2001"",""2001"",""2001"",""2001"",""2001"",""2001"",""2001"",""2001"",""2001"",""2001"",""2001"",""2001"",""2001"",""2001"",""2001"",""2001"",""2001"",""2001"",""2001"",""2001"",""2001"",""2001"",""2001"",""2001"",""2001"",""2001"",""2001"",""2001"",""2001"",""2001"",""2001"",""2001"",""2001"",""2001"",""2001"",""2001"",""2001"",""2001"",""2001"",""2001"",""2001"",""2001"",""2001"",""2001"",""2001"",""2001"",""2001"",""2001"",""2001"",""2001"",""2001"",""2001"",""2001"",""2001"",""2001"",""2001"",""2001"",""2001"",""2001"",""2001"",""2001"",""2001"",""2001"",""2001"",""2001"",""2001"",""2001"",""2001"",""2001"",""2001"",""2001"",""2001"",""2001"",""2001"",""2001"",""2001"",""2001"",""2001"",""2001"",""2001"",""2001"",""2001"",""2001"",""2001"",""2001"",""2001"",""2001"",""2001"",""2001"",""2001"",""2001"",""2001"",""2001"",""2001"",""2001"",""2001"",""2001"",""2001"",""2001"",""2001"",""2001"",""2001"",""2001"",""2001"",""2001"",""2001"",""2001"",""2001"",""2001"",""2001"",""2001"",""2001"",""2001"",""2001"",""2001"",""2001"",""2001"",""2001"",""2001"",""2001"",""2001"",""2001"",""2001"",""2001"",""2001"",""2001"",""2001"",""2001"",""2001"",""2001"",""2001"",""2001"",""2001"",""2001"",""2001"",""2001"",""2001"",""2001"",""2001"",""2001"",""2001"",""2001"",""2001"",""2001"",""2001"",""2001"",""2001"",""2001"",""2001"",""2001"",""2001"",""2001"",""2001"",""2001"",""2001"",""2001"",""2001"",""2001"",""2001"",""2001"",""2001"",""2001"",""2001"",""2001"",""2001"",""2001"",""2001"",""2001"",""2001"",""2001"",""2001"",""2001"",""2001"",""2001"",""2001"",""2001"",""2001"",""2001"",""2001"",""2001"",""2001"",""2001"",""2001"",""2001"",""2001"",""2001"",""2001"",""2001"",""2001"",""2001"",""2001"",""2001"",""2001"",""2001"",""2001"",""2001"",""2001"",""2001"",""2001"",""2001"",""2001"",""2001"",""2001"",""2001"",""2001"",""2001"",""2001"",""2001"",""2001"",""2001"",""2001"",""2001"",""2001"",""2001"",""2001"",""2001"",""2001"",""2001"",""2001"",""2001"",""2001"",""2001"",""2001"",""2001"",""2001"",""2001"",""2001"",""2001"",""2001"",""2001"",""2001"",""2001"",""2001"",""2001"",""2001"",""2001"",""2001"",""2001"",""2001"",""2001"",""2001"",""2001"",""2001"",""2001"",""2001"",""2001"",""2001"",""2001"",""2001"",""2001"",""2001"",""2001"",""2001"",""2001"",""2001"",""2001"",""2001"",""2001"",""2001"",""2001"",""2001"",""2001"",""2001"",""2001"",""2001"",""2001"",""2001"",""2001"",""2001"",""2001"",""2001"",""2001"",""2001"",""2001"",""2001"",""2001"",""2001"",""2001"",""2001"",""2001"",""2001"",""2001"",""2001"",""2001"",""2001"",""2001"",""2001"",""2001"",""2001"",""2001"",""2001"",""2001"",""2001"",""2001"",""2001"",""2001"",""2001"",""2001"",""2001"",""2001"",""2001"",""2001"",""2001"",""2001"",""2001"",""2001"",""2001"",""2001"",""2001"",""2001"",""2001"",""2001"",""2001"",""2001"",""2001"",""2001"",""2001"",""2001"",""2001"",""2001"",""2001"",""2001"",""2001"",""2001"",""2001"",""2001"",""2001"",""2001"",""2001"",""2001"",""2001"",""2001"",""2001"",""2001"",""2001"",""2001"",""2001"",""2001"",""2001"",""2001"",""2001"",""2001"",""2001"",""2001"",""2001"",""2001"",""2001"",""2001"",""2001"",""2001"",""2001"",""2001"",""2001"",""2001"",""2001"",""2001"",""2001"",""2001"",""2001"",""2001"",""2001"",""2001"",""2001"",""2001"",""2001"",""2001"",""2001"",""2001"",""2001"",""2001"",""2001"",""2001"",""2001"",""2001"",""2001"",""2001"",""2001"",""2001"",""2001"",""2001"",""2001"",""2001"",""2001"",""2001"",""2001"",""2001"",""2001"",""2001"",""2001"",""2001"",""2001"",""2001"",""2001"",""2001"",""2001"",""2001"",""2001"",""2001"",""2001"",""2001"",""2001"",""2001"",""2001"",""2001"",""2001"",""2001"",""2001"",""2001"",""2001"",""2001"",""2001"",""2001"",""2001"",""2001"",""2001"",""2001"",""2001"",""2001"",""2001"",""2001"",""2001"",""2001"",""2001"",""2001"",""2001"",""2001"",""2001"",""2001"",""2001"",""2001"",""2001"",""2001"",""2001"",""2001"",""2001"",""2001"",""2001"",""2001"",""2001"",""2001"",""2001"",""2001"",""2001"",""2001"",""2001"",""2001"",""2001"",""2001"",""2001"",""2001"",""2001"",""2001"",""2001"",""2001"",""2001"",""2001"",""2001"",""2001"",""2001"",""2001"",""2001"",""2001"",""2001"",""2001"",""2001"",""2001"",""2001"",""2001"",""2001"",""2001"",""2001"",""2001"",""2001"",""2001"",""2001"",""2001"",""2001"",""2001"",""2001"",""2001"",""2001"",""2001"",""2001"",""2001"",""2001"",""2001"",""2001"",""2001"",""2001"",""2001"",""2001"",""2001"",""2001"",""2001"",""2001"",""2001"",""2001"",""2001"",""2001"",""2001"",""2001"",""2001"",""2001"",""2001"",""2001"",""2001"",""2001"",""2001"",""2001"",""2001"",""2001"",""2001"",""2001"",""2001"",""2001"",""2001"",""2001"",""2001"",""2001"",""2001"",""2001"",""2001"",""2001"",""2001"",""2001"",""2001"",""2001"",""2001"",""2001"",""2001"",""2001"",""2001"",""2001"",""2001"",""2001"",""2001"",""2001"",""2001"",""2001"",""2001"",""2001"",""2001"",""2001"",""2001"",""2001"",""2001"",""2001"",""2001"",""2001"",""2001"",""2001"",""2001"",""2001"",""2001"",""2001"",""2001"",""2001"",""2001"",""2001"",""2001"",""2001"",""2001"",""2001"",""2001"",""2001"",""2001"",""2001"",""2001"",""2001"",""2001"",""2001"",""2001"",""2001"",""2001"",""2001"",""2001"",""2001"",""2001"",""2001"",""2001"",""2001"",""2001"",""2001"",""2001"",""2001"",""2001"",""2001"",""2001"",""2001"",""2001"",""2001"",""2001"",""2001"",""2001"",""2001"",""2001"",""2001"",""2001"",""2001"",""2001"",""2001"",""2001"",""2001"",""2001"",""2001"",""2001"",""2001"",""2001"",""2001"",""2001"",""2001"",""2001"",""2001"",""2001"",""2001"",""2001"",""2001"",""2001"",""2001"",""2001"",""2001"",""2001"",""2001"",""2001"",""2001"",""2001"",""2001"",""2001"",""2001"",""2001"",""2001"",""2001"",""2001"",""2001"",""2001"",""2001"",""2001"",""2001"",""2001"",""2001"",""2001"",""2001"",""2001"",""2001"",""2001"",""2001"",""2001"",""2001"",""2001"",""2001"",""2001"",""2001"",""2001"",""2001"",""2001"",""2001"",""2001"",""2001"",""2001"",""2001"",""2001"",""2001"",""2001"",""2001"",""2001"",""2001"",""2001"",""2001"",""2001"",""2001"",""2001"",""2001"",""2001"",""2001"",""2001"",""2001"",""2001"",""2001"",""2001"",""2001"",""2001"",""2001"",""2001"",""2001"",""2001"",""2001"",""2001"",""2001"",""2001"",""2001"",""2001"",""2001"",""2001"",""2001"",""2001"",""2001"",""2001"",""2001"",""2001"",""2001"",""2001"",""2001"",""2001"",""2001"",""2001"",""2001"",""2001"",""2001"",""2001"",""2001"",""2001"",""2001"",""2001"",""2001"",""2001"",""2001"",""2001"",""2001"",""2001"",""2001"",""2001"",""2001"",""2001"",""2001"",""2001"",""2001"",""2001"",""2001"",""2001"",""2001"",""2001"",""2001"",""2001"",""2001"",""2001"",""2001"",""2001"",""2001"",""2001"",""2001"",""2001"",""2001"",""2001"",""2001"",""2001"",""2001"",""2001"",""2001"",""2001"",""2001"",""2001"",""2001"",""2001"",""2001"",""2001"",""2001"",""2001"",""2001"",""2001"",""2001"",""2001"",""2001"",""2001"",""2001"",""2001"",""2001"",""2001"",""2001"",""2001"",""2001"",""2001"",""2001"",""2001"",""2001"",""2001"",""2001"",""2001"",""2001"",""2001"",""2001"",""2001"",""2001"",""2001"",""2001"",""2001"",""2001"",""2001"",""2001"",""2001"",""2001"",""2001"",""2001"",""2001"",""2001"",""2001"",""2001"",""2001"",""2001"",""2001"",""2001"",""2001"",""2001"",""2001"",""2001"",""2001"",""2001"",""2001"",""2001"",""2001"",""2001"",""2001"",""2001"",""2001"",""2001"",""2001"",""2001"",""2001"",""2001"",""2001"",""2001"",""2001"",""2001"",""2001"",""2001"",""2001"",""2001"",""2001"",""2001"",""2001"",""2001"",""2001"",""2001"",""2001"",""2001"",""2001"",""2001"",""2001"",""2001"",""2001"",""2001"",""2001"",""2001"",""2001"",""2001"",""2001"",""2001"",""2001"",""2001"",""2001"",""2001"",""2001"",""2001"",""2001"",""2001"",""2001"",""2001"",""2001"",""2001"",""2001"",""2001"",""2001"",""2001"",""2001"",""2001"",""2001"",""2001"",""2001"",""2001"",""2001"",""2001"",""2001"",""2001"",""2001"",""2001"",""2001"",""2001"",""2001"",""2001"",""2001"",""2001"",""2001"",""2001"",""2001"",""2001"",""2001"",""2001"",""2001"",""2001"",""2001"",""2001"",""2001"",""2001"",""2001"",""2001"",""2001"",""2001"",""2001"",""2001"",""2001"",""2001"",""2001"",""2001"",""2001"",""2001"",""2001"",""2001"",""2001"",""2001"",""2001"",""2001"",""2001"",""2001"",""2001"",""2001"",""2001"",""2001"",""2001"",""2001"",""2001"",""2001"",""2001"",""2001"",""2001"",""2001"",""2001"",""2001"",""2001"",""2001"",""2001"",""2001"",""2001"",""2001"",""2001"",""2001"",""2001"",""2001"",""2001"",""2001"",""2001"",""2001"",""2001"",""2001"",""2001"",""2001"",""2001"",""2001"",""2001"",""2001"",""2001"",""2001"",""2001"",""2001"",""2001"",""2001"",""2001"",""2001"",""2001"",""2001"",""2001"",""2001"",""2001"",""2001"",""2001"",""2001"",""2001"",""2001"",""2001"",""2001"",""2001"",""2001"",""2001"",""2001"",""2001"",""2001"",""2001"",""2001"",""2001"",""2001"",""2001"",""2001"",""2001"",""2001"",""2001"",""2001"",""2001"",""2001"",""2001"",""2001"",""2001"",""2001"",""2001"",""2001"",""2001"",""2001"",""2001"",""2001"",""2001"",""2001"",""2001"",""2001"",""2001"",""2001"",""2001"",""2001"",""2001"",""2001"",""2001"",""2001"",""2001"",""2001"",""2001"",""2001"",""2001"",""2001"",""2001"",""2001"",""2001"",""2001"",""2001"",""2001"",""2001"",""2001"",""2001"",""2001"",""2001"",""2001"",""2001"",""2001"",""2001"",""2001"",""2001"",""2001"",""2001"",""2001"",""2001"",""2001"",""2001"",""2001"",""2001"",""2001"",""2001"",""2001"",""2001"",""2001"",""2001"",""2001"",""2001"",""2001"",""2001"",""2001"",""2001"",""2001"",""2001"",""2001"",""2001"",""2001"",""2001"",""2001"",""2001"",""2001"",""2001"",""2001"",""2001"",""2001"",""2001"",""2001"",""2001"",""2001"",""2001"",""2001"",""2001"",""2001"",""2001"",""2001"",""2001"",""2001"",""2001"",""2001"",""2001"",""2001"",""2001"",""2001"",""2001"",""2001"",""2001"",""2001"",""2001"",""2001"",""2001"",""2001"",""2001"",""2001"",""2001"",""2001"",""2001"",""2001"",""2001"",""2001"",""2001"",""2001"",""2001"",""2001"",""2001"",""2001"",""2001"",""2001"",""2001"",""2001"",""2001"",""2001"",""2001"",""2001"",""2001"",""2001"",""2001"",""2001"",""2001"",""2001"",""2001"",""2001"",""2001"",""2001"",""2001"",""2001"",""2001"",""2001"",""2001"",""2001"",""2001"",""2001"",""2001"",""2001"",""2001"",""2001"",""2001"",""2001"",""2001"",""2001"",""2001"",""2001"",""2001"",""2001"",""2001"",""2001"",""2001"",""2001"",""2001"",""2001"",""2001"",""2001"",""2001"",""2001"",""2001"",""2001"",""2001"",""2001"",""2001"",""2001"",""2001"",""2001"",""2001"",""2001"",""2001"",""2001"",""2001"",""2001"",""2001"",""2001"",""2001"",""2001"",""2001"",""2001"",""2001"",""2001"",""2001"",""2001"",""2001"",""2001"",""2001"",""2001"",""2001"",""2001"",""2001"",""2001"",""2001"",""2001"",""2001"",""2001"",""2001"",""2001"",""2001"",""2001"",""2001"",""2001"",""2001"",""2001"",""2001"",""2001"",""2001"",""2001"",""2001"",""2001"",""2001"",""2001"",""2001"",""2001"",""2001"",""2001"",""2001"",""2001"",""2001"",""2001"",""2001"",""2001"",""2001"",""2001"",""2001"",""2001"",""2001"",""2001"",""2001"",""2001"",""2001"",""2001"",""2001"",""2001"",""2001"",""2001"",""2001"",""2001"",""2001"",""2001"",""2001"",""2001"",""2001"",""2001"",""2001"",""2001"",""2001"",""2001"",""2001"",""2001"",""2001"",""2001"",""2001"",""2001"",""2001"",""2001"",""2001"",""2001"",""2001"",""2001"",""2001"",""2001"",""2001"",""2001"",""2001"",""2001"",""2001"",""2001"",""2001"",""2001"",""2001"",""2001"",""2001"",""2001"",""2001"",""2001"",""2001"",""2001"",""2001"",""2001"",""2001"",""2001"",""2001"",""2001"",""2001"",""2001"",""2001"",""2001"",""2001"",""2001"",""2001"",""2001"",""2001"",""2001"",""2001"",""2001"",""2001"",""2001"",""2001"",""2001"",""2001"",""2001"",""2001"",""2001"",""2001"",""2001"",""2001"",""2001"",""2001"",""2001"",""2001"",""2001"",""2001"",""2001"",""2001"",""2001"",""2001"",""2001"",""2001"",""2001"",""2001"",""2001"",""2001"",""2001"",""2001"",""2001"",""2001"",""2001"",""2001"",""2001"",""2001"",""2001"",""2001"",""2001"",""2001"",""2001"",""2001"",""2001"",""2001"",""2001"",""2001"",""2001"",""2001"",""2001"",""2001"",""2001"",""2001"",""2001"",""2001"",""2001"",""2001"",""2001"",""2001"",""2001"",""2001"",""2001"",""2001"",""2001"",""2001"",""2001"",""2001"",""2001"",""2001"",""2001"",""2001"",""2001"",""2001"",""2001"",""2001"",""2001"",""2001"",""2001"",""2001"",""2001"",""2001"",""2001"",""2001"",""2001"",""2001"",""2001"",""2001"",""2001"",""2001"",""2001"",""2001"",""2001"",""2001"",""2001"",""2001"",""2001"",""2001"",""2001"",""2001"",""2001"",""2001"",""2001"",""2001"",""2001"",""2001"",""2001"",""2001"",""2001"",""2001"",""2001"",""2001"",""2001"",""2001"",""2001"",""2001"",""2001"",""2001"",""2001"",""2001"",""2001"",""2001"",""2001"",""2001"",""2001"",""2001"",""2001"",""2001"",""2001"",""2001"",""2001"",""2001"",""2001"",""2001"",""2001"",""2001"",""2001"",""2001"",""2001"",""2001"",""2001"",""2001"",""2001"",""2001"",""2001"",""2001"",""2001"",""2001"",""2001"",""2001"",""2001"",""2001"",""2001"",""2001"",""2001"",""2001"",""2001"",""2001"",""2001"",""2001"",""2001"",""2001"",""2001"",""2001"",""2001"",""2001"",""2001"",""2001"",""2001"",""2001"",""2001"",""2001"",""2001"",""2001"",""2001"",""2001"",""2001"",""2001"",""2001"",""2001"",""2001"",""2001"",""2001"",""2001"",""2001"",""2001"",""2001"",""2001"",""2001"",""2001"",""2001"",""2001"",""2001"",""2001"",""2001"",""2001"",""2001"",""2001"",""2001"",""2001"",""2001"",""2001"",""2001"",""2001"",""2001"",""2001"",""2001"",""2001"",""2001"",""2001"",""2001"",""2001"",""2001"",""2001"",""2001"",""2001"",""2001"",""2001"",""2001"",""2001"",""2001"",""2001"",""2001"",""2001"",""2001"",""2001"",""2001"",""2001"",""2001"",""2001"",""2001"",""2001"",""2001"",""2001"",""2001"",""2001"",""2001"",""2001"",""2001"",""2001"",""2001"",""2001"",""2001"",""2001"",""2001"",""2001"",""2001"",""2001"",""2001"",""2001"",""2001"",""2001"",""2001"",""2001"",""2001"",""2001"",""2001"",""2001"",""2001"",""2001"",""2001"",""2001"",""2001"",""2001"",""2001"",""2001"",""2001"",""2001"",""2001"",""2001"",""2001"",""2001"",""2001"",""2001"",""2001"",""2001"",""2001"",""2001"",""2001"",""2001"",""2001"",""2001"",""2001"",""2001"",""2001"",""2001"",""2001"",""2001"",""2001"",""2001"",""2001"",""2001"",""2001"",""2001"",""2001"",""2001"",""2001"",""2001"",""2001"",""2001"",""2001"",""2001"",""2001"",""2001"",""2001"",""2001"",""2001"",""2001"",""2001"",""2001"",""2001"",""2001"",""2001"",""2001"",""2001"",""2001"",""2001"",""2001"",""2001"",""2001"",""2001"",""2001"",""2001"",""2001"",""2001"",""2001"",""2001"",""2001"",""2001"",""2001"",""2001"",""2001"",""2001"",""2001"",""2001"",""2001"",""2001"",""2001"",""2001"",""2001"",""2001"",""2001"",""2001"",""2001"",""2001"",""2001"",""2001"",""2001"",""2001"",""2001"",""2001"",""2001"",""2001"",""2001"",""2001"",""2001"",""2001"",""2001"",""2001"",""2001"",""2001"",""2001"",""2001"",""2001"",""2001"",""2001"",""2001"",""2001"",""2001"",""2001"",""2001"",""2001"",""2001"",""2001"",""2001"",""2001"",""2001"",""2001"",""2001"",""2001"",""2001"",""2001"",""2001"",""2001"",""2001"",""2001"",""2001"",""2001"",""2001"",""2001"",""2001"",""2001"",""2001"",""2001"",""2001"",""2001"",""2001"",""2001"",""2001"",""2001"",""2001"",""2001"",""2001"",""2001"",""2001"",""2001"",""2001"",""2001"",""2001"",""2001"",""2001"",""2001"",""2001"",""2001"",""2001"",""2001"",""2001"",""2001"",""2001"",""2001"",""2001"",""2001"",""2001"",""2001"",""2001"",""2001"",""2001"",""2001"",""2001"",""2001"",""2001"",""2001"",""2001"",""2001"",""2001"",""2001"",""2001"",""2001"",""2001"",""2001"",""2001"",""2001"",""2001"",""2001"",""2001"",""2001"",""2001"",""2001"",""2001"",""2001"",""2001"",""2001"",""2001"",""2001"",""2001"",""2001"",""2001"",""2001"",""2001"",""2001"",""2001"",""2001"",""2001"",""2001"",""2001"",""2001"",""2001"",""2001"",""2001"",""2001"",""2001"",""2001"",""2001"",""2001"",""2001"",""2001"",""2001"",""2001"",""2001"",""2001"",""2001"",""2001"",""2001"",""2001"",""2001"",""2001"",""2001"",""2001"",""2001"",""2001"",""2001"",""2001"",""2001"",""2001"",""2001"",""2001"",""2001"",""2001"",""2001"",""2001"",""2001"",""2001"",""2001"",""2001"",""2001"",""2001"",""2001"",""2001"",""2001"",""2001"",""2001"",""2001"",""2001"",""2001"",""2001"",""2001"",""2001"",""2001"",""2001"",""2001"",""2001"",""2001"",""2001"",""2001"",""2001"",""2001"",""2001"",""2001"",""2001"",""2001"",""2001"",""2001"",""2001"",""2001"",""2001"",""2001"",""2001"",""2001"",""2001"",""2001"",""2001"",""2001"",""2001"",""2001"",""2001"",""2001"",""2001"",""2001"",""2001"",""2001"",""2001"",""2001"",""2001"",""2001"",""2001"",""2001"",""2001"",""2001"",""2001"",""2001"",""2001"",""2001"",""2001"",""2001"",""2001"",""2001"",""2001"",""2001"",""2001"",""2001"",""2001"",""2001"",""2001"",""2001"",""2001"",""2001"",""2001"",""2001"",""2001"",""2001"",""2001"",""2001"",""2001"",""2001"",""2001"",""2001"",""2001"",""2001"",""2001"",""2001"",""2001"",""2001"",""2001"",""2001"",""2001"",""2001"",""2001"",""2001"",""2001"",""2001"",""2001"",""2001"",""2001"",""2001"",""2001"",""2001"",""2001"",""2001"",""2001"",""2001"",""2001"",""2001"",""2001"",""2001"",""2001"",""2001"",""2001"",""2001"",""2001"",""2001"",""2001"",""2001"",""2001"",""2001"",""2001"",""2001"",""2001"",""2001"",""2001"",""2001"",""2001"",""2001"",""2001"",""2001"",""2001"",""2001"",""2001"",""2001"",""2001"",""2001"",""2001"",""2001"",""2001"",""2001"",""2001"",""2001""]",true,,,false,,false,captured_ephemeral
livebench,olympiad_expression,00eae856aa1c1a9e9d058a65a9a94d85884034c4,real-truncated-8b88e292ba1b4c5c-001,truncated,real_truncated,,false,non-integer gold_answer,not_applicable,non-integer gold_answer,,,,,,,,captured_ephemeral
livebench,olympiad_expression,00eae856aa1c1a9e9d058a65a9a94d85884034c4,real-truncated-bc0e37aef7f95216-001,truncated,real_truncated,,false,non-integer gold_answer,not_applicable,non-integer gold_answer,,,,,,,,captured_ephemeral
livebench,olympiad_expression,00eae856aa1c1a9e9d058a65a9a94d85884034c4,real-truncated-af0577d51fd778a1-001,truncated,real_truncated,,false,non-integer gold_answer,not_applicable,non-integer gold_answer,,,,,,,,captured_ephemeral
livebench,olympiad_expression,00eae856aa1c1a9e9d058a65a9a94d85884034c4,real-truncated-8ee42cd3eba12ec6-001,truncated,real_truncated,,false,non-integer gold_answer,not_applicable,non-integer gold_answer,,,,,,,,captured_ephemeral
livebench,olympiad_expression,00eae856aa1c1a9e9d058a65a9a94d85884034c4,real-truncated-11779f2fc604d057-001,truncated,real_truncated,,false,non-integer gold_answer,not_applicable,non-integer gold_answer,,,,,,,,captured_ephemeral
livebench,olympiad_expression,00eae856aa1c1a9e9d058a65a9a94d85884034c4,real-truncated-eface0049132e97d-001,truncated,real_truncated,,false,non-integer gold_answer,not_applicable,non-integer gold_answer,,,,,,,,captured_ephemeral
livebench,olympiad_expression,00eae856aa1c1a9e9d058a65a9a94d85884034c4,real-truncated-5713bc6fb1dfa8d0-001,truncated,real_truncated,,false,non-integer gold_answer,not_applicable,non-integer gold_answer,,,,,,,,captured_ephemeral
livebench,olympiad_expression,00eae856aa1c1a9e9d058a65a9a94d85884034c4,real-truncated-505bc873a129bcd1-001,truncated,real_truncated,,false,non-integer gold_answer,not_applicable,non-integer gold_answer,,,,,,,,captured_ephemeral
livebench,olympiad_expression,00eae856aa1c1a9e9d058a65a9a94d85884034c4,real-truncated-6853bba8299795d5-001,truncated,real_truncated,,true,,ok,,"[""1""]",true,,,false,,false,captured_ephemeral
livebench,olympiad_expression,00eae856aa1c1a9e9d058a65a9a94d85884034c4,real-truncated-20f1e0708a19abc4-001,truncated,real_truncated,,true,,ok,,,false,,,false,,false,captured_ephemeral
livebench,olympiad_expression,00eae856aa1c1a9e9d058a65a9a94d85884034c4,real-truncated-6e4eb7af77ed2ff8-001,truncated,real_truncated,,true,,ok,,,false,,,false,,false,captured_ephemeral
livebench,olympiad_expression,00eae856aa1c1a9e9d058a65a9a94d85884034c4,real-truncated-8ea28fa7707b3025-001,truncated,real_truncated,,false,non-integer gold_answer,not_applicable,non-integer gold_answer,,,,,,,,captured_ephemeral
livebench,olympiad_expression,00eae856aa1c1a9e9d058a65a9a94d85884034c4,real-truncated-d8eeb7b64dd7015a-001,truncated,real_truncated,,true,,ok,,"[""20""]",true,,,false,,false,captured_ephemeral
livebench,olympiad_expression,00eae856aa1c1a9e9d058a65a9a94d85884034c4,real-truncated-fb10e3776314a519-001,truncated,real_truncated,,false,non-integer gold_answer,not_applicable,non-integer gold_answer,,,,,,,,captured_ephemeral
livebench,olympiad_expression,00eae856aa1c1a9e9d058a65a9a94d85884034c4,real-truncated-ccd8a323f6c2b744-001,truncated,real_truncated,,false,non-integer gold_answer,not_applicable,non-integer gold_answer,,,,,,,,captured_ephemeral
livebench,olympiad_expression,00eae856aa1c1a9e9d058a65a9a94d85884034c4,real-truncated-1828f5a31563f6e3-001,truncated,real_truncated,,false,non-integer gold_answer,not_applicable,non-integer gold_answer,,,,,,,,captured_ephemeral
livebench,olympiad_expression,00eae856aa1c1a9e9d058a65a9a94d85884034c4,real-truncated-a5460d50cb8daafc-001,truncated,real_truncated,,false,non-integer gold_answer,not_applicable,non-integer gold_answer,,,,,,,,captured_ephemeral
livebench,olympiad_expression,00eae856aa1c1a9e9d058a65a9a94d85884034c4,real-truncated-e7536ddc4697865a-001,truncated,real_truncated,,false,non-integer gold_answer,not_applicable,non-integer gold_answer,,,,,,,,captured_ephemeral
livebench,olympiad_expression,00eae856aa1c1a9e9d058a65a9a94d85884034c4,real-truncated-3b6b5e2e07c8adab-001,truncated,real_truncated,,false,non-integer gold_answer,not_applicable,non-integer gold_answer,,,,,,,,captured_ephemeral
livebench,olympiad_expression,00eae856aa1c1a9e9d058a65a9a94d85884034c4,real-truncated-45fd9dd0b16def99-001,truncated,real_truncated,,false,non-integer gold_answer,not_applicable,non-integer gold_answer,,,,,,,,captured_ephemeral
livebench,olympiad_expression,00eae856aa1c1a9e9d058a65a9a94d85884034c4,real-truncated-390931de8b8a68ae-001,truncated,real_truncated,,false,non-integer gold_answer,not_applicable,non-integer gold_answer,,,,,,,,captured_ephemeral
livebench,olympiad_expression,00eae856aa1c1a9e9d058a65a9a94d85884034c4,real-truncated-23c7087e22382c85-001,truncated,real_truncated,,false,non-integer gold_answer,not_applicable,non-integer gold_answer,,,,,,,,captured_ephemeral
livebench,olympiad_expression,00eae856aa1c1a9e9d058a65a9a94d85884034c4,real-truncated-740acaaa5658c524-001,truncated,real_truncated,,true,,ok,,"[""11"",""11""]",true,,,false,,false,captured_ephemeral
livebench,olympiad_expression,00eae856aa1c1a9e9d058a65a9a94d85884034c4,real-truncated-e6a7555e64fb1fc8-001,truncated,real_truncated,,false,non-integer gold_answer,not_applicable,non-integer gold_answer,,,,,,,,captured_ephemeral
livebench,olympiad_expression,00eae856aa1c1a9e9d058a65a9a94d85884034c4,real-truncated-d4aec9cd22f44d16-001,truncated,real_truncated,,false,non-integer gold_answer,not_applicable,non-integer gold_answer,,,,,,,,captured_ephemeral
livebench,olympiad_expression,00eae856aa1c1a9e9d058a65a9a94d85884034c4,real-truncated-4ea3c98b3c90e29e-001,truncated,real_truncated,,true,,ok,,"[""1""]",true,,,false,,false,captured_ephemeral
livebench,olympiad_expression,00eae856aa1c1a9e9d058a65a9a94d85884034c4,real-truncated-f9eaa5fd29415a58-001,truncated,real_truncated,,false,non-integer gold_answer,not_applicable,non-integer gold_answer,,,,,,,,captured_ephemeral
livebench,olympiad_expression,00eae856aa1c1a9e9d058a65a9a94d85884034c4,real-truncated-85c7b95581c097ef-001,truncated,real_truncated,,false,non-integer gold_answer,not_applicable,non-integer gold_answer,,,,,,,,captured_ephemeral
livebench,olympiad_expression,00eae856aa1c1a9e9d058a65a9a94d85884034c4,real-truncated-aa1b94cca1993363-001,truncated,real_truncated,,false,non-integer gold_answer,not_applicable,non-integer gold_answer,,,,,,,,captured_ephemeral
livebench,olympiad_expression,00eae856aa1c1a9e9d058a65a9a94d85884034c4,real-truncated-6ee8443d1d436cf6-001,truncated,real_truncated,,false,non-integer gold_answer,not_applicable,non-integer gold_answer,,,,,,,,captured_ephemeral
livebench,olympiad_expression,00eae856aa1c1a9e9d058a65a9a94d85884034c4,real-truncated-6ee8443d1d436cf6-002,truncated,real_truncated,,false,non-integer gold_answer,not_applicable,non-integer gold_answer,,,,,,,,captured_ephemeral
livebench,olympiad_expression,00eae856aa1c1a9e9d058a65a9a94d85884034c4,real-truncated-6ee8443d1d436cf6-003,truncated,real_truncated,,false,non-integer gold_answer,not_applicable,non-integer gold_answer,,,,,,,,captured_ephemeral
livebench,olympiad_expression,00eae856aa1c1a9e9d058a65a9a94d85884034c4,real-truncated-5281b3506686a184-001,truncated,real_truncated,,false,non-integer gold_answer,not_applicable,non-integer gold_answer,,,,,,,,captured_ephemeral
livebench,olympiad_expression,00eae856aa1c1a9e9d058a65a9a94d85884034c4,real-truncated-5281b3506686a184-002,truncated,real_truncated,,false,non-integer gold_answer,not_applicable,non-integer gold_answer,,,,,,,,captured_ephemeral
livebench,olympiad_expression,00eae856aa1c1a9e9d058a65a9a94d85884034c4,real-truncated-5281b3506686a184-003,truncated,real_truncated,,false,non-integer gold_answer,not_applicable,non-integer gold_answer,,,,,,,,captured_ephemeral
livebench,olympiad_expression,00eae856aa1c1a9e9d058a65a9a94d85884034c4,real-truncated-abb81d1b8c4db67a-001,truncated,real_truncated,,false,non-integer gold_answer,not_applicable,non-integer gold_answer,,,,,,,,captured_ephemeral
livebench,olympiad_expression,00eae856aa1c1a9e9d058a65a9a94d85884034c4,real-truncated-a79daf5eab47793c-001,truncated,real_truncated,,false,non-integer gold_answer,not_applicable,non-integer gold_answer,,,,,,,,captured_ephemeral
livebench,olympiad_expression,00eae856aa1c1a9e9d058a65a9a94d85884034c4,real-truncated-16277ed40a76d930-001,truncated,real_truncated,,false,non-integer gold_answer,not_applicable,non-integer gold_answer,,,,,,,,captured_ephemeral
livebench,olympiad_expression,00eae856aa1c1a9e9d058a65a9a94d85884034c4,real-truncated-e4e046aee036728b-001,truncated,real_truncated,,false,non-integer gold_answer,not_applicable,non-integer gold_answer,,,,,,,,captured_ephemeral
livebench,olympiad_expression,00eae856aa1c1a9e9d058a65a9a94d85884034c4,real-truncated-6dd1f374f6ed08df-001,truncated,real_truncated,,true,,ok,,"[""41"",""61"",""88""]",true,,,false,,false,captured_ephemeral
livebench,olympiad_expression,00eae856aa1c1a9e9d058a65a9a94d85884034c4,real-truncated-0d2658ccd619147a-001,truncated,real_truncated,,true,,ok,,"[""63""]",true,,,false,,true,captured_ephemeral
livebench,olympiad_expression,00eae856aa1c1a9e9d058a65a9a94d85884034c4,real-truncated-74696bb1b2b136e8-001,truncated,real_truncated,,false,non-integer gold_answer,not_applicable,non-integer gold_answer,,,,,,,,captured_ephemeral
livebench,olympiad_expression,00eae856aa1c1a9e9d058a65a9a94d85884034c4,real-truncated-fdfa2be691dea487-001,truncated,real_truncated,,false,non-integer gold_answer,not_applicable,non-integer gold_answer,,,,,,,,captured_ephemeral
livebench,olympiad_expression,00eae856aa1c1a9e9d058a65a9a94d85884034c4,real-truncated-075bf5961ff00993-001,truncated,real_truncated,,true,,ok,,,false,,,false,,false,captured_ephemeral
livebench,olympiad_expression,00eae856aa1c1a9e9d058a65a9a94d85884034c4,real-truncated-075bf5961ff00993-002,truncated,real_truncated,,true,,ok,,,false,,,false,,false,captured_ephemeral
livebench,olympiad_expression,00eae856aa1c1a9e9d058a65a9a94d85884034c4,real-truncated-17eebdd1a966e5f0-001,truncated,real_truncated,,false,non-integer gold_answer,not_applicable,non-integer gold_answer,,,,,,,,captured_ephemeral
livebench,olympiad_expression,00eae856aa1c1a9e9d058a65a9a94d85884034c4,real-truncated-a4bb63b5ba4a773e-001,truncated,real_truncated,,true,,ok,,,false,,,false,,false,captured_ephemeral
livebench,olympiad_expression,00eae856aa1c1a9e9d058a65a9a94d85884034c4,real-truncated-a4bb63b5ba4a773e-002,truncated,real_truncated,,true,,ok,,,false,,,false,,false,captured_ephemeral
livebench,olympiad_expression,00eae856aa1c1a9e9d058a65a9a94d85884034c4,real-truncated-a4bb63b5ba4a773e-003,truncated,real_truncated,,true,,ok,,,false,,,false,,false,captured_ephemeral
livebench,olympiad_expression,00eae856aa1c1a9e9d058a65a9a94d85884034c4,real-truncated-355520fb8f2104ec-001,truncated,real_truncated,,false,non-integer gold_answer,not_applicable,non-integer gold_answer,,,,,,,,captured_ephemeral
livebench,olympiad_expression,00eae856aa1c1a9e9d058a65a9a94d85884034c4,real-truncated-49565e194413328d-001,truncated,real_truncated,,true,,ok,,"[""1"",""0"",""1"",""2"",""3"",""4"",""1"",""1"",""2""]",true,,,false,,false,captured_ephemeral
livebench,olympiad_expression,00eae856aa1c1a9e9d058a65a9a94d85884034c4,real-truncated-85f19c1e57445cde-001,truncated,real_truncated,,false,non-integer gold_answer,not_applicable,non-integer gold_answer,,,,,,,,captured_ephemeral
livebench,olympiad_expression,00eae856aa1c1a9e9d058a65a9a94d85884034c4,real-truncated-bd836ccf84464689-001,truncated,real_truncated,,false,non-integer gold_answer,not_applicable,non-integer gold_answer,,,,,,,,captured_ephemeral
livebench,olympiad_expression,00eae856aa1c1a9e9d058a65a9a94d85884034c4,real-truncated-b881db2f3106d76e-001,truncated,real_truncated,,false,non-integer gold_answer,not_applicable,non-integer gold_answer,,,,,,,,captured_ephemeral
livebench,olympiad_expression,00eae856aa1c1a9e9d058a65a9a94d85884034c4,real-truncated-58796eda234de823-001,truncated,real_truncated,,false,non-integer gold_answer,not_applicable,non-integer gold_answer,,,,,,,,captured_ephemeral
livebench,olympiad_expression,00eae856aa1c1a9e9d058a65a9a94d85884034c4,real-truncated-d876807b9ced546e-001,truncated,real_truncated,,true,,ok,,,false,,,false,,false,captured_ephemeral
livebench,olympiad_expression,00eae856aa1c1a9e9d058a65a9a94d85884034c4,synthetic-1729-mid_box-001,truncated,synthetic_truncated,mid_box,true,,ok,,"[""6""]",true,,,false,,false,captured_ephemeral
livebench,olympiad_expression,00eae856aa1c1a9e9d058a65a9a94d85884034c4,synthetic-1729-mid_box-002,truncated,synthetic_truncated,mid_box,true,,ok,,"[""5""]",true,,,false,,false,captured_ephemeral
livebench,olympiad_expression,00eae856aa1c1a9e9d058a65a9a94d85884034c4,synthetic-1729-mid_box-003,truncated,synthetic_truncated,mid_box,true,,ok,,"[""6""]",true,,,false,,false,captured_ephemeral
livebench,olympiad_expression,00eae856aa1c1a9e9d058a65a9a94d85884034c4,synthetic-1729-mid_box-004,truncated,synthetic_truncated,mid_box,true,,ok,,"[""8""]",true,,,false,,false,captured_ephemeral
livebench,olympiad_expression,00eae856aa1c1a9e9d058a65a9a94d85884034c4,synthetic-1729-mid_box-005,truncated,synthetic_truncated,mid_box,true,,ok,,"[""3""]",true,,,false,,false,captured_ephemeral
livebench,olympiad_expression,00eae856aa1c1a9e9d058a65a9a94d85884034c4,synthetic-1729-mid_box-006,truncated,synthetic_truncated,mid_box,true,,ok,,"[""9""]",true,,,false,,false,captured_ephemeral
livebench,olympiad_expression,00eae856aa1c1a9e9d058a65a9a94d85884034c4,synthetic-1729-mid_box-007,truncated,synthetic_truncated,mid_box,true,,ok,,"[""5""]",true,,,false,,false,captured_ephemeral
livebench,olympiad_expression,00eae856aa1c1a9e9d058a65a9a94d85884034c4,synthetic-1729-mid_box-008,truncated,synthetic_truncated,mid_box,true,,ok,,"[""6""]",true,,,false,,false,captured_ephemeral
livebench,olympiad_expression,00eae856aa1c1a9e9d058a65a9a94d85884034c4,synthetic-1729-mid_box-009,truncated,synthetic_truncated,mid_box,true,,ok,,"[""4""]",true,,,false,,false,captured_ephemeral
livebench,olympiad_expression,00eae856aa1c1a9e9d058a65a9a94d85884034c4,synthetic-1729-mid_box-010,truncated,synthetic_truncated,mid_box,true,,ok,,"[""7""]",true,,,false,,false,captured_ephemeral
livebench,olympiad_expression,00eae856aa1c1a9e9d058a65a9a94d85884034c4,synthetic-1729-mid_box-011,truncated,synthetic_truncated,mid_box,true,,ok,,"[""6""]",true,,,false,,false,captured_ephemeral
livebench,olympiad_expression,00eae856aa1c1a9e9d058a65a9a94d85884034c4,synthetic-1729-mid_box-012,truncated,synthetic_truncated,mid_box,true,,ok,,"[""2""]",true,,,false,,false,captured_ephemeral
livebench,olympiad_expression,00eae856aa1c1a9e9d058a65a9a94d85884034c4,synthetic-1729-mid_box-013,truncated,synthetic_truncated,mid_box,true,,ok,,"[""5""]",true,,,false,,false,captured_ephemeral
livebench,olympiad_expression,00eae856aa1c1a9e9d058a65a9a94d85884034c4,synthetic-1729-mid_box-014,truncated,synthetic_truncated,mid_box,true,,ok,,"[""6""]",true,,,false,,false,captured_ephemeral
livebench,olympiad_expression,00eae856aa1c1a9e9d058a65a9a94d85884034c4,synthetic-1729-mid_box-015,truncated,synthetic_truncated,mid_box,true,,ok,,"[""8""]",true,,,false,,false,captured_ephemeral
livebench,olympiad_expression,00eae856aa1c1a9e9d058a65a9a94d85884034c4,synthetic-1729-mid_box-016,truncated,synthetic_truncated,mid_box,true,,ok,,"[""6""]",true,,,false,,false,captured_ephemeral
livebench,olympiad_expression,00eae856aa1c1a9e9d058a65a9a94d85884034c4,synthetic-1729-mid_box-017,truncated,synthetic_truncated,mid_box,true,,ok,,"[""3""]",true,,,false,,false,captured_ephemeral
livebench,olympiad_expression,00eae856aa1c1a9e9d058a65a9a94d85884034c4,synthetic-1729-mid_box-018,truncated,synthetic_truncated,mid_box,true,,ok,,"[""2""]",true,,,false,,false,captured_ephemeral
livebench,olympiad_expression,00eae856aa1c1a9e9d058a65a9a94d85884034c4,synthetic-1729-mid_box-019,truncated,synthetic_truncated,mid_box,true,,ok,,"[""8""]",true,,,false,,false,captured_ephemeral
livebench,olympiad_expression,00eae856aa1c1a9e9d058a65a9a94d85884034c4,synthetic-1729-mid_box-020,truncated,synthetic_truncated,mid_box,true,,ok,,"[""4""]",true,,,false,,false,captured_ephemeral
livebench,olympiad_expression,00eae856aa1c1a9e9d058a65a9a94d85884034c4,synthetic-1729-mid_multiple_choice_enumeration-001,truncated,synthetic_truncated,mid_multiple_choice_enumeration,true,,ok,,"[""1""]",true,,,false,,false,captured_ephemeral
livebench,olympiad_expression,00eae856aa1c1a9e9d058a65a9a94d85884034c4,synthetic-1729-mid_multiple_choice_enumeration-002,truncated,synthetic_truncated,mid_multiple_choice_enumeration,true,,ok,,"[""2""]",true,,,false,,false,captured_ephemeral
livebench,olympiad_expression,00eae856aa1c1a9e9d058a65a9a94d85884034c4,synthetic-1729-mid_multiple_choice_enumeration-003,truncated,synthetic_truncated,mid_multiple_choice_enumeration,true,,ok,,"[""3""]",true,,,false,,false,captured_ephemeral
livebench,olympiad_expression,00eae856aa1c1a9e9d058a65a9a94d85884034c4,synthetic-1729-mid_multiple_choice_enumeration-004,truncated,synthetic_truncated,mid_multiple_choice_enumeration,true,,ok,,"[""4""]",true,,,false,,false,captured_ephemeral
livebench,olympiad_expression,00eae856aa1c1a9e9d058a65a9a94d85884034c4,synthetic-1729-mid_multiple_choice_enumeration-005,truncated,synthetic_truncated,mid_multiple_choice_enumeration,true,,ok,,"[""5""]",true,,,false,,false,captured_ephemeral
livebench,olympiad_expression,00eae856aa1c1a9e9d058a65a9a94d85884034c4,synthetic-1729-mid_multiple_choice_enumeration-006,truncated,synthetic_truncated,mid_multiple_choice_enumeration,true,,ok,,"[""6""]",true,,,false,,false,captured_ephemeral
livebench,olympiad_expression,00eae856aa1c1a9e9d058a65a9a94d85884034c4,synthetic-1729-mid_multiple_choice_enumeration-007,truncated,synthetic_truncated,mid_multiple_choice_enumeration,true,,ok,,"[""7""]",true,,,false,,false,captured_ephemeral
livebench,olympiad_expression,00eae856aa1c1a9e9d058a65a9a94d85884034c4,synthetic-1729-mid_multiple_choice_enumeration-008,truncated,synthetic_truncated,mid_multiple_choice_enumeration,true,,ok,,"[""8""]",true,,,false,,false,captured_ephemeral
livebench,olympiad_expression,00eae856aa1c1a9e9d058a65a9a94d85884034c4,synthetic-1729-mid_multiple_choice_enumeration-009,truncated,synthetic_truncated,mid_multiple_choice_enumeration,true,,ok,,"[""9""]",true,,,false,,false,captured_ephemeral
livebench,olympiad_expression,00eae856aa1c1a9e9d058a65a9a94d85884034c4,synthetic-1729-mid_multiple_choice_enumeration-010,truncated,synthetic_truncated,mid_multiple_choice_enumeration,true,,ok,,"[""10""]",true,,,false,,false,captured_ephemeral
livebench,olympiad_expression,00eae856aa1c1a9e9d058a65a9a94d85884034c4,synthetic-1729-mid_multiple_choice_enumeration-011,truncated,synthetic_truncated,mid_multiple_choice_enumeration,true,,ok,,"[""11""]",true,,,false,,false,captured_ephemeral
livebench,olympiad_expression,00eae856aa1c1a9e9d058a65a9a94d85884034c4,synthetic-1729-mid_multiple_choice_enumeration-012,truncated,synthetic_truncated,mid_multiple_choice_enumeration,true,,ok,,"[""12""]",true,,,false,,false,captured_ephemeral
livebench,olympiad_expression,00eae856aa1c1a9e9d058a65a9a94d85884034c4,synthetic-1729-mid_multiple_choice_enumeration-013,truncated,synthetic_truncated,mid_multiple_choice_enumeration,true,,ok,,"[""13""]",true,,,false,,false,captured_ephemeral
livebench,olympiad_expression,00eae856aa1c1a9e9d058a65a9a94d85884034c4,synthetic-1729-mid_multiple_choice_enumeration-014,truncated,synthetic_truncated,mid_multiple_choice_enumeration,true,,ok,,"[""14""]",true,,,false,,false,captured_ephemeral
livebench,olympiad_expression,00eae856aa1c1a9e9d058a65a9a94d85884034c4,synthetic-1729-mid_multiple_choice_enumeration-015,truncated,synthetic_truncated,mid_multiple_choice_enumeration,true,,ok,,"[""15""]",true,,,false,,false,captured_ephemeral
livebench,olympiad_expression,00eae856aa1c1a9e9d058a65a9a94d85884034c4,synthetic-1729-mid_multiple_choice_enumeration-016,truncated,synthetic_truncated,mid_multiple_choice_enumeration,true,,ok,,"[""16""]",true,,,false,,false,captured_ephemeral
livebench,olympiad_expression,00eae856aa1c1a9e9d058a65a9a94d85884034c4,synthetic-1729-mid_multiple_choice_enumeration-017,truncated,synthetic_truncated,mid_multiple_choice_enumeration,true,,ok,,"[""17""]",true,,,false,,false,captured_ephemeral
livebench,olympiad_expression,00eae856aa1c1a9e9d058a65a9a94d85884034c4,synthetic-1729-mid_multiple_choice_enumeration-018,truncated,synthetic_truncated,mid_multiple_choice_enumeration,true,,ok,,"[""18""]",true,,,false,,false,captured_ephemeral
livebench,olympiad_expression,00eae856aa1c1a9e9d058a65a9a94d85884034c4,synthetic-1729-mid_multiple_choice_enumeration-019,truncated,synthetic_truncated,mid_multiple_choice_enumeration,true,,ok,,"[""19""]",true,,,false,,false,captured_ephemeral
livebench,olympiad_expression,00eae856aa1c1a9e9d058a65a9a94d85884034c4,synthetic-1729-mid_multiple_choice_enumeration-020,truncated,synthetic_truncated,mid_multiple_choice_enumeration,true,,ok,,"[""20""]",true,,,false,,false,captured_ephemeral
livebench,olympiad_expression,00eae856aa1c1a9e9d058a65a9a94d85884034c4,synthetic-1729-post_final_answer-001,truncated,synthetic_truncated,post_final_answer,true,,ok,,"[""706""]",true,,,false,,true,captured_ephemeral
livebench,olympiad_expression,00eae856aa1c1a9e9d058a65a9a94d85884034c4,synthetic-1729-post_final_answer-002,truncated,synthetic_truncated,post_final_answer,true,,ok,,"[""750""]",true,,,false,,true,captured_ephemeral
livebench,olympiad_expression,00eae856aa1c1a9e9d058a65a9a94d85884034c4,synthetic-1729-post_final_answer-003,truncated,synthetic_truncated,post_final_answer,true,,ok,,"[""191""]",true,,,false,,true,captured_ephemeral
livebench,olympiad_expression,00eae856aa1c1a9e9d058a65a9a94d85884034c4,synthetic-1729-post_final_answer-004,truncated,synthetic_truncated,post_final_answer,true,,ok,,"[""744""]",true,,,false,,true,captured_ephemeral
livebench,olympiad_expression,00eae856aa1c1a9e9d058a65a9a94d85884034c4,synthetic-1729-post_final_answer-005,truncated,synthetic_truncated,post_final_answer,true,,ok,,"[""894""]",true,,,false,,true,captured_ephemeral
livebench,olympiad_expression,00eae856aa1c1a9e9d058a65a9a94d85884034c4,synthetic-1729-post_final_answer-006,truncated,synthetic_truncated,post_final_answer,true,,ok,,"[""813""]",true,,,false,,true,captured_ephemeral
livebench,olympiad_expression,00eae856aa1c1a9e9d058a65a9a94d85884034c4,synthetic-1729-post_final_answer-007,truncated,synthetic_truncated,post_final_answer,true,,ok,,"[""463""]",true,,,false,,true,captured_ephemeral
livebench,olympiad_expression,00eae856aa1c1a9e9d058a65a9a94d85884034c4,synthetic-1729-post_final_answer-008,truncated,synthetic_truncated,post_final_answer,true,,ok,,"[""398""]",true,,,false,,true,captured_ephemeral
livebench,olympiad_expression,00eae856aa1c1a9e9d058a65a9a94d85884034c4,synthetic-1729-post_final_answer-009,truncated,synthetic_truncated,post_final_answer,true,,ok,,"[""738""]",true,,,false,,true,captured_ephemeral
livebench,olympiad_expression,00eae856aa1c1a9e9d058a65a9a94d85884034c4,synthetic-1729-post_final_answer-010,truncated,synthetic_truncated,post_final_answer,true,,ok,,"[""864""]",true,,,false,,true,captured_ephemeral
livebench,olympiad_expression,00eae856aa1c1a9e9d058a65a9a94d85884034c4,synthetic-1729-post_final_answer-011,truncated,synthetic_truncated,post_final_answer,true,,ok,,"[""183""]",true,,,false,,true,captured_ephemeral
livebench,olympiad_expression,00eae856aa1c1a9e9d058a65a9a94d85884034c4,synthetic-1729-post_final_answer-012,truncated,synthetic_truncated,post_final_answer,true,,ok,,"[""56""]",true,,,false,,true,captured_ephemeral
livebench,olympiad_expression,00eae856aa1c1a9e9d058a65a9a94d85884034c4,synthetic-1729-post_final_answer-013,truncated,synthetic_truncated,post_final_answer,true,,ok,,"[""948""]",true,,,false,,true,captured_ephemeral
livebench,olympiad_expression,00eae856aa1c1a9e9d058a65a9a94d85884034c4,synthetic-1729-post_final_answer-014,truncated,synthetic_truncated,post_final_answer,true,,ok,,"[""376""]",true,,,false,,true,captured_ephemeral
livebench,olympiad_expression,00eae856aa1c1a9e9d058a65a9a94d85884034c4,synthetic-1729-post_final_answer-015,truncated,synthetic_truncated,post_final_answer,true,,ok,,"[""755""]",true,,,false,,true,captured_ephemeral
livebench,olympiad_expression,00eae856aa1c1a9e9d058a65a9a94d85884034c4,synthetic-1729-post_final_answer-016,truncated,synthetic_truncated,post_final_answer,true,,ok,,"[""551""]",true,,,false,,true,captured_ephemeral
livebench,olympiad_expression,00eae856aa1c1a9e9d058a65a9a94d85884034c4,synthetic-1729-post_final_answer-017,truncated,synthetic_truncated,post_final_answer,true,,ok,,"[""741""]",true,,,false,,true,captured_ephemeral
livebench,olympiad_expression,00eae856aa1c1a9e9d058a65a9a94d85884034c4,synthetic-1729-post_final_answer-018,truncated,synthetic_truncated,post_final_answer,true,,ok,,"[""952""]",true,,,false,,true,captured_ephemeral
livebench,olympiad_expression,00eae856aa1c1a9e9d058a65a9a94d85884034c4,synthetic-1729-post_final_answer-019,truncated,synthetic_truncated,post_final_answer,true,,ok,,"[""510""]",true,,,false,,true,captured_ephemeral
livebench,olympiad_expression,00eae856aa1c1a9e9d058a65a9a94d85884034c4,synthetic-1729-post_final_answer-020,truncated,synthetic_truncated,post_final_answer,true,,ok,,"[""45""]",true,,,false,,true,captured_ephemeral
livebench,olympiad_expression,00eae856aa1c1a9e9d058a65a9a94d85884034c4,synthetic-1729-degeneration_loop_plausible_number-001,truncated,synthetic_truncated,degeneration_loop_plausible_number,true,,ok,,"[""686""]",true,,,false,,false,captured_ephemeral
livebench,olympiad_expression,00eae856aa1c1a9e9d058a65a9a94d85884034c4,synthetic-1729-degeneration_loop_plausible_number-002,truncated,synthetic_truncated,degeneration_loop_plausible_number,true,,ok,,"[""794""]",true,,,false,,false,captured_ephemeral
livebench,olympiad_expression,00eae856aa1c1a9e9d058a65a9a94d85884034c4,synthetic-1729-degeneration_loop_plausible_number-003,truncated,synthetic_truncated,degeneration_loop_plausible_number,true,,ok,,"[""187""]",true,,,false,,false,captured_ephemeral
livebench,olympiad_expression,00eae856aa1c1a9e9d058a65a9a94d85884034c4,synthetic-1729-degeneration_loop_plausible_number-004,truncated,synthetic_truncated,degeneration_loop_plausible_number,true,,ok,,"[""154""]",true,,,false,,false,captured_ephemeral
livebench,olympiad_expression,00eae856aa1c1a9e9d058a65a9a94d85884034c4,synthetic-1729-degeneration_loop_plausible_number-005,truncated,synthetic_truncated,degeneration_loop_plausible_number,true,,ok,,"[""421""]",true,,,false,,false,captured_ephemeral
livebench,olympiad_expression,00eae856aa1c1a9e9d058a65a9a94d85884034c4,synthetic-1729-degeneration_loop_plausible_number-006,truncated,synthetic_truncated,degeneration_loop_plausible_number,true,,ok,,"[""851""]",true,,,false,,false,captured_ephemeral
livebench,olympiad_expression,00eae856aa1c1a9e9d058a65a9a94d85884034c4,synthetic-1729-degeneration_loop_plausible_number-007,truncated,synthetic_truncated,degeneration_loop_plausible_number,true,,ok,,"[""878""]",true,,,false,,false,captured_ephemeral
livebench,olympiad_expression,00eae856aa1c1a9e9d058a65a9a94d85884034c4,synthetic-1729-degeneration_loop_plausible_number-008,truncated,synthetic_truncated,degeneration_loop_plausible_number,true,,ok,,"[""906""]",true,,,false,,false,captured_ephemeral
livebench,olympiad_expression,00eae856aa1c1a9e9d058a65a9a94d85884034c4,synthetic-1729-degeneration_loop_plausible_number-009,truncated,synthetic_truncated,degeneration_loop_plausible_number,true,,ok,,"[""569""]",true,,,false,,false,captured_ephemeral
livebench,olympiad_expression,00eae856aa1c1a9e9d058a65a9a94d85884034c4,synthetic-1729-degeneration_loop_plausible_number-010,truncated,synthetic_truncated,degeneration_loop_plausible_number,true,,ok,,"[""593""]",true,,,false,,false,captured_ephemeral
livebench,olympiad_expression,00eae856aa1c1a9e9d058a65a9a94d85884034c4,synthetic-1729-degeneration_loop_plausible_number-011,truncated,synthetic_truncated,degeneration_loop_plausible_number,true,,ok,,"[""959""]",true,,,false,,false,captured_ephemeral
livebench,olympiad_expression,00eae856aa1c1a9e9d058a65a9a94d85884034c4,synthetic-1729-degeneration_loop_plausible_number-012,truncated,synthetic_truncated,degeneration_loop_plausible_number,true,,ok,,"[""887""]",true,,,false,,false,captured_ephemeral
livebench,olympiad_expression,00eae856aa1c1a9e9d058a65a9a94d85884034c4,synthetic-1729-degeneration_loop_plausible_number-013,truncated,synthetic_truncated,degeneration_loop_plausible_number,true,,ok,,"[""331""]",true,,,false,,false,captured_ephemeral
livebench,olympiad_expression,00eae856aa1c1a9e9d058a65a9a94d85884034c4,synthetic-1729-degeneration_loop_plausible_number-014,truncated,synthetic_truncated,degeneration_loop_plausible_number,true,,ok,,"[""474""]",true,,,false,,false,captured_ephemeral
livebench,olympiad_expression,00eae856aa1c1a9e9d058a65a9a94d85884034c4,synthetic-1729-degeneration_loop_plausible_number-015,truncated,synthetic_truncated,degeneration_loop_plausible_number,true,,ok,,"[""555""]",true,,,false,,false,captured_ephemeral
livebench,olympiad_expression,00eae856aa1c1a9e9d058a65a9a94d85884034c4,synthetic-1729-degeneration_loop_plausible_number-016,truncated,synthetic_truncated,degeneration_loop_plausible_number,true,,ok,,"[""400""]",true,,,false,,false,captured_ephemeral
livebench,olympiad_expression,00eae856aa1c1a9e9d058a65a9a94d85884034c4,synthetic-1729-degeneration_loop_plausible_number-017,truncated,synthetic_truncated,degeneration_loop_plausible_number,true,,ok,,"[""867""]",true,,,false,,false,captured_ephemeral
livebench,olympiad_expression,00eae856aa1c1a9e9d058a65a9a94d85884034c4,synthetic-1729-degeneration_loop_plausible_number-018,truncated,synthetic_truncated,degeneration_loop_plausible_number,true,,ok,,"[""945""]",true,,,false,,false,captured_ephemeral
livebench,olympiad_expression,00eae856aa1c1a9e9d058a65a9a94d85884034c4,synthetic-1729-degeneration_loop_plausible_number-019,truncated,synthetic_truncated,degeneration_loop_plausible_number,true,,ok,,"[""103""]",true,,,false,,false,captured_ephemeral
livebench,olympiad_expression,00eae856aa1c1a9e9d058a65a9a94d85884034c4,synthetic-1729-degeneration_loop_plausible_number-020,truncated,synthetic_truncated,degeneration_loop_plausible_number,true,,ok,,"[""70""]",true,,,false,,false,captured_ephemeral
livebench,olympiad_expression,00eae856aa1c1a9e9d058a65a9a94d85884034c4,synthetic-1729-mid_latex_expression-001,truncated,synthetic_truncated,mid_latex_expression,true,,ok,,"[""68""]",true,,,false,,false,captured_ephemeral
livebench,olympiad_expression,00eae856aa1c1a9e9d058a65a9a94d85884034c4,synthetic-1729-mid_latex_expression-002,truncated,synthetic_truncated,mid_latex_expression,true,,ok,,"[""89""]",true,,,false,,false,captured_ephemeral
livebench,olympiad_expression,00eae856aa1c1a9e9d058a65a9a94d85884034c4,synthetic-1729-mid_latex_expression-003,truncated,synthetic_truncated,mid_latex_expression,true,,ok,,"[""58""]",true,,,false,,false,captured_ephemeral
livebench,olympiad_expression,00eae856aa1c1a9e9d058a65a9a94d85884034c4,synthetic-1729-mid_latex_expression-004,truncated,synthetic_truncated,mid_latex_expression,true,,ok,,"[""48""]",true,,,false,,false,captured_ephemeral
livebench,olympiad_expression,00eae856aa1c1a9e9d058a65a9a94d85884034c4,synthetic-1729-mid_latex_expression-005,truncated,synthetic_truncated,mid_latex_expression,true,,ok,,"[""21""]",true,,,false,,false,captured_ephemeral
livebench,olympiad_expression,00eae856aa1c1a9e9d058a65a9a94d85884034c4,synthetic-1729-mid_latex_expression-006,truncated,synthetic_truncated,mid_latex_expression,true,,ok,,"[""75""]",true,,,false,,false,captured_ephemeral
livebench,olympiad_expression,00eae856aa1c1a9e9d058a65a9a94d85884034c4,synthetic-1729-mid_latex_expression-007,truncated,synthetic_truncated,mid_latex_expression,true,,ok,,"[""86""]",true,,,false,,false,captured_ephemeral
livebench,olympiad_expression,00eae856aa1c1a9e9d058a65a9a94d85884034c4,synthetic-1729-mid_latex_expression-008,truncated,synthetic_truncated,mid_latex_expression,true,,ok,,"[""52""]",true,,,false,,false,captured_ephemeral
livebench,olympiad_expression,00eae856aa1c1a9e9d058a65a9a94d85884034c4,synthetic-1729-mid_latex_expression-009,truncated,synthetic_truncated,mid_latex_expression,true,,ok,,"[""37""]",true,,,false,,false,captured_ephemeral
livebench,olympiad_expression,00eae856aa1c1a9e9d058a65a9a94d85884034c4,synthetic-1729-mid_latex_expression-010,truncated,synthetic_truncated,mid_latex_expression,true,,ok,,"[""3""]",true,,,false,,false,captured_ephemeral
livebench,olympiad_expression,00eae856aa1c1a9e9d058a65a9a94d85884034c4,synthetic-1729-mid_latex_expression-011,truncated,synthetic_truncated,mid_latex_expression,true,,ok,,"[""95""]",true,,,false,,false,captured_ephemeral
livebench,olympiad_expression,00eae856aa1c1a9e9d058a65a9a94d85884034c4,synthetic-1729-mid_latex_expression-012,truncated,synthetic_truncated,mid_latex_expression,true,,ok,,"[""4""]",true,,,false,,false,captured_ephemeral
livebench,olympiad_expression,00eae856aa1c1a9e9d058a65a9a94d85884034c4,synthetic-1729-mid_latex_expression-013,truncated,synthetic_truncated,mid_latex_expression,true,,ok,,"[""60""]",true,,,false,,false,captured_ephemeral
livebench,olympiad_expression,00eae856aa1c1a9e9d058a65a9a94d85884034c4,synthetic-1729-mid_latex_expression-014,truncated,synthetic_truncated,mid_latex_expression,true,,ok,,"[""13""]",true,,,false,,false,captured_ephemeral
livebench,olympiad_expression,00eae856aa1c1a9e9d058a65a9a94d85884034c4,synthetic-1729-mid_latex_expression-015,truncated,synthetic_truncated,mid_latex_expression,true,,ok,,"[""73""]",true,,,false,,false,captured_ephemeral
livebench,olympiad_expression,00eae856aa1c1a9e9d058a65a9a94d85884034c4,synthetic-1729-mid_latex_expression-016,truncated,synthetic_truncated,mid_latex_expression,true,,ok,,"[""64""]",true,,,false,,false,captured_ephemeral
livebench,olympiad_expression,00eae856aa1c1a9e9d058a65a9a94d85884034c4,synthetic-1729-mid_latex_expression-017,truncated,synthetic_truncated,mid_latex_expression,true,,ok,,"[""41""]",true,,,false,,false,captured_ephemeral
livebench,olympiad_expression,00eae856aa1c1a9e9d058a65a9a94d85884034c4,synthetic-1729-mid_latex_expression-018,truncated,synthetic_truncated,mid_latex_expression,true,,ok,,"[""40""]",true,,,false,,false,captured_ephemeral
livebench,olympiad_expression,00eae856aa1c1a9e9d058a65a9a94d85884034c4,synthetic-1729-mid_latex_expression-019,truncated,synthetic_truncated,mid_latex_expression,true,,ok,,"[""64""]",true,,,false,,false,captured_ephemeral
livebench,olympiad_expression,00eae856aa1c1a9e9d058a65a9a94d85884034c4,synthetic-1729-mid_latex_expression-020,truncated,synthetic_truncated,mid_latex_expression,true,,ok,,"[""77""]",true,,,false,,false,captured_ephemeral
livebench,olympiad_expression,00eae856aa1c1a9e9d058a65a9a94d85884034c4,real-control_correct-89378d7c9af16411-001,control_correct,finished_control,,true,,ok,,"[""396""]",true,,,false,,true,captured_ephemeral
livebench,olympiad_expression,00eae856aa1c1a9e9d058a65a9a94d85884034c4,real-control_correct-16e0de893f7ebe3a-001,control_correct,finished_control,,true,,ok,,"[""396""]",true,,,false,,true,captured_ephemeral
livebench,olympiad_expression,00eae856aa1c1a9e9d058a65a9a94d85884034c4,real-control_correct-2d3da8c4bfee3c4c-001,control_correct,finished_control,,true,,ok,,"[""396""]",true,,,false,,true,captured_ephemeral
livebench,olympiad_expression,00eae856aa1c1a9e9d058a65a9a94d85884034c4,real-control_correct-c9f62a5de2de08df-001,control_correct,finished_control,,true,,ok,,"[""396""]",true,,,false,,true,captured_ephemeral
livebench,olympiad_expression,00eae856aa1c1a9e9d058a65a9a94d85884034c4,real-control_correct-c6ddf5c572a35adb-001,control_correct,finished_control,,true,,ok,,"[""396""]",true,,,false,,true,captured_ephemeral
livebench,olympiad_expression,00eae856aa1c1a9e9d058a65a9a94d85884034c4,real-control_correct-17d3bfe110828692-001,control_correct,finished_control,,true,,ok,,"[""396""]",true,,,false,,true,captured_ephemeral
livebench,olympiad_expression,00eae856aa1c1a9e9d058a65a9a94d85884034c4,real-control_correct-61723f102d6ae8a1-001,control_correct,finished_control,,true,,ok,,"[""924""]",true,,,false,,true,captured_ephemeral
livebench,olympiad_expression,00eae856aa1c1a9e9d058a65a9a94d85884034c4,real-control_correct-255be5d582935302-001,control_correct,finished_control,,true,,ok,,"[""924""]",true,,,false,,true,captured_ephemeral
livebench,olympiad_expression,00eae856aa1c1a9e9d058a65a9a94d85884034c4,real-control_correct-9e251a1ffea90916-001,control_correct,finished_control,,true,,ok,,"[""924""]",true,,,false,,true,captured_ephemeral
livebench,olympiad_expression,00eae856aa1c1a9e9d058a65a9a94d85884034c4,real-control_correct-43de6f6db2801086-001,control_correct,finished_control,,true,,ok,,"[""924""]",true,,,false,,true,captured_ephemeral
livebench,olympiad_expression,00eae856aa1c1a9e9d058a65a9a94d85884034c4,real-control_correct-eeb69bc8e4b6afb6-001,control_correct,finished_control,,true,,ok,,"[""924""]",true,,,false,,true,captured_ephemeral
livebench,olympiad_expression,00eae856aa1c1a9e9d058a65a9a94d85884034c4,real-control_correct-8e92ff00e3dc8c7f-001,control_correct,finished_control,,true,,ok,,"[""924""]",true,,,false,,true,captured_ephemeral
livebench,olympiad_expression,00eae856aa1c1a9e9d058a65a9a94d85884034c4,real-control_correct-c2bfbc405396d110-001,control_correct,finished_control,,true,,ok,,"[""924""]",true,,,false,,true,captured_ephemeral
livebench,olympiad_expression,00eae856aa1c1a9e9d058a65a9a94d85884034c4,real-control_correct-c44a3d80f5ea3ae9-001,control_correct,finished_control,,true,,ok,,"[""924""]",true,,,false,,true,captured_ephemeral
livebench,olympiad_expression,00eae856aa1c1a9e9d058a65a9a94d85884034c4,real-control_correct-45c33fc7f4b89ab1-001,control_correct,finished_control,,true,,ok,,"[""924""]",true,,,false,,true,captured_ephemeral
livebench,olympiad_expression,00eae856aa1c1a9e9d058a65a9a94d85884034c4,real-control_correct-2ec159fcc5ac75cf-001,control_correct,finished_control,,true,,ok,,"[""924""]",true,,,false,,true,captured_ephemeral
livebench,olympiad_expression,00eae856aa1c1a9e9d058a65a9a94d85884034c4,real-control_correct-4bc94d1cce22bd8b-001,control_correct,finished_control,,true,,ok,,"[""924""]",true,,,false,,true,captured_ephemeral
livebench,olympiad_expression,00eae856aa1c1a9e9d058a65a9a94d85884034c4,real-control_correct-02db4d1921acd1d7-001,control_correct,finished_control,,true,,ok,,"[""924""]",true,,,false,,true,captured_ephemeral
livebench,olympiad_expression,00eae856aa1c1a9e9d058a65a9a94d85884034c4,real-control_correct-0e0bf8d361f29f7c-001,control_correct,finished_control,,false,non-integer gold_answer,not_applicable,non-integer gold_answer,,,,,,,,captured_ephemeral
livebench,olympiad_expression,00eae856aa1c1a9e9d058a65a9a94d85884034c4,real-control_correct-585dbca476773d3a-001,control_correct,finished_control,,true,,ok,,"[""26""]",true,,,false,,true,captured_ephemeral
livebench,olympiad_expression,00eae856aa1c1a9e9d058a65a9a94d85884034c4,real-control_correct-066f81dce4312897-001,control_correct,finished_control,,false,non-integer gold_answer,not_applicable,non-integer gold_answer,,,,,,,,captured_ephemeral
livebench,olympiad_expression,00eae856aa1c1a9e9d058a65a9a94d85884034c4,real-control_correct-7c345a24b0485152-001,control_correct,finished_control,,false,non-integer gold_answer,not_applicable,non-integer gold_answer,,,,,,,,captured_ephemeral
livebench,olympiad_expression,00eae856aa1c1a9e9d058a65a9a94d85884034c4,real-control_correct-14b3558563a36d01-001,control_correct,finished_control,,true,,ok,,"[""26""]",true,,,false,,true,captured_ephemeral
livebench,olympiad_expression,00eae856aa1c1a9e9d058a65a9a94d85884034c4,real-control_correct-52cde770e82e4c2e-001,control_correct,finished_control,,true,,ok,,"[""26""]",true,,,false,,true,captured_ephemeral
livebench,olympiad_expression,00eae856aa1c1a9e9d058a65a9a94d85884034c4,real-control_correct-a3713e645b1649de-001,control_correct,finished_control,,false,non-integer gold_answer,not_applicable,non-integer gold_answer,,,,,,,,captured_ephemeral
livebench,olympiad_expression,00eae856aa1c1a9e9d058a65a9a94d85884034c4,real-control_correct-2154392bb16da70b-001,control_correct,finished_control,,false,non-integer gold_answer,not_applicable,non-integer gold_answer,,,,,,,,captured_ephemeral
livebench,olympiad_expression,00eae856aa1c1a9e9d058a65a9a94d85884034c4,real-control_correct-58e45e3809bf2724-001,control_correct,finished_control,,false,non-integer gold_answer,not_applicable,non-integer gold_answer,,,,,,,,captured_ephemeral
livebench,olympiad_expression,00eae856aa1c1a9e9d058a65a9a94d85884034c4,real-control_correct-ef625c1ebfd1e6d8-001,control_correct,finished_control,,true,,ok,,"[""26""]",true,,,false,,true,captured_ephemeral
livebench,olympiad_expression,00eae856aa1c1a9e9d058a65a9a94d85884034c4,real-control_correct-fc4941cec6e2d7b3-001,control_correct,finished_control,,false,non-integer gold_answer,not_applicable,non-integer gold_answer,,,,,,,,captured_ephemeral
livebench,olympiad_expression,00eae856aa1c1a9e9d058a65a9a94d85884034c4,real-control_correct-14a0b724276c5caa-001,control_correct,finished_control,,false,non-integer gold_answer,not_applicable,non-integer gold_answer,,,,,,,,captured_ephemeral
livebench,olympiad_expression,00eae856aa1c1a9e9d058a65a9a94d85884034c4,real-control_correct-5aba32f1a8311a80-001,control_correct,finished_control,,false,non-integer gold_answer,not_applicable,non-integer gold_answer,,,,,,,,captured_ephemeral
livebench,olympiad_expression,00eae856aa1c1a9e9d058a65a9a94d85884034c4,real-control_correct-2efd83efcd01279f-001,control_correct,finished_control,,true,,ok,,"[""26""]",true,,,false,,true,captured_ephemeral
livebench,olympiad_expression,00eae856aa1c1a9e9d058a65a9a94d85884034c4,real-control_correct-c4ae4e148917ebf3-001,control_correct,finished_control,,false,non-integer gold_answer,not_applicable,non-integer gold_answer,,,,,,,,captured_ephemeral
livebench,olympiad_expression,00eae856aa1c1a9e9d058a65a9a94d85884034c4,real-control_correct-d2716747c59bfdd8-001,control_correct,finished_control,,false,non-integer gold_answer,not_applicable,non-integer gold_answer,,,,,,,,captured_ephemeral
livebench,olympiad_expression,00eae856aa1c1a9e9d058a65a9a94d85884034c4,real-control_correct-62093781aed9b537-001,control_correct,finished_control,,false,non-integer gold_answer,not_applicable,non-integer gold_answer,,,,,,,,captured_ephemeral
livebench,olympiad_expression,00eae856aa1c1a9e9d058a65a9a94d85884034c4,real-control_correct-b286790a32a1fbe8-001,control_correct,finished_control,,false,non-integer gold_answer,not_applicable,non-integer gold_answer,,,,,,,,captured_ephemeral
livebench,olympiad_expression,00eae856aa1c1a9e9d058a65a9a94d85884034c4,real-control_correct-d18b4c82b12f0306-001,control_correct,finished_control,,false,non-integer gold_answer,not_applicable,non-integer gold_answer,,,,,,,,captured_ephemeral
livebench,olympiad_expression,00eae856aa1c1a9e9d058a65a9a94d85884034c4,real-control_correct-96dfc10499a820c6-001,control_correct,finished_control,,false,non-integer gold_answer,not_applicable,non-integer gold_answer,,,,,,,,captured_ephemeral
livebench,olympiad_expression,00eae856aa1c1a9e9d058a65a9a94d85884034c4,real-control_correct-3ec3306f5f7bc543-001,control_correct,finished_control,,false,non-integer gold_answer,not_applicable,non-integer gold_answer,,,,,,,,captured_ephemeral
livebench,olympiad_expression,00eae856aa1c1a9e9d058a65a9a94d85884034c4,real-control_correct-337848c60cd45f12-001,control_correct,finished_control,,false,non-integer gold_answer,not_applicable,non-integer gold_answer,,,,,,,,captured_ephemeral
livebench,olympiad_expression,00eae856aa1c1a9e9d058a65a9a94d85884034c4,real-control_correct-8494ad4e58faefe9-001,control_correct,finished_control,,false,non-integer gold_answer,not_applicable,non-integer gold_answer,,,,,,,,captured_ephemeral
livebench,olympiad_expression,00eae856aa1c1a9e9d058a65a9a94d85884034c4,real-control_correct-0f0941eab1767f38-001,control_correct,finished_control,,false,non-integer gold_answer,not_applicable,non-integer gold_answer,,,,,,,,captured_ephemeral
livebench,olympiad_expression,00eae856aa1c1a9e9d058a65a9a94d85884034c4,real-control_correct-beea208faf3d4bf4-001,control_correct,finished_control,,true,,ok,,"[""26""]",true,,,false,,true,captured_ephemeral
livebench,olympiad_expression,00eae856aa1c1a9e9d058a65a9a94d85884034c4,real-control_correct-49c6c44114b703fb-001,control_correct,finished_control,,true,,ok,,"[""26""]",true,,,false,,true,captured_ephemeral
livebench,olympiad_expression,00eae856aa1c1a9e9d058a65a9a94d85884034c4,real-control_correct-7e4dcc5a2d2dc94f-001,control_correct,finished_control,,false,non-integer gold_answer,not_applicable,non-integer gold_answer,,,,,,,,captured_ephemeral
livebench,olympiad_expression,00eae856aa1c1a9e9d058a65a9a94d85884034c4,real-control_correct-f3c4bd0f7b512e57-001,control_correct,finished_control,,false,non-integer gold_answer,not_applicable,non-integer gold_answer,,,,,,,,captured_ephemeral
livebench,olympiad_expression,00eae856aa1c1a9e9d058a65a9a94d85884034c4,real-control_correct-77dca34ea2834915-001,control_correct,finished_control,,false,non-integer gold_answer,not_applicable,non-integer gold_answer,,,,,,,,captured_ephemeral
livebench,olympiad_expression,00eae856aa1c1a9e9d058a65a9a94d85884034c4,real-control_correct-f61d7cc8e44486cd-001,control_correct,finished_control,,false,non-integer gold_answer,not_applicable,non-integer gold_answer,,,,,,,,captured_ephemeral
livebench,olympiad_expression,00eae856aa1c1a9e9d058a65a9a94d85884034c4,real-control_correct-83db8adebe9798de-001,control_correct,finished_control,,false,non-integer gold_answer,not_applicable,non-integer gold_answer,,,,,,,,captured_ephemeral
livebench,olympiad_expression,00eae856aa1c1a9e9d058a65a9a94d85884034c4,real-control_correct-b745903bf49608cc-001,control_correct,finished_control,,true,,ok,,"[""26""]",true,,,false,,true,captured_ephemeral
livebench,olympiad_expression,00eae856aa1c1a9e9d058a65a9a94d85884034c4,real-control_correct-2c758d44ca541778-001,control_correct,finished_control,,false,non-integer gold_answer,not_applicable,non-integer gold_answer,,,,,,,,captured_ephemeral
livebench,olympiad_expression,00eae856aa1c1a9e9d058a65a9a94d85884034c4,real-control_correct-4a3fdef251946148-001,control_correct,finished_control,,false,non-integer gold_answer,not_applicable,non-integer gold_answer,,,,,,,,captured_ephemeral
livebench,olympiad_expression,00eae856aa1c1a9e9d058a65a9a94d85884034c4,real-control_correct-0ec44c79139c33e2-001,control_correct,finished_control,,false,non-integer gold_answer,not_applicable,non-integer gold_answer,,,,,,,,captured_ephemeral
livebench,olympiad_expression,00eae856aa1c1a9e9d058a65a9a94d85884034c4,real-control_correct-81b17ec6e1a7d1a8-001,control_correct,finished_control,,false,non-integer gold_answer,not_applicable,non-integer gold_answer,,,,,,,,captured_ephemeral
livebench,olympiad_expression,00eae856aa1c1a9e9d058a65a9a94d85884034c4,real-control_correct-0e5f87e242720bf2-001,control_correct,finished_control,,false,non-integer gold_answer,not_applicable,non-integer gold_answer,,,,,,,,captured_ephemeral
livebench,olympiad_expression,00eae856aa1c1a9e9d058a65a9a94d85884034c4,real-control_correct-593135bb2de509c3-001,control_correct,finished_control,,false,non-integer gold_answer,not_applicable,non-integer gold_answer,,,,,,,,captured_ephemeral
livebench,olympiad_expression,00eae856aa1c1a9e9d058a65a9a94d85884034c4,real-control_correct-c56c011273c6c234-001,control_correct,finished_control,,false,non-integer gold_answer,not_applicable,non-integer gold_answer,,,,,,,,captured_ephemeral
livebench,olympiad_expression,00eae856aa1c1a9e9d058a65a9a94d85884034c4,real-control_correct-29005d671726f869-001,control_correct,finished_control,,false,non-integer gold_answer,not_applicable,non-integer gold_answer,,,,,,,,captured_ephemeral
livebench,olympiad_expression,00eae856aa1c1a9e9d058a65a9a94d85884034c4,real-control_correct-67c0cfb485b8e0e1-001,control_correct,finished_control,,false,non-integer gold_answer,not_applicable,non-integer gold_answer,,,,,,,,captured_ephemeral
livebench,olympiad_expression,00eae856aa1c1a9e9d058a65a9a94d85884034c4,real-control_correct-afc87305e9694a73-001,control_correct,finished_control,,false,non-integer gold_answer,not_applicable,non-integer gold_answer,,,,,,,,captured_ephemeral
livebench,olympiad_expression,00eae856aa1c1a9e9d058a65a9a94d85884034c4,real-control_correct-e7d166d098fcef41-001,control_correct,finished_control,,true,,ok,,"[""3840""]",true,,,false,,true,captured_ephemeral
livebench,olympiad_expression,00eae856aa1c1a9e9d058a65a9a94d85884034c4,real-control_correct-c377b550ceb9090b-001,control_correct,finished_control,,true,,ok,,"[""3840""]",true,,,false,,true,captured_ephemeral
livebench,olympiad_expression,00eae856aa1c1a9e9d058a65a9a94d85884034c4,real-control_correct-b4137beeac8ed865-001,control_correct,finished_control,,false,non-integer gold_answer,not_applicable,non-integer gold_answer,,,,,,,,captured_ephemeral
livebench,olympiad_expression,00eae856aa1c1a9e9d058a65a9a94d85884034c4,real-control_correct-8124daee9eec1012-001,control_correct,finished_control,,false,non-integer gold_answer,not_applicable,non-integer gold_answer,,,,,,,,captured_ephemeral
math-verify,default_parse_verify,ba3d3aaff23b3f4cac7a14672b4f6e293d97c98b,real-truncated-aa20e7ac6246feb9-001,truncated,real_truncated,,true,,ok,,,false,,,,,false,captured_ephemeral
math-verify,default_parse_verify,ba3d3aaff23b3f4cac7a14672b4f6e293d97c98b,real-truncated-aa20e7ac6246feb9-002,truncated,real_truncated,,true,,ok,,,false,,,,,false,captured_ephemeral
math-verify,default_parse_verify,ba3d3aaff23b3f4cac7a14672b4f6e293d97c98b,real-truncated-aa20e7ac6246feb9-003,truncated,real_truncated,,true,,ok,,,false,,,,,false,captured_ephemeral
math-verify,default_parse_verify,ba3d3aaff23b3f4cac7a14672b4f6e293d97c98b,real-truncated-aa20e7ac6246feb9-004,truncated,real_truncated,,true,,ok,,,false,,,,,false,captured_ephemeral
math-verify,default_parse_verify,ba3d3aaff23b3f4cac7a14672b4f6e293d97c98b,real-truncated-6cbbd1fc624eeadc-001,truncated,real_truncated,,true,,ok,,"[""0"",""0""]",true,,,,,false,captured_ephemeral
math-verify,default_parse_verify,ba3d3aaff23b3f4cac7a14672b4f6e293d97c98b,real-truncated-bd664f49bf0e323e-001,truncated,real_truncated,,true,,ok,,"[""0"",""0""]",true,,,,,false,captured_ephemeral
math-verify,default_parse_verify,ba3d3aaff23b3f4cac7a14672b4f6e293d97c98b,real-truncated-491eccf133b25a22-001,truncated,real_truncated,,true,,ok,,,false,,,,,false,captured_ephemeral
math-verify,default_parse_verify,ba3d3aaff23b3f4cac7a14672b4f6e293d97c98b,real-truncated-6a67539058b9830a-001,truncated,real_truncated,,true,,ok,,"[""5816"",""5816).""]",true,,,,,false,captured_ephemeral
math-verify,default_parse_verify,ba3d3aaff23b3f4cac7a14672b4f6e293d97c98b,real-truncated-80007a0418241777-001,truncated,real_truncated,,true,,ok,,"[""3875/286"",""3875/286""]",true,,,,,false,captured_ephemeral
math-verify,default_parse_verify,ba3d3aaff23b3f4cac7a14672b4f6e293d97c98b,real-truncated-3e5a56704b99efaf-001,truncated,real_truncated,,true,,ok,,"[""798681656"",""798681656""]",true,,,,,false,captured_ephemeral
math-verify,default_parse_verify,ba3d3aaff23b3f4cac7a14672b4f6e293d97c98b,real-truncated-0f801e8936e3e652-001,truncated,real_truncated,,true,,ok,,"[""-4.47200000000000"",""-2.236)(4.854 -3)(4.854 -4.472)""]",true,,,,,false,captured_ephemeral
math-verify,default_parse_verify,ba3d3aaff23b3f4cac7a14672b4f6e293d97c98b,real-truncated-64dca569eb2179ee-001,truncated,real_truncated,,true,,ok,,"[""727"",""727""]",true,,,,,false,captured_ephemeral
math-verify,default_parse_verify,ba3d3aaff23b3f4cac7a14672b4f6e293d97c98b,real-truncated-62f658f8621431bd-001,truncated,real_truncated,,true,,ok,,"[""9.09000000000000"",""9.09""]",true,,,,,false,captured_ephemeral
math-verify,default_parse_verify,ba3d3aaff23b3f4cac7a14672b4f6e293d97c98b,real-truncated-d1c8cfdc97ccfed3-001,truncated,real_truncated,,true,,ok,,"[""2"",""2""]",true,,,,,false,captured_ephemeral
math-verify,default_parse_verify,ba3d3aaff23b3f4cac7a14672b4f6e293d97c98b,real-truncated-11ac842eba29ce66-001,truncated,real_truncated,,true,,ok,,"[""1"",""1""]",true,,,,,false,captured_ephemeral
math-verify,default_parse_verify,ba3d3aaff23b3f4cac7a14672b4f6e293d97c98b,real-truncated-7d4dcc415df8964c-001,truncated,real_truncated,,true,,ok,,"[""P(90)"",""P(90)""]",true,,,,,false,captured_ephemeral
math-verify,default_parse_verify,ba3d3aaff23b3f4cac7a14672b4f6e293d97c98b,real-truncated-40b63e4bb8bc1fc2-001,truncated,real_truncated,,true,,ok,,"[""8"",""8""]",true,,,,,false,captured_ephemeral
math-verify,default_parse_verify,ba3d3aaff23b3f4cac7a14672b4f6e293d97c98b,real-truncated-e4cb8ed5052dcd59-001,truncated,real_truncated,,true,,ok,,"[""232"",""232""]",true,,,,,false,captured_ephemeral
math-verify,default_parse_verify,ba3d3aaff23b3f4cac7a14672b4f6e293d97c98b,real-truncated-5f94257404611a94-001,truncated,real_truncated,,true,,ok,,"[""99"",""99""]",true,,,,,false,captured_ephemeral
math-verify,default_parse_verify,ba3d3aaff23b3f4cac7a14672b4f6e293d97c98b,real-truncated-cac6cd311f4a62d6-001,truncated,real_truncated,,true,,ok,,"[""c*du*o*p*r*t"",""product""]",true,,,,,false,captured_ephemeral
math-verify,default_parse_verify,ba3d3aaff23b3f4cac7a14672b4f6e293d97c98b,real-truncated-d8a68b2d62a0e37e-001,truncated,real_truncated,,true,,ok,,"[""19"",""19""]",true,,,,,false,captured_ephemeral
math-verify,default_parse_verify,ba3d3aaff23b3f4cac7a14672b4f6e293d97c98b,real-truncated-6313122c5f9da4b8-001,truncated,real_truncated,,true,,ok,,"[""4608"",""4608""]",true,,,,,false,captured_ephemeral
math-verify,default_parse_verify,ba3d3aaff23b3f4cac7a14672b4f6e293d97c98b,real-truncated-9880d7c411a9144e-001,truncated,real_truncated,,true,,ok,,"[""1354/65"",""1354/65""]",true,,,,,false,captured_ephemeral
math-verify,default_parse_verify,ba3d3aaff23b3f4cac7a14672b4f6e293d97c98b,real-truncated-c4dd38bcc0c31ad8-001,truncated,real_truncated,,true,,ok,,"[""12"",""12""]",true,,,,,false,captured_ephemeral
math-verify,default_parse_verify,ba3d3aaff23b3f4cac7a14672b4f6e293d97c98b,real-truncated-c7a933a4b57b2cee-001,truncated,real_truncated,,true,,ok,,"[""12"",""12""]",true,,,,,false,captured_ephemeral
math-verify,default_parse_verify,ba3d3aaff23b3f4cac7a14672b4f6e293d97c98b,real-truncated-7ae317e50e0d73c5-001,truncated,real_truncated,,true,,ok,,"[""3 + 4 + 8"",""4+3+8\n\n""]",true,,,,,false,captured_ephemeral
math-verify,default_parse_verify,ba3d3aaff23b3f4cac7a14672b4f6e293d97c98b,real-truncated-9ecfc35fcefae241-001,truncated,real_truncated,,true,,ok,,,false,,,,,false,captured_ephemeral
math-verify,default_parse_verify,ba3d3aaff23b3f4cac7a14672b4f6e293d97c98b,real-truncated-acb3a5295c56829c-001,truncated,real_truncated,,true,,ok,,,false,,,,,false,captured_ephemeral
math-verify,default_parse_verify,ba3d3aaff23b3f4cac7a14672b4f6e293d97c98b,real-truncated-25007c1e26d4eeb2-001,truncated,real_truncated,,true,,ok,,"[""10"",""10""]",true,,,,,false,captured_ephemeral
math-verify,default_parse_verify,ba3d3aaff23b3f4cac7a14672b4f6e293d97c98b,real-truncated-ba728ce1826746c2-001,truncated,real_truncated,,true,,ok,,"[""Eq(p*x, -1*2*sqrt(3) + sqrt(23))"",""XP = \\sqrt{23} - 2\\sqrt{3}""]",true,,,,,true,captured_ephemeral
math-verify,default_parse_verify,ba3d3aaff23b3f4cac7a14672b4f6e293d97c98b,real-truncated-707f12f62e6d4cef-001,truncated,real_truncated,,true,,ok,,"[""77/2"",""\\frac{77}{2}""]",true,,,,,false,captured_ephemeral
math-verify,default_parse_verify,ba3d3aaff23b3f4cac7a14672b4f6e293d97c98b,real-truncated-d2e93ae35a6c6929-001,truncated,real_truncated,,true,,ok,,"[""1.00000000000000"",""1.0""]",true,,,,,false,captured_ephemeral
math-verify,default_parse_verify,ba3d3aaff23b3f4cac7a14672b4f6e293d97c98b,real-truncated-062cf1ffe5b924fa-001,truncated,real_truncated,,true,,ok,,"[""0.14*1.14"",""0.14*1.14\n""]",true,,,,,false,captured_ephemeral
math-verify,default_parse_verify,ba3d3aaff23b3f4cac7a14672b4f6e293d97c98b,real-truncated-805630023b55e371-001,truncated,real_truncated,,true,,ok,,"[""i*l*n*n*o*o*o*s*t*u"",""No solution""]",true,,,,,false,captured_ephemeral
math-verify,default_parse_verify,ba3d3aaff23b3f4cac7a14672b4f6e293d97c98b,real-truncated-3eacef22437fd915-001,truncated,real_truncated,,true,,ok,,"[""3"",""(3/2""]",true,,,,,false,captured_ephemeral
math-verify,default_parse_verify,ba3d3aaff23b3f4cac7a14672b4f6e293d97c98b,real-truncated-5da13db78fc0a540-001,truncated,real_truncated,,true,,ok,,"[""25"",""25""]",true,,,,,false,captured_ephemeral
math-verify,default_parse_verify,ba3d3aaff23b3f4cac7a14672b4f6e293d97c98b,real-truncated-4480e573ba66416f-001,truncated,real_truncated,,true,,ok,,"[""2"",""2""]",true,,,,,false,captured_ephemeral
math-verify,default_parse_verify,ba3d3aaff23b3f4cac7a14672b4f6e293d97c98b,real-truncated-5f4343c0d4868050-001,truncated,real_truncated,,true,,ok,,"[""2"",""2""]",true,,,,,false,captured_ephemeral
math-verify,default_parse_verify,ba3d3aaff23b3f4cac7a14672b4f6e293d97c98b,real-truncated-4749817223a7201d-001,truncated,real_truncated,,true,,ok,,"[""2024"",""2024""]",true,,,,,false,captured_ephemeral
math-verify,default_parse_verify,ba3d3aaff23b3f4cac7a14672b4f6e293d97c98b,real-truncated-bba38d303fcf87eb-001,truncated,real_truncated,,true,,ok,,"[""sqrt(3)"",""\\sqrt{3}""]",true,,,,,false,captured_ephemeral
math-verify,default_parse_verify,ba3d3aaff23b3f4cac7a14672b4f6e293d97c98b,real-truncated-d85d90aaf4cc1ca6-001,truncated,real_truncated,,true,,ok,,"[""10"",""10""]",true,,,,,false,captured_ephemeral
math-verify,default_parse_verify,ba3d3aaff23b3f4cac7a14672b4f6e293d97c98b,real-truncated-525ccd1eb6fbf139-001,truncated,real_truncated,,true,,ok,,"[""20"",""20""]",true,,,,,false,captured_ephemeral
math-verify,default_parse_verify,ba3d3aaff23b3f4cac7a14672b4f6e293d97c98b,real-truncated-e1572c89e32df953-001,truncated,real_truncated,,true,,ok,,"[""20"",""20""]",true,,,,,false,captured_ephemeral
math-verify,default_parse_verify,ba3d3aaff23b3f4cac7a14672b4f6e293d97c98b,real-truncated-247556f85b1c55a4-001,truncated,real_truncated,,true,,ok,,"[""1"",""1""]",true,,,,,false,captured_ephemeral
math-verify,default_parse_verify,ba3d3aaff23b3f4cac7a14672b4f6e293d97c98b,real-truncated-75443d7e611f2187-001,truncated,real_truncated,,true,,ok,,"[""25"",""25""]",true,,,,,false,captured_ephemeral
math-verify,default_parse_verify,ba3d3aaff23b3f4cac7a14672b4f6e293d97c98b,real-truncated-35be201956f48fd0-001,truncated,real_truncated,,true,,ok,,"[""0"",""0""]",true,,,,,false,captured_ephemeral
math-verify,default_parse_verify,ba3d3aaff23b3f4cac7a14672b4f6e293d97c98b,real-truncated-9bb1434201a768b2-001,truncated,real_truncated,,true,,ok,,"[""47/127"",""47/127""]",true,,,,,false,captured_ephemeral
math-verify,default_parse_verify,ba3d3aaff23b3f4cac7a14672b4f6e293d97c98b,real-truncated-95b8c4379b5dc2e4-001,truncated,real_truncated,,true,,ok,,"[""2"",""-12)/12 )""]",true,,,,,false,captured_ephemeral
math-verify,default_parse_verify,ba3d3aaff23b3f4cac7a14672b4f6e293d97c98b,real-truncated-770210b9f8b54309-001,truncated,real_truncated,,true,,ok,,"[""2"",""2""]",true,,,,,false,captured_ephemeral
math-verify,default_parse_verify,ba3d3aaff23b3f4cac7a14672b4f6e293d97c98b,real-truncated-89322f67b05ffd2c-001,truncated,real_truncated,,true,,ok,,"[""44"",""44""]",true,,,,,false,captured_ephemeral
math-verify,default_parse_verify,ba3d3aaff23b3f4cac7a14672b4f6e293d97c98b,real-truncated-1f7af8c0564d30c0-001,truncated,real_truncated,,true,,ok,,"[""14"",""14""]",true,,,,,false,captured_ephemeral
math-verify,default_parse_verify,ba3d3aaff23b3f4cac7a14672b4f6e293d97c98b,real-truncated-0f4e8f3e7a20e1ab-001,truncated,real_truncated,,true,,ok,,"[""64"",""64""]",true,,,,,false,captured_ephemeral
math-verify,default_parse_verify,ba3d3aaff23b3f4cac7a14672b4f6e293d97c98b,real-truncated-88da8be5be46715d-001,truncated,real_truncated,,true,,ok,,"[""1"",""1""]",true,,,,,false,captured_ephemeral
math-verify,default_parse_verify,ba3d3aaff23b3f4cac7a14672b4f6e293d97c98b,real-truncated-6082a79b2216cc1e-001,truncated,real_truncated,,true,,ok,,"[""101"",""101""]",true,,,,,false,captured_ephemeral
math-verify,default_parse_verify,ba3d3aaff23b3f4cac7a14672b4f6e293d97c98b,real-truncated-798d25ae0b5abad7-001,truncated,real_truncated,,true,,ok,,"[""4"",""4""]",true,,,,,false,captured_ephemeral
math-verify,default_parse_verify,ba3d3aaff23b3f4cac7a14672b4f6e293d97c98b,real-truncated-b92076fc9cd5e016-001,truncated,real_truncated,,true,,ok,,"[""25200"",""25200""]",true,,,,,false,captured_ephemeral
math-verify,default_parse_verify,ba3d3aaff23b3f4cac7a14672b4f6e293d97c98b,real-truncated-aaa0d7f68b704bec-001,truncated,real_truncated,,true,,ok,,"[""20"",""20""]",true,,,,,false,captured_ephemeral
math-verify,default_parse_verify,ba3d3aaff23b3f4cac7a14672b4f6e293d97c98b,real-truncated-55417c12215c3d52-001,truncated,real_truncated,,true,,ok,,"[""1"",""1""]",true,,,,,false,captured_ephemeral
math-verify,default_parse_verify,ba3d3aaff23b3f4cac7a14672b4f6e293d97c98b,real-truncated-7119848ec423bf7a-001,truncated,real_truncated,,true,,ok,,"[""3"",""3""]",true,,,,,false,captured_ephemeral
math-verify,default_parse_verify,ba3d3aaff23b3f4cac7a14672b4f6e293d97c98b,real-truncated-99187b20ecf0bdb9-001,truncated,real_truncated,,true,,ok,,"[""0.0200000000000000"",""0.02""]",true,,,,,false,captured_ephemeral
math-verify,default_parse_verify,ba3d3aaff23b3f4cac7a14672b4f6e293d97c98b,real-truncated-7734823d0e946fc4-001,truncated,real_truncated,,true,,ok,,"[""12"",""12)\n""]",true,,,,,false,captured_ephemeral
math-verify,default_parse_verify,ba3d3aaff23b3f4cac7a14672b4f6e293d97c98b,real-truncated-a1cc1d1204da2de1-001,truncated,real_truncated,,true,,ok,,"[""2"",""2""]",true,,,,,false,captured_ephemeral
math-verify,default_parse_verify,ba3d3aaff23b3f4cac7a14672b4f6e293d97c98b,real-truncated-8ccb63cb04064591-001,truncated,real_truncated,,true,,ok,,"[""2"",""2""]",true,,,,,false,captured_ephemeral
math-verify,default_parse_verify,ba3d3aaff23b3f4cac7a14672b4f6e293d97c98b,real-truncated-ef7b1a56c6749a3f-001,truncated,real_truncated,,true,,ok,,"[""25"",""25""]",true,,,,,false,captured_ephemeral
math-verify,default_parse_verify,ba3d3aaff23b3f4cac7a14672b4f6e293d97c98b,real-truncated-4d3201f20fa1bbd7-001,truncated,real_truncated,,true,,ok,,"[""1"",""1""]",true,,,,,false,captured_ephemeral
math-verify,default_parse_verify,ba3d3aaff23b3f4cac7a14672b4f6e293d97c98b,real-truncated-268a568ac4786f87-001,truncated,real_truncated,,true,,ok,,"[""sqrt((15 + 13*sqrt(13))/6)"",""\\sqrt{\\frac{13\\sqrt{13}+15}{6}}""]",true,,,,,false,captured_ephemeral
math-verify,default_parse_verify,ba3d3aaff23b3f4cac7a14672b4f6e293d97c98b,real-truncated-fe7eed6c63be702d-001,truncated,real_truncated,,true,,ok,,"[""1.87600000000000"",""1.876""]",true,,,,,false,captured_ephemeral
math-verify,default_parse_verify,ba3d3aaff23b3f4cac7a14672b4f6e293d97c98b,real-truncated-e730046d14071b1b-001,truncated,real_truncated,,true,,ok,,"[""1/2017"",""1/2017""]",true,,,,,false,captured_ephemeral
math-verify,default_parse_verify,ba3d3aaff23b3f4cac7a14672b4f6e293d97c98b,real-truncated-22d120ff2613fb3c-001,truncated,real_truncated,,true,,ok,,"[""2016"",""2^5\\cdot3^2\\cdot7\\prod_{\\substack{q\\text{ prime}\\\\ 11\\le q\\le2025, q\\neq2017}}q""]",true,,,,,false,captured_ephemeral
math-verify,default_parse_verify,ba3d3aaff23b3f4cac7a14672b4f6e293d97c98b,real-truncated-44a1889a65c89a98-001,truncated,real_truncated,,true,,ok,,"[""5040"",""5040""]",true,,,,,false,captured_ephemeral
math-verify,default_parse_verify,ba3d3aaff23b3f4cac7a14672b4f6e293d97c98b,real-truncated-3044f9e5b658cf47-001,truncated,real_truncated,,true,,ok,,"[""200"",""200""]",true,,,,,false,captured_ephemeral
math-verify,default_parse_verify,ba3d3aaff23b3f4cac7a14672b4f6e293d97c98b,real-truncated-9dba0a611623ccce-001,truncated,real_truncated,,true,,ok,,"[""20"",""20""]",true,,,,,false,captured_ephemeral
math-verify,default_parse_verify,ba3d3aaff23b3f4cac7a14672b4f6e293d97c98b,real-truncated-56ad692d3950a6ae-001,truncated,real_truncated,,true,,ok,,"[""30"",""30""]",true,,,,,false,captured_ephemeral
math-verify,default_parse_verify,ba3d3aaff23b3f4cac7a14672b4f6e293d97c98b,real-truncated-6279f7b6b01ea2e2-001,truncated,real_truncated,,true,,ok,,"[""{30, 30*sqrt(2)}"",""30,30\\sqrt{2}""]",true,,,,,false,captured_ephemeral
math-verify,default_parse_verify,ba3d3aaff23b3f4cac7a14672b4f6e293d97c98b,real-truncated-210fbcf5ff0f49e9-001,truncated,real_truncated,,true,,ok,,"[""4002"",""4002""]",true,,,,,false,captured_ephemeral
math-verify,default_parse_verify,ba3d3aaff23b3f4cac7a14672b4f6e293d97c98b,real-truncated-8b88e292ba1b4c5c-001,truncated,real_truncated,,true,,ok,,"[""44"",""44""]",true,,,,,false,captured_ephemeral
math-verify,default_parse_verify,ba3d3aaff23b3f4cac7a14672b4f6e293d97c98b,real-truncated-bc0e37aef7f95216-001,truncated,real_truncated,,true,,ok,,"[""13"",""13""]",true,,,,,false,captured_ephemeral
math-verify,default_parse_verify,ba3d3aaff23b3f4cac7a14672b4f6e293d97c98b,real-truncated-af0577d51fd778a1-001,truncated,real_truncated,,true,,ok,,"[""25"",""25""]",true,,,,,false,captured_ephemeral
math-verify,default_parse_verify,ba3d3aaff23b3f4cac7a14672b4f6e293d97c98b,real-truncated-8ee42cd3eba12ec6-001,truncated,real_truncated,,true,,ok,,"[""25"",""25""]",true,,,,,false,captured_ephemeral
math-verify,default_parse_verify,ba3d3aaff23b3f4cac7a14672b4f6e293d97c98b,real-truncated-11779f2fc604d057-001,truncated,real_truncated,,true,,ok,,"[""2"",""2""]",true,,,,,false,captured_ephemeral
math-verify,default_parse_verify,ba3d3aaff23b3f4cac7a14672b4f6e293d97c98b,real-truncated-eface0049132e97d-001,truncated,real_truncated,,true,,ok,,"[""140"",""140""]",true,,,,,false,captured_ephemeral
math-verify,default_parse_verify,ba3d3aaff23b3f4cac7a14672b4f6e293d97c98b,real-truncated-5713bc6fb1dfa8d0-001,truncated,real_truncated,,true,,ok,,"[""2683/7242.0"",""2683/7242.\n""]",true,,,,,false,captured_ephemeral
math-verify,default_parse_verify,ba3d3aaff23b3f4cac7a14672b4f6e293d97c98b,real-truncated-505bc873a129bcd1-001,truncated,real_truncated,,true,,ok,,"[""8"",""8""]",true,,,,,false,captured_ephemeral
math-verify,default_parse_verify,ba3d3aaff23b3f4cac7a14672b4f6e293d97c98b,real-truncated-6853bba8299795d5-001,truncated,real_truncated,,true,,ok,,"[""1"",""1""]",true,,,,,false,captured_ephemeral
math-verify,default_parse_verify,ba3d3aaff23b3f4cac7a14672b4f6e293d97c98b,real-truncated-20f1e0708a19abc4-001,truncated,real_truncated,,true,,ok,,"[""1/v"",""V^{-1}""]",true,,,,,false,captured_ephemeral
math-verify,default_parse_verify,ba3d3aaff23b3f4cac7a14672b4f6e293d97c98b,real-truncated-6e4eb7af77ed2ff8-001,truncated,real_truncated,,true,,ok,,"[""341"",""341""]",true,,,,,false,captured_ephemeral
math-verify,default_parse_verify,ba3d3aaff23b3f4cac7a14672b4f6e293d97c98b,real-truncated-8ea28fa7707b3025-001,truncated,real_truncated,,true,,ok,,"[""0.200000000000000"",""0.2""]",true,,,,,false,captured_ephemeral
math-verify,default_parse_verify,ba3d3aaff23b3f4cac7a14672b4f6e293d97c98b,real-truncated-d8eeb7b64dd7015a-001,truncated,real_truncated,,true,,ok,,"[""20"",""20""]",true,,,,,false,captured_ephemeral
math-verify,default_parse_verify,ba3d3aaff23b3f4cac7a14672b4f6e293d97c98b,real-truncated-fb10e3776314a519-001,truncated,real_truncated,,true,,ok,,"[""0"",""0""]",true,,,,,false,captured_ephemeral
math-verify,default_parse_verify,ba3d3aaff23b3f4cac7a14672b4f6e293d97c98b,real-truncated-ccd8a323f6c2b744-001,truncated,real_truncated,,true,,ok,,"[""10"",""10""]",true,,,,,false,captured_ephemeral
math-verify,default_parse_verify,ba3d3aaff23b3f4cac7a14672b4f6e293d97c98b,real-truncated-1828f5a31563f6e3-001,truncated,real_truncated,,true,,ok,,"[""272.923000000000"",""272.923""]",true,,,,,false,captured_ephemeral
math-verify,default_parse_verify,ba3d3aaff23b3f4cac7a14672b4f6e293d97c98b,real-truncated-a5460d50cb8daafc-001,truncated,real_truncated,,true,,ok,,"[""75648"",""75648""]",true,,,,,false,captured_ephemeral
math-verify,default_parse_verify,ba3d3aaff23b3f4cac7a14672b4f6e293d97c98b,real-truncated-e7536ddc4697865a-001,truncated,real_truncated,,true,,ok,,"[""-1*3 - 2"",""-2 - 3\n\n""]",true,,,,,false,captured_ephemeral
math-verify,default_parse_verify,ba3d3aaff23b3f4cac7a14672b4f6e293d97c98b,real-truncated-3b6b5e2e07c8adab-001,truncated,real_truncated,,true,,ok,,"[""{-3, 3}"",""-3,3""]",true,,,,,false,captured_ephemeral
math-verify,default_parse_verify,ba3d3aaff23b3f4cac7a14672b4f6e293d97c98b,real-truncated-45fd9dd0b16def99-001,truncated,real_truncated,,true,,ok,,"[""3/2"",""3/2""]",true,,,,,false,captured_ephemeral
math-verify,default_parse_verify,ba3d3aaff23b3f4cac7a14672b4f6e293d97c98b,real-truncated-390931de8b8a68ae-001,truncated,real_truncated,,true,,ok,,"[""3"",""3""]",true,,,,,false,captured_ephemeral
math-verify,default_parse_verify,ba3d3aaff23b3f4cac7a14672b4f6e293d97c98b,real-truncated-23c7087e22382c85-001,truncated,real_truncated,,true,,ok,,"[""4"",""4""]",true,,,,,false,captured_ephemeral
math-verify,default_parse_verify,ba3d3aaff23b3f4cac7a14672b4f6e293d97c98b,real-truncated-740acaaa5658c524-001,truncated,real_truncated,,true,,ok,,"[""120"",""120""]",true,,,,,false,captured_ephemeral
math-verify,default_parse_verify,ba3d3aaff23b3f4cac7a14672b4f6e293d97c98b,real-truncated-e6a7555e64fb1fc8-001,truncated,real_truncated,,true,,ok,,"[""-440"",""-440""]",true,,,,,false,captured_ephemeral
math-verify,default_parse_verify,ba3d3aaff23b3f4cac7a14672b4f6e293d97c98b,real-truncated-d4aec9cd22f44d16-001,truncated,real_truncated,,true,,ok,,"[""440"",""440""]",true,,,,,false,captured_ephemeral
math-verify,default_parse_verify,ba3d3aaff23b3f4cac7a14672b4f6e293d97c98b,real-truncated-4ea3c98b3c90e29e-001,truncated,real_truncated,,true,,ok,,"[""1"",""1""]",true,,,,,false,captured_ephemeral
math-verify,default_parse_verify,ba3d3aaff23b3f4cac7a14672b4f6e293d97c98b,real-truncated-f9eaa5fd29415a58-001,truncated,real_truncated,,true,,ok,,"[""Eq(x*(2*x)/(6*8), x**2/24) & Eq((b*c*p)/((a*b*c)), (b*p)*(c*p)/(((a*b))*((a*c)))) & Eq((b*p)*(c*p)/(((a*b))*((a*c))), x*(2*x)/(6*8))"",""\\frac{[BPC]}{[ABC]} = \\frac{BP}{AB} \\cdot \\frac{PC}{AC} = \\frac{x}{6} \\cdot \\frac{2x}{8} = \\frac{x^2}{24}""]",true,,,,,false,captured_ephemeral
math-verify,default_parse_verify,ba3d3aaff23b3f4cac7a14672b4f6e293d97c98b,real-truncated-85c7b95581c097ef-001,truncated,real_truncated,,true,,ok,,"[""Eq((x*2*x)/(x*8 + 2*x*6 + 6*8), (2*x**2)/(20*x + 48)) & Eq((b*c*p)/((a*b*c)), (b*c*p*p)/(a*b*c*p + a*b*c*p + a*a*b*c)) & Eq((b*c*p*p)/(a*b*c*p + a*b*c*p + a*a*b*c), (x*2*x)/(x*8 + 2*x*6 + 6*8))"",""\\frac{[BPC]}{[ABC]} = \\frac{BP \\cdot PC}{AB \\cdot AC + BP \\cdot AC + PC \\cdot AB} = \\frac{x \\cdot 2x}{6 \\cdot 8 + x \\cdot 8 + 2x \\cdot 6} = \\frac{2x^2}{48 + 20x}""]",true,,,,,false,captured_ephemeral
math-verify,default_parse_verify,ba3d3aaff23b3f4cac7a14672b4f6e293d97c98b,real-truncated-aa1b94cca1993363-001,truncated,real_truncated,,true,,ok,,"[""Eq((b*c*p)/((a*b*c)), (b*c*p*p)/(a*a*b*c + a*p*(b*p*cos(theta) + c*p*cos(theta)) + b*c*p*p)) & Eq((b*c*p*p)/(a*a*b*c + a*p*(b*p*cos(theta) + c*p*cos(theta)) + b*c*p*p), (2*x**2)/(3*a*p*x*cos(theta) + 2*x**2 + 48))"",""\\frac{[BPC]}{[ABC]} = \\frac{BP \\cdot PC}{AB \\cdot AC + BP \\cdot PC + AP(BP \\cos \\theta + CP \\cos \\theta)} = \\frac{2x^2}{48+2x^2+3x AP \\cos \\theta}""]",true,,,,,false,captured_ephemeral
math-verify,default_parse_verify,ba3d3aaff23b3f4cac7a14672b4f6e293d97c98b,real-truncated-6ee8443d1d436cf6-001,truncated,real_truncated,,true,,ok,,,false,,,,,false,captured_ephemeral
math-verify,default_parse_verify,ba3d3aaff23b3f4cac7a14672b4f6e293d97c98b,real-truncated-6ee8443d1d436cf6-002,truncated,real_truncated,,true,,ok,,,false,,,,,false,captured_ephemeral
math-verify,default_parse_verify,ba3d3aaff23b3f4cac7a14672b4f6e293d97c98b,real-truncated-6ee8443d1d436cf6-003,truncated,real_truncated,,true,,ok,,,false,,,,,false,captured_ephemeral
math-verify,default_parse_verify,ba3d3aaff23b3f4cac7a14672b4f6e293d97c98b,real-truncated-5281b3506686a184-001,truncated,real_truncated,,true,,ok,,,false,,,,,false,captured_ephemeral
math-verify,default_parse_verify,ba3d3aaff23b3f4cac7a14672b4f6e293d97c98b,real-truncated-5281b3506686a184-002,truncated,real_truncated,,true,,ok,,,false,,,,,false,captured_ephemeral
math-verify,default_parse_verify,ba3d3aaff23b3f4cac7a14672b4f6e293d97c98b,real-truncated-5281b3506686a184-003,truncated,real_truncated,,true,,ok,,,false,,,,,false,captured_ephemeral
math-verify,default_parse_verify,ba3d3aaff23b3f4cac7a14672b4f6e293d97c98b,real-truncated-abb81d1b8c4db67a-001,truncated,real_truncated,,true,,ok,,"[""3"",""3""]",true,,,,,false,captured_ephemeral
math-verify,default_parse_verify,ba3d3aaff23b3f4cac7a14672b4f6e293d97c98b,real-truncated-a79daf5eab47793c-001,truncated,real_truncated,,true,,ok,,"[""39"",""39""]",true,,,,,false,captured_ephemeral
math-verify,default_parse_verify,ba3d3aaff23b3f4cac7a14672b4f6e293d97c98b,real-truncated-16277ed40a76d930-001,truncated,real_truncated,,true,,ok,,"[""4"",""4""]",true,,,,,false,captured_ephemeral
math-verify,default_parse_verify,ba3d3aaff23b3f4cac7a14672b4f6e293d97c98b,real-truncated-e4e046aee036728b-001,truncated,real_truncated,,true,,ok,,"[""0.600000000000000"",""0.6""]",true,,,,,false,captured_ephemeral
math-verify,default_parse_verify,ba3d3aaff23b3f4cac7a14672b4f6e293d97c98b,real-truncated-6dd1f374f6ed08df-001,truncated,real_truncated,,true,,ok,,"[""65"",""65""]",true,,,,,false,captured_ephemeral
math-verify,default_parse_verify,ba3d3aaff23b3f4cac7a14672b4f6e293d97c98b,real-truncated-0d2658ccd619147a-001,truncated,real_truncated,,true,,ok,,"[""63"",""63""]",true,,,,,true,captured_ephemeral
math-verify,default_parse_verify,ba3d3aaff23b3f4cac7a14672b4f6e293d97c98b,real-truncated-74696bb1b2b136e8-001,truncated,real_truncated,,true,,ok,,"[""4"",""4""]",true,,,,,false,captured_ephemeral
math-verify,default_parse_verify,ba3d3aaff23b3f4cac7a14672b4f6e293d97c98b,real-truncated-fdfa2be691dea487-001,truncated,real_truncated,,true,,ok,,"[""4"",""4""]",true,,,,,false,captured_ephemeral
math-verify,default_parse_verify,ba3d3aaff23b3f4cac7a14672b4f6e293d97c98b,real-truncated-075bf5961ff00993-001,truncated,real_truncated,,true,,ok,,,false,,,,,false,captured_ephemeral
math-verify,default_parse_verify,ba3d3aaff23b3f4cac7a14672b4f6e293d97c98b,real-truncated-075bf5961ff00993-002,truncated,real_truncated,,true,,ok,,,false,,,,,false,captured_ephemeral
math-verify,default_parse_verify,ba3d3aaff23b3f4cac7a14672b4f6e293d97c98b,real-truncated-17eebdd1a966e5f0-001,truncated,real_truncated,,true,,ok,,,false,,,,,false,captured_ephemeral
math-verify,default_parse_verify,ba3d3aaff23b3f4cac7a14672b4f6e293d97c98b,real-truncated-a4bb63b5ba4a773e-001,truncated,real_truncated,,true,,ok,,,false,,,,,false,captured_ephemeral
math-verify,default_parse_verify,ba3d3aaff23b3f4cac7a14672b4f6e293d97c98b,real-truncated-a4bb63b5ba4a773e-002,truncated,real_truncated,,true,,ok,,,false,,,,,false,captured_ephemeral
math-verify,default_parse_verify,ba3d3aaff23b3f4cac7a14672b4f6e293d97c98b,real-truncated-a4bb63b5ba4a773e-003,truncated,real_truncated,,true,,ok,,,false,,,,,false,captured_ephemeral
math-verify,default_parse_verify,ba3d3aaff23b3f4cac7a14672b4f6e293d97c98b,real-truncated-355520fb8f2104ec-001,truncated,real_truncated,,true,,ok,,"[""2*sqrt(6)"",""2\\sqrt{6}""]",true,,,,,false,captured_ephemeral
math-verify,default_parse_verify,ba3d3aaff23b3f4cac7a14672b4f6e293d97c98b,real-truncated-49565e194413328d-001,truncated,real_truncated,,true,,ok,,"[""21704"",""0...""]",true,,,,,false,captured_ephemeral
math-verify,default_parse_verify,ba3d3aaff23b3f4cac7a14672b4f6e293d97c98b,real-truncated-85f19c1e57445cde-001,truncated,real_truncated,,true,,ok,,"[""2*sqrt(5)"",""2\\sqrt{5}""]",true,,,,,false,captured_ephemeral
math-verify,default_parse_verify,ba3d3aaff23b3f4cac7a14672b4f6e293d97c98b,real-truncated-bd836ccf84464689-001,truncated,real_truncated,,true,,ok,,"[""2*sqrt(5)"",""2\\sqrt{5}""]",true,,,,,false,captured_ephemeral
math-verify,default_parse_verify,ba3d3aaff23b3f4cac7a14672b4f6e293d97c98b,real-truncated-b881db2f3106d76e-001,truncated,real_truncated,,true,,ok,,"[""3"",""3""]",true,,,,,false,captured_ephemeral
math-verify,default_parse_verify,ba3d3aaff23b3f4cac7a14672b4f6e293d97c98b,real-truncated-58796eda234de823-001,truncated,real_truncated,,true,,ok,,"[""sqrt(580/3)"",""\\sqrt{\\frac{580}{3}}""]",true,,,,,true,captured_ephemeral
math-verify,default_parse_verify,ba3d3aaff23b3f4cac7a14672b4f6e293d97c98b,real-truncated-d876807b9ced546e-001,truncated,real_truncated,,true,,ok,,,false,,,,,false,captured_ephemeral
math-verify,default_parse_verify,ba3d3aaff23b3f4cac7a14672b4f6e293d97c98b,synthetic-1729-mid_box-001,truncated,synthetic_truncated,mid_box,true,,ok,,"[""7 + 54"",""7 + 54""]",true,,,,,false,captured_ephemeral
math-verify,default_parse_verify,ba3d3aaff23b3f4cac7a14672b4f6e293d97c98b,synthetic-1729-mid_box-002,truncated,synthetic_truncated,mid_box,true,,ok,,"[""23 + 60"",""60 + 23""]",true,,,,,false,captured_ephemeral
math-verify,default_parse_verify,ba3d3aaff23b3f4cac7a14672b4f6e293d97c98b,synthetic-1729-mid_box-003,truncated,synthetic_truncated,mid_box,true,,ok,,"[""9 + 25"",""9 + 25""]",true,,,,,false,captured_ephemeral
math-verify,default_parse_verify,ba3d3aaff23b3f4cac7a14672b4f6e293d97c98b,synthetic-1729-mid_box-004,truncated,synthetic_truncated,mid_box,true,,ok,,"[""39 + 68"",""39 + 68""]",true,,,,,false,captured_ephemeral
math-verify,default_parse_verify,ba3d3aaff23b3f4cac7a14672b4f6e293d97c98b,synthetic-1729-mid_box-005,truncated,synthetic_truncated,mid_box,true,,ok,,"[""28 + 38"",""38 + 28""]",true,,,,,false,captured_ephemeral
math-verify,default_parse_verify,ba3d3aaff23b3f4cac7a14672b4f6e293d97c98b,synthetic-1729-mid_box-006,truncated,synthetic_truncated,mid_box,true,,ok,,"[""21 + 95"",""21 + 95""]",true,,,,,false,captured_ephemeral
math-verify,default_parse_verify,ba3d3aaff23b3f4cac7a14672b4f6e293d97c98b,synthetic-1729-mid_box-007,truncated,synthetic_truncated,mid_box,true,,ok,,"[""2 + 65"",""65 + 2""]",true,,,,,false,captured_ephemeral
math-verify,default_parse_verify,ba3d3aaff23b3f4cac7a14672b4f6e293d97c98b,synthetic-1729-mid_box-008,truncated,synthetic_truncated,mid_box,true,,ok,,"[""49 + 60"",""60 + 49""]",true,,,,,false,captured_ephemeral
math-verify,default_parse_verify,ba3d3aaff23b3f4cac7a14672b4f6e293d97c98b,synthetic-1729-mid_box-009,truncated,synthetic_truncated,mid_box,true,,ok,,"[""47 + 96"",""47 + 96""]",true,,,,,false,captured_ephemeral
math-verify,default_parse_verify,ba3d3aaff23b3f4cac7a14672b4f6e293d97c98b,synthetic-1729-mid_box-010,truncated,synthetic_truncated,mid_box,true,,ok,,"[""54 + 93"",""93 + 54""]",true,,,,,false,captured_ephemeral
math-verify,default_parse_verify,ba3d3aaff23b3f4cac7a14672b4f6e293d97c98b,synthetic-1729-mid_box-011,truncated,synthetic_truncated,mid_box,true,,ok,,"[""47 + 72"",""47 + 72""]",true,,,,,false,captured_ephemeral
math-verify,default_parse_verify,ba3d3aaff23b3f4cac7a14672b4f6e293d97c98b,synthetic-1729-mid_box-012,truncated,synthetic_truncated,mid_box,true,,ok,,"[""9 + 53"",""53 + 9""]",true,,,,,false,captured_ephemeral
math-verify,default_parse_verify,ba3d3aaff23b3f4cac7a14672b4f6e293d97c98b,synthetic-1729-mid_box-013,truncated,synthetic_truncated,mid_box,true,,ok,,"[""8 + 92"",""8 + 92""]",true,,,,,false,captured_ephemeral
math-verify,default_parse_verify,ba3d3aaff23b3f4cac7a14672b4f6e293d97c98b,synthetic-1729-mid_box-014,truncated,synthetic_truncated,mid_box,true,,ok,,"[""14 + 71"",""14 + 71""]",true,,,,,false,captured_ephemeral
math-verify,default_parse_verify,ba3d3aaff23b3f4cac7a14672b4f6e293d97c98b,synthetic-1729-mid_box-015,truncated,synthetic_truncated,mid_box,true,,ok,,"[""50 + 94"",""50 + 94""]",true,,,,,false,captured_ephemeral
math-verify,default_parse_verify,ba3d3aaff23b3f4cac7a14672b4f6e293d97c98b,synthetic-1729-mid_box-016,truncated,synthetic_truncated,mid_box,true,,ok,,"[""40 + 74"",""74 + 40""]",true,,,,,false,captured_ephemeral
math-verify,default_parse_verify,ba3d3aaff23b3f4cac7a14672b4f6e293d97c98b,synthetic-1729-mid_box-017,truncated,synthetic_truncated,mid_box,true,,ok,,"[""2 + 74"",""2 + 74""]",true,,,,,false,captured_ephemeral
math-verify,default_parse_verify,ba3d3aaff23b3f4cac7a14672b4f6e293d97c98b,synthetic-1729-mid_box-018,truncated,synthetic_truncated,mid_box,true,,ok,,"[""60 + 75"",""75 + 60""]",true,,,,,false,captured_ephemeral
math-verify,default_parse_verify,ba3d3aaff23b3f4cac7a14672b4f6e293d97c98b,synthetic-1729-mid_box-019,truncated,synthetic_truncated,mid_box,true,,ok,,"[""63 + 77"",""77 + 63""]",true,,,,,false,captured_ephemeral
math-verify,default_parse_verify,ba3d3aaff23b3f4cac7a14672b4f6e293d97c98b,synthetic-1729-mid_box-020,truncated,synthetic_truncated,mid_box,true,,ok,,"[""57 + 59"",""59 + 57""]",true,,,,,false,captured_ephemeral
math-verify,default_parse_verify,ba3d3aaff23b3f4cac7a14672b4f6e293d97c98b,synthetic-1729-mid_multiple_choice_enumeration-001,truncated,synthetic_truncated,mid_multiple_choice_enumeration,true,,ok,,"[""237"",""237""]",true,,,,,true,captured_ephemeral
math-verify,default_parse_verify,ba3d3aaff23b3f4cac7a14672b4f6e293d97c98b,synthetic-1729-mid_multiple_choice_enumeration-002,truncated,synthetic_truncated,mid_multiple_choice_enumeration,true,,ok,,"[""114"",""114""]",true,,,,,true,captured_ephemeral
math-verify,default_parse_verify,ba3d3aaff23b3f4cac7a14672b4f6e293d97c98b,synthetic-1729-mid_multiple_choice_enumeration-003,truncated,synthetic_truncated,mid_multiple_choice_enumeration,true,,ok,,"[""296"",""296""]",true,,,,,true,captured_ephemeral
math-verify,default_parse_verify,ba3d3aaff23b3f4cac7a14672b4f6e293d97c98b,synthetic-1729-mid_multiple_choice_enumeration-004,truncated,synthetic_truncated,mid_multiple_choice_enumeration,true,,ok,,"[""719"",""719""]",true,,,,,true,captured_ephemeral
math-verify,default_parse_verify,ba3d3aaff23b3f4cac7a14672b4f6e293d97c98b,synthetic-1729-mid_multiple_choice_enumeration-005,truncated,synthetic_truncated,mid_multiple_choice_enumeration,true,,ok,,"[""280"",""280""]",true,,,,,true,captured_ephemeral
math-verify,default_parse_verify,ba3d3aaff23b3f4cac7a14672b4f6e293d97c98b,synthetic-1729-mid_multiple_choice_enumeration-006,truncated,synthetic_truncated,mid_multiple_choice_enumeration,true,,ok,,"[""223"",""223""]",true,,,,,true,captured_ephemeral
math-verify,default_parse_verify,ba3d3aaff23b3f4cac7a14672b4f6e293d97c98b,synthetic-1729-mid_multiple_choice_enumeration-007,truncated,synthetic_truncated,mid_multiple_choice_enumeration,true,,ok,,"[""748"",""748""]",true,,,,,true,captured_ephemeral
math-verify,default_parse_verify,ba3d3aaff23b3f4cac7a14672b4f6e293d97c98b,synthetic-1729-mid_multiple_choice_enumeration-008,truncated,synthetic_truncated,mid_multiple_choice_enumeration,true,,ok,,"[""49"",""49""]",true,,,,,true,captured_ephemeral
math-verify,default_parse_verify,ba3d3aaff23b3f4cac7a14672b4f6e293d97c98b,synthetic-1729-mid_multiple_choice_enumeration-009,truncated,synthetic_truncated,mid_multiple_choice_enumeration,true,,ok,,"[""178"",""178""]",true,,,,,true,captured_ephemeral
math-verify,default_parse_verify,ba3d3aaff23b3f4cac7a14672b4f6e293d97c98b,synthetic-1729-mid_multiple_choice_enumeration-010,truncated,synthetic_truncated,mid_multiple_choice_enumeration,true,,ok,,"[""462"",""462""]",true,,,,,true,captured_ephemeral
math-verify,default_parse_verify,ba3d3aaff23b3f4cac7a14672b4f6e293d97c98b,synthetic-1729-mid_multiple_choice_enumeration-011,truncated,synthetic_truncated,mid_multiple_choice_enumeration,true,,ok,,"[""520"",""520""]",true,,,,,true,captured_ephemeral
math-verify,default_parse_verify,ba3d3aaff23b3f4cac7a14672b4f6e293d97c98b,synthetic-1729-mid_multiple_choice_enumeration-012,truncated,synthetic_truncated,mid_multiple_choice_enumeration,true,,ok,,"[""269"",""269""]",true,,,,,true,captured_ephemeral
math-verify,default_parse_verify,ba3d3aaff23b3f4cac7a14672b4f6e293d97c98b,synthetic-1729-mid_multiple_choice_enumeration-013,truncated,synthetic_truncated,mid_multiple_choice_enumeration,true,,ok,,"[""68"",""68""]",true,,,,,true,captured_ephemeral
math-verify,default_parse_verify,ba3d3aaff23b3f4cac7a14672b4f6e293d97c98b,synthetic-1729-mid_multiple_choice_enumeration-014,truncated,synthetic_truncated,mid_multiple_choice_enumeration,true,,ok,,"[""582"",""582""]",true,,,,,true,captured_ephemeral
math-verify,default_parse_verify,ba3d3aaff23b3f4cac7a14672b4f6e293d97c98b,synthetic-1729-mid_multiple_choice_enumeration-015,truncated,synthetic_truncated,mid_multiple_choice_enumeration,true,,ok,,"[""296"",""296""]",true,,,,,true,captured_ephemeral
math-verify,default_parse_verify,ba3d3aaff23b3f4cac7a14672b4f6e293d97c98b,synthetic-1729-mid_multiple_choice_enumeration-016,truncated,synthetic_truncated,mid_multiple_choice_enumeration,true,,ok,,"[""624"",""624""]",true,,,,,true,captured_ephemeral
math-verify,default_parse_verify,ba3d3aaff23b3f4cac7a14672b4f6e293d97c98b,synthetic-1729-mid_multiple_choice_enumeration-017,truncated,synthetic_truncated,mid_multiple_choice_enumeration,true,,ok,,"[""233"",""233""]",true,,,,,true,captured_ephemeral
math-verify,default_parse_verify,ba3d3aaff23b3f4cac7a14672b4f6e293d97c98b,synthetic-1729-mid_multiple_choice_enumeration-018,truncated,synthetic_truncated,mid_multiple_choice_enumeration,true,,ok,,"[""483"",""483""]",true,,,,,true,captured_ephemeral
math-verify,default_parse_verify,ba3d3aaff23b3f4cac7a14672b4f6e293d97c98b,synthetic-1729-mid_multiple_choice_enumeration-019,truncated,synthetic_truncated,mid_multiple_choice_enumeration,true,,ok,,"[""978"",""978""]",true,,,,,true,captured_ephemeral
math-verify,default_parse_verify,ba3d3aaff23b3f4cac7a14672b4f6e293d97c98b,synthetic-1729-mid_multiple_choice_enumeration-020,truncated,synthetic_truncated,mid_multiple_choice_enumeration,true,,ok,,"[""396"",""396""]",true,,,,,true,captured_ephemeral
math-verify,default_parse_verify,ba3d3aaff23b3f4cac7a14672b4f6e293d97c98b,synthetic-1729-post_final_answer-001,truncated,synthetic_truncated,post_final_answer,true,,ok,,"[""706"",""706""]",true,,,,,true,captured_ephemeral
math-verify,default_parse_verify,ba3d3aaff23b3f4cac7a14672b4f6e293d97c98b,synthetic-1729-post_final_answer-002,truncated,synthetic_truncated,post_final_answer,true,,ok,,"[""750"",""750""]",true,,,,,true,captured_ephemeral
math-verify,default_parse_verify,ba3d3aaff23b3f4cac7a14672b4f6e293d97c98b,synthetic-1729-post_final_answer-003,truncated,synthetic_truncated,post_final_answer,true,,ok,,"[""191"",""191""]",true,,,,,true,captured_ephemeral
math-verify,default_parse_verify,ba3d3aaff23b3f4cac7a14672b4f6e293d97c98b,synthetic-1729-post_final_answer-004,truncated,synthetic_truncated,post_final_answer,true,,ok,,"[""744"",""744""]",true,,,,,true,captured_ephemeral
math-verify,default_parse_verify,ba3d3aaff23b3f4cac7a14672b4f6e293d97c98b,synthetic-1729-post_final_answer-005,truncated,synthetic_truncated,post_final_answer,true,,ok,,"[""894"",""894""]",true,,,,,true,captured_ephemeral
math-verify,default_parse_verify,ba3d3aaff23b3f4cac7a14672b4f6e293d97c98b,synthetic-1729-post_final_answer-006,truncated,synthetic_truncated,post_final_answer,true,,ok,,"[""813"",""813""]",true,,,,,true,captured_ephemeral
math-verify,default_parse_verify,ba3d3aaff23b3f4cac7a14672b4f6e293d97c98b,synthetic-1729-post_final_answer-007,truncated,synthetic_truncated,post_final_answer,true,,ok,,"[""463"",""463""]",true,,,,,true,captured_ephemeral
math-verify,default_parse_verify,ba3d3aaff23b3f4cac7a14672b4f6e293d97c98b,synthetic-1729-post_final_answer-008,truncated,synthetic_truncated,post_final_answer,true,,ok,,"[""398"",""398""]",true,,,,,true,captured_ephemeral
math-verify,default_parse_verify,ba3d3aaff23b3f4cac7a14672b4f6e293d97c98b,synthetic-1729-post_final_answer-009,truncated,synthetic_truncated,post_final_answer,true,,ok,,"[""738"",""738""]",true,,,,,true,captured_ephemeral
math-verify,default_parse_verify,ba3d3aaff23b3f4cac7a14672b4f6e293d97c98b,synthetic-1729-post_final_answer-010,truncated,synthetic_truncated,post_final_answer,true,,ok,,"[""864"",""864""]",true,,,,,true,captured_ephemeral
math-verify,default_parse_verify,ba3d3aaff23b3f4cac7a14672b4f6e293d97c98b,synthetic-1729-post_final_answer-011,truncated,synthetic_truncated,post_final_answer,true,,ok,,"[""183"",""183""]",true,,,,,true,captured_ephemeral
math-verify,default_parse_verify,ba3d3aaff23b3f4cac7a14672b4f6e293d97c98b,synthetic-1729-post_final_answer-012,truncated,synthetic_truncated,post_final_answer,true,,ok,,"[""56"",""56""]",true,,,,,true,captured_ephemeral
math-verify,default_parse_verify,ba3d3aaff23b3f4cac7a14672b4f6e293d97c98b,synthetic-1729-post_final_answer-013,truncated,synthetic_truncated,post_final_answer,true,,ok,,"[""948"",""948""]",true,,,,,true,captured_ephemeral
math-verify,default_parse_verify,ba3d3aaff23b3f4cac7a14672b4f6e293d97c98b,synthetic-1729-post_final_answer-014,truncated,synthetic_truncated,post_final_answer,true,,ok,,"[""376"",""376""]",true,,,,,true,captured_ephemeral
math-verify,default_parse_verify,ba3d3aaff23b3f4cac7a14672b4f6e293d97c98b,synthetic-1729-post_final_answer-015,truncated,synthetic_truncated,post_final_answer,true,,ok,,"[""755"",""755""]",true,,,,,true,captured_ephemeral
math-verify,default_parse_verify,ba3d3aaff23b3f4cac7a14672b4f6e293d97c98b,synthetic-1729-post_final_answer-016,truncated,synthetic_truncated,post_final_answer,true,,ok,,"[""551"",""551""]",true,,,,,true,captured_ephemeral
math-verify,default_parse_verify,ba3d3aaff23b3f4cac7a14672b4f6e293d97c98b,synthetic-1729-post_final_answer-017,truncated,synthetic_truncated,post_final_answer,true,,ok,,"[""741"",""741""]",true,,,,,true,captured_ephemeral
math-verify,default_parse_verify,ba3d3aaff23b3f4cac7a14672b4f6e293d97c98b,synthetic-1729-post_final_answer-018,truncated,synthetic_truncated,post_final_answer,true,,ok,,"[""952"",""952""]",true,,,,,true,captured_ephemeral
math-verify,default_parse_verify,ba3d3aaff23b3f4cac7a14672b4f6e293d97c98b,synthetic-1729-post_final_answer-019,truncated,synthetic_truncated,post_final_answer,true,,ok,,"[""510"",""510""]",true,,,,,true,captured_ephemeral
math-verify,default_parse_verify,ba3d3aaff23b3f4cac7a14672b4f6e293d97c98b,synthetic-1729-post_final_answer-020,truncated,synthetic_truncated,post_final_answer,true,,ok,,"[""45"",""45""]",true,,,,,true,captured_ephemeral
math-verify,default_parse_verify,ba3d3aaff23b3f4cac7a14672b4f6e293d97c98b,synthetic-1729-degeneration_loop_plausible_number-001,truncated,synthetic_truncated,degeneration_loop_plausible_number,true,,ok,,"[""686"",""686""]",true,,,,,false,captured_ephemeral
math-verify,default_parse_verify,ba3d3aaff23b3f4cac7a14672b4f6e293d97c98b,synthetic-1729-degeneration_loop_plausible_number-002,truncated,synthetic_truncated,degeneration_loop_plausible_number,true,,ok,,"[""794"",""794""]",true,,,,,false,captured_ephemeral
math-verify,default_parse_verify,ba3d3aaff23b3f4cac7a14672b4f6e293d97c98b,synthetic-1729-degeneration_loop_plausible_number-003,truncated,synthetic_truncated,degeneration_loop_plausible_number,true,,ok,,"[""187"",""187""]",true,,,,,false,captured_ephemeral
math-verify,default_parse_verify,ba3d3aaff23b3f4cac7a14672b4f6e293d97c98b,synthetic-1729-degeneration_loop_plausible_number-004,truncated,synthetic_truncated,degeneration_loop_plausible_number,true,,ok,,"[""154"",""154""]",true,,,,,false,captured_ephemeral
math-verify,default_parse_verify,ba3d3aaff23b3f4cac7a14672b4f6e293d97c98b,synthetic-1729-degeneration_loop_plausible_number-005,truncated,synthetic_truncated,degeneration_loop_plausible_number,true,,ok,,"[""421"",""421""]",true,,,,,false,captured_ephemeral
math-verify,default_parse_verify,ba3d3aaff23b3f4cac7a14672b4f6e293d97c98b,synthetic-1729-degeneration_loop_plausible_number-006,truncated,synthetic_truncated,degeneration_loop_plausible_number,true,,ok,,"[""851"",""851""]",true,,,,,false,captured_ephemeral
math-verify,default_parse_verify,ba3d3aaff23b3f4cac7a14672b4f6e293d97c98b,synthetic-1729-degeneration_loop_plausible_number-007,truncated,synthetic_truncated,degeneration_loop_plausible_number,true,,ok,,"[""878"",""878""]",true,,,,,false,captured_ephemeral
math-verify,default_parse_verify,ba3d3aaff23b3f4cac7a14672b4f6e293d97c98b,synthetic-1729-degeneration_loop_plausible_number-008,truncated,synthetic_truncated,degeneration_loop_plausible_number,true,,ok,,"[""906"",""906""]",true,,,,,false,captured_ephemeral
math-verify,default_parse_verify,ba3d3aaff23b3f4cac7a14672b4f6e293d97c98b,synthetic-1729-degeneration_loop_plausible_number-009,truncated,synthetic_truncated,degeneration_loop_plausible_number,true,,ok,,"[""569"",""569""]",true,,,,,false,captured_ephemeral
math-verify,default_parse_verify,ba3d3aaff23b3f4cac7a14672b4f6e293d97c98b,synthetic-1729-degeneration_loop_plausible_number-010,truncated,synthetic_truncated,degeneration_loop_plausible_number,true,,ok,,"[""593"",""593""]",true,,,,,false,captured_ephemeral
math-verify,default_parse_verify,ba3d3aaff23b3f4cac7a14672b4f6e293d97c98b,synthetic-1729-degeneration_loop_plausible_number-011,truncated,synthetic_truncated,degeneration_loop_plausible_number,true,,ok,,"[""959"",""959""]",true,,,,,false,captured_ephemeral
math-verify,default_parse_verify,ba3d3aaff23b3f4cac7a14672b4f6e293d97c98b,synthetic-1729-degeneration_loop_plausible_number-012,truncated,synthetic_truncated,degeneration_loop_plausible_number,true,,ok,,"[""887"",""887""]",true,,,,,false,captured_ephemeral
math-verify,default_parse_verify,ba3d3aaff23b3f4cac7a14672b4f6e293d97c98b,synthetic-1729-degeneration_loop_plausible_number-013,truncated,synthetic_truncated,degeneration_loop_plausible_number,true,,ok,,"[""331"",""331""]",true,,,,,false,captured_ephemeral
math-verify,default_parse_verify,ba3d3aaff23b3f4cac7a14672b4f6e293d97c98b,synthetic-1729-degeneration_loop_plausible_number-014,truncated,synthetic_truncated,degeneration_loop_plausible_number,true,,ok,,"[""474"",""474""]",true,,,,,false,captured_ephemeral
math-verify,default_parse_verify,ba3d3aaff23b3f4cac7a14672b4f6e293d97c98b,synthetic-1729-degeneration_loop_plausible_number-015,truncated,synthetic_truncated,degeneration_loop_plausible_number,true,,ok,,"[""555"",""555""]",true,,,,,false,captured_ephemeral
math-verify,default_parse_verify,ba3d3aaff23b3f4cac7a14672b4f6e293d97c98b,synthetic-1729-degeneration_loop_plausible_number-016,truncated,synthetic_truncated,degeneration_loop_plausible_number,true,,ok,,"[""400"",""400""]",true,,,,,false,captured_ephemeral
math-verify,default_parse_verify,ba3d3aaff23b3f4cac7a14672b4f6e293d97c98b,synthetic-1729-degeneration_loop_plausible_number-017,truncated,synthetic_truncated,degeneration_loop_plausible_number,true,,ok,,"[""867"",""867""]",true,,,,,false,captured_ephemeral
math-verify,default_parse_verify,ba3d3aaff23b3f4cac7a14672b4f6e293d97c98b,synthetic-1729-degeneration_loop_plausible_number-018,truncated,synthetic_truncated,degeneration_loop_plausible_number,true,,ok,,"[""945"",""945""]",true,,,,,false,captured_ephemeral
math-verify,default_parse_verify,ba3d3aaff23b3f4cac7a14672b4f6e293d97c98b,synthetic-1729-degeneration_loop_plausible_number-019,truncated,synthetic_truncated,degeneration_loop_plausible_number,true,,ok,,"[""103"",""103""]",true,,,,,false,captured_ephemeral
math-verify,default_parse_verify,ba3d3aaff23b3f4cac7a14672b4f6e293d97c98b,synthetic-1729-degeneration_loop_plausible_number-020,truncated,synthetic_truncated,degeneration_loop_plausible_number,true,,ok,,"[""70"",""70""]",true,,,,,false,captured_ephemeral
math-verify,default_parse_verify,ba3d3aaff23b3f4cac7a14672b4f6e293d97c98b,synthetic-1729-mid_latex_expression-001,truncated,synthetic_truncated,mid_latex_expression,true,,ok,,"[""20 + 68"",""68 + 20""]",true,,,,,false,captured_ephemeral
math-verify,default_parse_verify,ba3d3aaff23b3f4cac7a14672b4f6e293d97c98b,synthetic-1729-mid_latex_expression-002,truncated,synthetic_truncated,mid_latex_expression,true,,ok,,"[""35 + 89"",""89 + 35""]",true,,,,,false,captured_ephemeral
math-verify,default_parse_verify,ba3d3aaff23b3f4cac7a14672b4f6e293d97c98b,synthetic-1729-mid_latex_expression-003,truncated,synthetic_truncated,mid_latex_expression,true,,ok,,"[""58 + 97"",""58 + 97""]",true,,,,,false,captured_ephemeral
math-verify,default_parse_verify,ba3d3aaff23b3f4cac7a14672b4f6e293d97c98b,synthetic-1729-mid_latex_expression-004,truncated,synthetic_truncated,mid_latex_expression,true,,ok,,"[""28 + 48"",""48 + 28""]",true,,,,,false,captured_ephemeral
math-verify,default_parse_verify,ba3d3aaff23b3f4cac7a14672b4f6e293d97c98b,synthetic-1729-mid_latex_expression-005,truncated,synthetic_truncated,mid_latex_expression,true,,ok,,"[""21 + 85"",""21 + 85""]",true,,,,,false,captured_ephemeral
math-verify,default_parse_verify,ba3d3aaff23b3f4cac7a14672b4f6e293d97c98b,synthetic-1729-mid_latex_expression-006,truncated,synthetic_truncated,mid_latex_expression,true,,ok,,"[""21 + 75"",""75 + 21""]",true,,,,,false,captured_ephemeral
math-verify,default_parse_verify,ba3d3aaff23b3f4cac7a14672b4f6e293d97c98b,synthetic-1729-mid_latex_expression-007,truncated,synthetic_truncated,mid_latex_expression,true,,ok,,"[""51 + 86"",""86 + 51""]",true,,,,,false,captured_ephemeral
math-verify,default_parse_verify,ba3d3aaff23b3f4cac7a14672b4f6e293d97c98b,synthetic-1729-mid_latex_expression-008,truncated,synthetic_truncated,mid_latex_expression,true,,ok,,"[""21 + 52"",""52 + 21""]",true,,,,,false,captured_ephemeral
math-verify,default_parse_verify,ba3d3aaff23b3f4cac7a14672b4f6e293d97c98b,synthetic-1729-mid_latex_expression-009,truncated,synthetic_truncated,mid_latex_expression,true,,ok,,"[""37 + 65"",""37 + 65""]",true,,,,,false,captured_ephemeral
math-verify,default_parse_verify,ba3d3aaff23b3f4cac7a14672b4f6e293d97c98b,synthetic-1729-mid_latex_expression-010,truncated,synthetic_truncated,mid_latex_expression,true,,ok,,"[""3 + 48"",""3 + 48""]",true,,,,,false,captured_ephemeral
math-verify,default_parse_verify,ba3d3aaff23b3f4cac7a14672b4f6e293d97c98b,synthetic-1729-mid_latex_expression-011,truncated,synthetic_truncated,mid_latex_expression,true,,ok,,"[""82 + 95"",""95 + 82""]",true,,,,,false,captured_ephemeral
math-verify,default_parse_verify,ba3d3aaff23b3f4cac7a14672b4f6e293d97c98b,synthetic-1729-mid_latex_expression-012,truncated,synthetic_truncated,mid_latex_expression,true,,ok,,"[""4 + 79"",""4 + 79""]",true,,,,,false,captured_ephemeral
math-verify,default_parse_verify,ba3d3aaff23b3f4cac7a14672b4f6e293d97c98b,synthetic-1729-mid_latex_expression-013,truncated,synthetic_truncated,mid_latex_expression,true,,ok,,"[""45 + 60"",""60 + 45""]",true,,,,,false,captured_ephemeral
math-verify,default_parse_verify,ba3d3aaff23b3f4cac7a14672b4f6e293d97c98b,synthetic-1729-mid_latex_expression-014,truncated,synthetic_truncated,mid_latex_expression,true,,ok,,"[""13 + 85"",""13 + 85""]",true,,,,,false,captured_ephemeral
math-verify,default_parse_verify,ba3d3aaff23b3f4cac7a14672b4f6e293d97c98b,synthetic-1729-mid_latex_expression-015,truncated,synthetic_truncated,mid_latex_expression,true,,ok,,"[""36 + 73"",""73 + 36""]",true,,,,,false,captured_ephemeral
math-verify,default_parse_verify,ba3d3aaff23b3f4cac7a14672b4f6e293d97c98b,synthetic-1729-mid_latex_expression-016,truncated,synthetic_truncated,mid_latex_expression,true,,ok,,"[""29 + 64"",""64 + 29""]",true,,,,,false,captured_ephemeral
math-verify,default_parse_verify,ba3d3aaff23b3f4cac7a14672b4f6e293d97c98b,synthetic-1729-mid_latex_expression-017,truncated,synthetic_truncated,mid_latex_expression,true,,ok,,"[""41 + 92"",""41 + 92""]",true,,,,,false,captured_ephemeral
math-verify,default_parse_verify,ba3d3aaff23b3f4cac7a14672b4f6e293d97c98b,synthetic-1729-mid_latex_expression-018,truncated,synthetic_truncated,mid_latex_expression,true,,ok,,"[""40 + 47"",""40 + 47""]",true,,,,,false,captured_ephemeral
math-verify,default_parse_verify,ba3d3aaff23b3f4cac7a14672b4f6e293d97c98b,synthetic-1729-mid_latex_expression-019,truncated,synthetic_truncated,mid_latex_expression,true,,ok,,"[""28 + 64"",""64 + 28""]",true,,,,,false,captured_ephemeral
math-verify,default_parse_verify,ba3d3aaff23b3f4cac7a14672b4f6e293d97c98b,synthetic-1729-mid_latex_expression-020,truncated,synthetic_truncated,mid_latex_expression,true,,ok,,"[""55 + 77"",""77 + 55""]",true,,,,,false,captured_ephemeral
math-verify,default_parse_verify,ba3d3aaff23b3f4cac7a14672b4f6e293d97c98b,real-control_correct-89378d7c9af16411-001,control_correct,finished_control,,true,,ok,,"[""396"",""396""]",true,,,,,true,captured_ephemeral
math-verify,default_parse_verify,ba3d3aaff23b3f4cac7a14672b4f6e293d97c98b,real-control_correct-16e0de893f7ebe3a-001,control_correct,finished_control,,true,,ok,,"[""396"",""396""]",true,,,,,true,captured_ephemeral
math-verify,default_parse_verify,ba3d3aaff23b3f4cac7a14672b4f6e293d97c98b,real-control_correct-2d3da8c4bfee3c4c-001,control_correct,finished_control,,true,,ok,,"[""396"",""396""]",true,,,,,true,captured_ephemeral
math-verify,default_parse_verify,ba3d3aaff23b3f4cac7a14672b4f6e293d97c98b,real-control_correct-c9f62a5de2de08df-001,control_correct,finished_control,,true,,ok,,"[""396"",""396""]",true,,,,,true,captured_ephemeral
math-verify,default_parse_verify,ba3d3aaff23b3f4cac7a14672b4f6e293d97c98b,real-control_correct-c6ddf5c572a35adb-001,control_correct,finished_control,,true,,ok,,"[""396"",""396""]",true,,,,,true,captured_ephemeral
math-verify,default_parse_verify,ba3d3aaff23b3f4cac7a14672b4f6e293d97c98b,real-control_correct-17d3bfe110828692-001,control_correct,finished_control,,true,,ok,,"[""396"",""396""]",true,,,,,true,captured_ephemeral
math-verify,default_parse_verify,ba3d3aaff23b3f4cac7a14672b4f6e293d97c98b,real-control_correct-61723f102d6ae8a1-001,control_correct,finished_control,,true,,ok,,"[""924"",""924""]",true,,,,,true,captured_ephemeral
math-verify,default_parse_verify,ba3d3aaff23b3f4cac7a14672b4f6e293d97c98b,real-control_correct-255be5d582935302-001,control_correct,finished_control,,true,,ok,,"[""924"",""924""]",true,,,,,true,captured_ephemeral
math-verify,default_parse_verify,ba3d3aaff23b3f4cac7a14672b4f6e293d97c98b,real-control_correct-9e251a1ffea90916-001,control_correct,finished_control,,true,,ok,,"[""924"",""924""]",true,,,,,true,captured_ephemeral
math-verify,default_parse_verify,ba3d3aaff23b3f4cac7a14672b4f6e293d97c98b,real-control_correct-43de6f6db2801086-001,control_correct,finished_control,,true,,ok,,"[""924"",""924""]",true,,,,,true,captured_ephemeral
math-verify,default_parse_verify,ba3d3aaff23b3f4cac7a14672b4f6e293d97c98b,real-control_correct-eeb69bc8e4b6afb6-001,control_correct,finished_control,,true,,ok,,"[""924"",""924""]",true,,,,,true,captured_ephemeral
math-verify,default_parse_verify,ba3d3aaff23b3f4cac7a14672b4f6e293d97c98b,real-control_correct-8e92ff00e3dc8c7f-001,control_correct,finished_control,,true,,ok,,"[""924"",""924""]",true,,,,,true,captured_ephemeral
math-verify,default_parse_verify,ba3d3aaff23b3f4cac7a14672b4f6e293d97c98b,real-control_correct-c2bfbc405396d110-001,control_correct,finished_control,,true,,ok,,"[""924"",""924""]",true,,,,,true,captured_ephemeral
math-verify,default_parse_verify,ba3d3aaff23b3f4cac7a14672b4f6e293d97c98b,real-control_correct-c44a3d80f5ea3ae9-001,control_correct,finished_control,,true,,ok,,"[""924"",""924""]",true,,,,,true,captured_ephemeral
math-verify,default_parse_verify,ba3d3aaff23b3f4cac7a14672b4f6e293d97c98b,real-control_correct-45c33fc7f4b89ab1-001,control_correct,finished_control,,true,,ok,,"[""924"",""924""]",true,,,,,true,captured_ephemeral
math-verify,default_parse_verify,ba3d3aaff23b3f4cac7a14672b4f6e293d97c98b,real-control_correct-2ec159fcc5ac75cf-001,control_correct,finished_control,,true,,ok,,"[""924"",""924""]",true,,,,,true,captured_ephemeral
math-verify,default_parse_verify,ba3d3aaff23b3f4cac7a14672b4f6e293d97c98b,real-control_correct-4bc94d1cce22bd8b-001,control_correct,finished_control,,true,,ok,,"[""924"",""924""]",true,,,,,true,captured_ephemeral
math-verify,default_parse_verify,ba3d3aaff23b3f4cac7a14672b4f6e293d97c98b,real-control_correct-02db4d1921acd1d7-001,control_correct,finished_control,,true,,ok,,"[""924"",""924""]",true,,,,,true,captured_ephemeral
math-verify,default_parse_verify,ba3d3aaff23b3f4cac7a14672b4f6e293d97c98b,real-control_correct-0e0bf8d361f29f7c-001,control_correct,finished_control,,true,,ok,,"[""Eq(r/factorial(2025), 1311/2017)"",""\\frac{r}{2025!} = \\frac{1311}{2017}""]",true,,,,,true,captured_ephemeral
math-verify,default_parse_verify,ba3d3aaff23b3f4cac7a14672b4f6e293d97c98b,real-control_correct-585dbca476773d3a-001,control_correct,finished_control,,true,,ok,,"[""26"",""26""]",true,,,,,true,captured_ephemeral
math-verify,default_parse_verify,ba3d3aaff23b3f4cac7a14672b4f6e293d97c98b,real-control_correct-066f81dce4312897-001,control_correct,finished_control,,true,,ok,,"[""(9*sqrt(23))/23"",""\\frac{9\\sqrt{23}}{23}""]",true,,,,,true,captured_ephemeral
math-verify,default_parse_verify,ba3d3aaff23b3f4cac7a14672b4f6e293d97c98b,real-control_correct-7c345a24b0485152-001,control_correct,finished_control,,true,,ok,,"[""(9*sqrt(23))/23"",""\\frac{9\\sqrt{23}}{23}""]",true,,,,,true,captured_ephemeral
math-verify,default_parse_verify,ba3d3aaff23b3f4cac7a14672b4f6e293d97c98b,real-control_correct-14b3558563a36d01-001,control_correct,finished_control,,true,,ok,,"[""26"",""26""]",true,,,,,true,captured_ephemeral
math-verify,default_parse_verify,ba3d3aaff23b3f4cac7a14672b4f6e293d97c98b,real-control_correct-52cde770e82e4c2e-001,control_correct,finished_control,,true,,ok,,"[""26"",""26""]",true,,,,,true,captured_ephemeral
math-verify,default_parse_verify,ba3d3aaff23b3f4cac7a14672b4f6e293d97c98b,real-control_correct-a3713e645b1649de-001,control_correct,finished_control,,true,,ok,,"[""(9*sqrt(23))/23"",""\\frac{9\\sqrt{23}}{23}""]",true,,,,,true,captured_ephemeral
math-verify,default_parse_verify,ba3d3aaff23b3f4cac7a14672b4f6e293d97c98b,real-control_correct-2154392bb16da70b-001,control_correct,finished_control,,true,,ok,,"[""1311/2017"",""\\frac{1311}{2017}""]",true,,,,,true,captured_ephemeral
math-verify,default_parse_verify,ba3d3aaff23b3f4cac7a14672b4f6e293d97c98b,real-control_correct-58e45e3809bf2724-001,control_correct,finished_control,,true,,ok,,"[""1311/2017"",""\\frac{1311}{2017}""]",true,,,,,true,captured_ephemeral
math-verify,default_parse_verify,ba3d3aaff23b3f4cac7a14672b4f6e293d97c98b,real-control_correct-ef625c1ebfd1e6d8-001,control_correct,finished_control,,true,,ok,,"[""26"",""26""]",true,,,,,true,captured_ephemeral
math-verify,default_parse_verify,ba3d3aaff23b3f4cac7a14672b4f6e293d97c98b,real-control_correct-fc4941cec6e2d7b3-001,control_correct,finished_control,,true,,ok,,"[""1311/2017"",""\\frac{1311}{2017}""]",true,,,,,true,captured_ephemeral
math-verify,default_parse_verify,ba3d3aaff23b3f4cac7a14672b4f6e293d97c98b,real-control_correct-14a0b724276c5caa-001,control_correct,finished_control,,true,,ok,,"[""1311/2017"",""\\frac{1311}{2017}""]",true,,,,,true,captured_ephemeral
math-verify,default_parse_verify,ba3d3aaff23b3f4cac7a14672b4f6e293d97c98b,real-control_correct-5aba32f1a8311a80-001,control_correct,finished_control,,true,,ok,,"[""1311/2017"",""\\frac{1311}{2017}""]",true,,,,,true,captured_ephemeral
math-verify,default_parse_verify,ba3d3aaff23b3f4cac7a14672b4f6e293d97c98b,real-control_correct-2efd83efcd01279f-001,control_correct,finished_control,,true,,ok,,"[""26"",""26""]",true,,,,,true,captured_ephemeral
math-verify,default_parse_verify,ba3d3aaff23b3f4cac7a14672b4f6e293d97c98b,real-control_correct-c4ae4e148917ebf3-001,control_correct,finished_control,,true,,ok,,"[""9/(sqrt(23))"",""\\frac{9}{\\sqrt{23}}""]",true,,,,,true,captured_ephemeral
math-verify,default_parse_verify,ba3d3aaff23b3f4cac7a14672b4f6e293d97c98b,real-control_correct-d2716747c59bfdd8-001,control_correct,finished_control,,true,,ok,,"[""(9*sqrt(23))/23"",""\\frac{9\\,\\sqrt{23}}{23}""]",true,,,,,true,captured_ephemeral
math-verify,default_parse_verify,ba3d3aaff23b3f4cac7a14672b4f6e293d97c98b,real-control_correct-62093781aed9b537-001,control_correct,finished_control,,true,,ok,,"[""(9*sqrt(23))/23"",""\\frac{9\\sqrt{23}}{23}""]",true,,,,,true,captured_ephemeral
math-verify,default_parse_verify,ba3d3aaff23b3f4cac7a14672b4f6e293d97c98b,real-control_correct-b286790a32a1fbe8-001,control_correct,finished_control,,true,,ok,,"[""1311/2017"",""\\frac{1311}{2017}""]",true,,,,,true,captured_ephemeral
math-verify,default_parse_verify,ba3d3aaff23b3f4cac7a14672b4f6e293d97c98b,real-control_correct-d18b4c82b12f0306-001,control_correct,finished_control,,true,,ok,,"[""1311/2017"",""\\frac{1311}{2017}""]",true,,,,,true,captured_ephemeral
math-verify,default_parse_verify,ba3d3aaff23b3f4cac7a14672b4f6e293d97c98b,real-control_correct-96dfc10499a820c6-001,control_correct,finished_control,,true,,ok,,"[""1311/2017"",""\\frac{1311}{2017}""]",true,,,,,true,captured_ephemeral
math-verify,default_parse_verify,ba3d3aaff23b3f4cac7a14672b4f6e293d97c98b,real-control_correct-3ec3306f5f7bc543-001,control_correct,finished_control,,true,,ok,,"[""(9*sqrt(23))/23"",""\\frac{9\\sqrt{23}}{23}""]",true,,,,,true,captured_ephemeral
math-verify,default_parse_verify,ba3d3aaff23b3f4cac7a14672b4f6e293d97c98b,real-control_correct-337848c60cd45f12-001,control_correct,finished_control,,true,,ok,,"[""(9*sqrt(23))/23"",""\\frac{9\\sqrt{23}}{23}""]",true,,,,,true,captured_ephemeral
math-verify,default_parse_verify,ba3d3aaff23b3f4cac7a14672b4f6e293d97c98b,real-control_correct-8494ad4e58faefe9-001,control_correct,finished_control,,true,,ok,,"[""(9*sqrt(23))/23"",""\\frac{9\\sqrt{23}}{23}""]",true,,,,,true,captured_ephemeral
math-verify,default_parse_verify,ba3d3aaff23b3f4cac7a14672b4f6e293d97c98b,real-control_correct-0f0941eab1767f38-001,control_correct,finished_control,,true,,ok,,"[""(9*sqrt(23))/23"",""\\frac{9\\sqrt{23}}{23}""]",true,,,,,true,captured_ephemeral
math-verify,default_parse_verify,ba3d3aaff23b3f4cac7a14672b4f6e293d97c98b,real-control_correct-beea208faf3d4bf4-001,control_correct,finished_control,,true,,ok,,"[""26"",""26""]",true,,,,,true,captured_ephemeral
math-verify,default_parse_verify,ba3d3aaff23b3f4cac7a14672b4f6e293d97c98b,real-control_correct-49c6c44114b703fb-001,control_correct,finished_control,,true,,ok,,"[""26"",""26""]",true,,,,,true,captured_ephemeral
math-verify,default_parse_verify,ba3d3aaff23b3f4cac7a14672b4f6e293d97c98b,real-control_correct-7e4dcc5a2d2dc94f-001,control_correct,finished_control,,true,,ok,,"[""(9*sqrt(23))/23"",""\\frac{9\\sqrt{23}}{23}""]",true,,,,,true,captured_ephemeral
math-verify,default_parse_verify,ba3d3aaff23b3f4cac7a14672b4f6e293d97c98b,real-control_correct-f3c4bd0f7b512e57-001,control_correct,finished_control,,true,,ok,,"[""(9*sqrt(23))/23"",""\\frac{9\\sqrt{23}}{23}""]",true,,,,,true,captured_ephemeral
math-verify,default_parse_verify,ba3d3aaff23b3f4cac7a14672b4f6e293d97c98b,real-control_correct-77dca34ea2834915-001,control_correct,finished_control,,true,,ok,,"[""(9*sqrt(23))/23"",""\\frac{9\\sqrt{23}}{23}""]",true,,,,,true,captured_ephemeral
math-verify,default_parse_verify,ba3d3aaff23b3f4cac7a14672b4f6e293d97c98b,real-control_correct-f61d7cc8e44486cd-001,control_correct,finished_control,,true,,ok,,"[""(9*sqrt(23))/23"",""\\frac{9\\sqrt{23}}{23}""]",true,,,,,true,captured_ephemeral
math-verify,default_parse_verify,ba3d3aaff23b3f4cac7a14672b4f6e293d97c98b,real-control_correct-83db8adebe9798de-001,control_correct,finished_control,,true,,ok,,"[""(9*sqrt(23))/23"",""\\frac{9\\sqrt{23}}{23}""]",true,,,,,true,captured_ephemeral
math-verify,default_parse_verify,ba3d3aaff23b3f4cac7a14672b4f6e293d97c98b,real-control_correct-b745903bf49608cc-001,control_correct,finished_control,,true,,ok,,"[""26"",""26""]",true,,,,,true,captured_ephemeral
math-verify,default_parse_verify,ba3d3aaff23b3f4cac7a14672b4f6e293d97c98b,real-control_correct-2c758d44ca541778-001,control_correct,finished_control,,true,,ok,,"[""9/(sqrt(23))"",""\\frac{9}{\\sqrt{23}}""]",true,,,,,true,captured_ephemeral
math-verify,default_parse_verify,ba3d3aaff23b3f4cac7a14672b4f6e293d97c98b,real-control_correct-4a3fdef251946148-001,control_correct,finished_control,,true,,ok,,"[""9/(sqrt(23))"",""\\frac{9}{\\sqrt{23}}""]",true,,,,,true,captured_ephemeral
math-verify,default_parse_verify,ba3d3aaff23b3f4cac7a14672b4f6e293d97c98b,real-control_correct-0ec44c79139c33e2-001,control_correct,finished_control,,true,,ok,,"[""1311/2017"",""\\frac{1311}{2017}""]",true,,,,,true,captured_ephemeral
math-verify,default_parse_verify,ba3d3aaff23b3f4cac7a14672b4f6e293d97c98b,real-control_correct-81b17ec6e1a7d1a8-001,control_correct,finished_control,,true,,ok,,"[""1311/2017"",""\\frac{1311}{2017}""]",true,,,,,true,captured_ephemeral
math-verify,default_parse_verify,ba3d3aaff23b3f4cac7a14672b4f6e293d97c98b,real-control_correct-0e5f87e242720bf2-001,control_correct,finished_control,,true,,ok,,"[""((3 - sqrt(6))/3)**(1/3)"",""\\sqrt[3]{\\frac{3-\\sqrt{6}}{3}}""]",true,,,,,true,captured_ephemeral
math-verify,default_parse_verify,ba3d3aaff23b3f4cac7a14672b4f6e293d97c98b,real-control_correct-593135bb2de509c3-001,control_correct,finished_control,,true,,ok,,"[""(-1*9*sqrt(6) + 27)**(1/3)/3"",""\\frac{\\sqrt[3]{27 - 9\\sqrt{6}}}{3}""]",true,,,,,true,captured_ephemeral
math-verify,default_parse_verify,ba3d3aaff23b3f4cac7a14672b4f6e293d97c98b,real-control_correct-c56c011273c6c234-001,control_correct,finished_control,,true,,ok,,"[""(-(-1*10*sqrt(6) + 489)**(1/3) + 3**(1/3) + (10*sqrt(6) + 489)**(1/3))/3"",""\\frac{\\sqrt[3]{489+10\\sqrt{6}}-\\sqrt[3]{489-10\\sqrt{6}}+\\sqrt[3]{3}}{3}""]",true,,,,,false,captured_ephemeral
math-verify,default_parse_verify,ba3d3aaff23b3f4cac7a14672b4f6e293d97c98b,real-control_correct-29005d671726f869-001,control_correct,finished_control,,true,,ok,,"[""((3 - sqrt(6))/3)**(1/3)"",""\\sqrt[3]{\\frac{3-\\sqrt{6}}{3}}""]",true,,,,,true,captured_ephemeral
math-verify,default_parse_verify,ba3d3aaff23b3f4cac7a14672b4f6e293d97c98b,real-control_correct-67c0cfb485b8e0e1-001,control_correct,finished_control,,true,,ok,,"[""x_{\\min}= \\frac{1}{3}\\sqrt[3]{163-\\frac{10\\sqrt{6}}{3}}+\\Bigl(-\\frac{1}{2}+i\\frac{\\sqrt{3}}{2}\\Bigr)\\sqrt[3]{\\frac{10(3-\\sqrt{6})}{81}+i\\frac{2\\sqrt{3}}{9}}+\\Bigl(-\\frac{1}{2}-i\\frac{\\sqrt{3}}{2}\\Bigr)\\sqrt[3]{\\frac{10(3-\\sqrt{6})}{81}-i\\frac{2\\sqrt{3}}{9}}""]",true,,,,,false,captured_ephemeral
math-verify,default_parse_verify,ba3d3aaff23b3f4cac7a14672b4f6e293d97c98b,real-control_correct-afc87305e9694a73-001,control_correct,finished_control,,true,,ok,,"[""\\frac{1}{3}\\sqrt[3]{163-\\frac{10\\sqrt{6}}{3}}\\;+\\; \\Bigl(-\\frac{1}{2}+i\\frac{\\sqrt{3}}{2}\\Bigr)\\sqrt[3]{\\frac{10}{81}\\bigl(3-\\sqrt{6}\\bigr)+i\\frac{2\\sqrt{3}}{9}} \\;+\\; \\Bigl(-\\frac{1}{2}-i\\frac{\\sqrt{3}}{2}\\Bigr)\\sqrt[3]{\\frac{10}{81}\\bigl(3-\\sqrt{6}\\bigr)-i\\frac{2\\sqrt{3}}{9}}""]",true,,,,,false,captured_ephemeral
math-verify,default_parse_verify,ba3d3aaff23b3f4cac7a14672b4f6e293d97c98b,real-control_correct-e7d166d098fcef41-001,control_correct,finished_control,,true,,ok,,"[""3840"",""3840""]",true,,,,,true,captured_ephemeral
math-verify,default_parse_verify,ba3d3aaff23b3f4cac7a14672b4f6e293d97c98b,real-control_correct-c377b550ceb9090b-001,control_correct,finished_control,,true,,ok,,"[""3840"",""3840""]",true,,,,,true,captured_ephemeral
math-verify,default_parse_verify,ba3d3aaff23b3f4cac7a14672b4f6e293d97c98b,real-control_correct-b4137beeac8ed865-001,control_correct,finished_control,,true,,ok,,"[""((3 - sqrt(6))/3)**(1/3)"",""\\sqrt[3]{\\frac{3-\\sqrt{6}}{3}}""]",true,,,,,true,captured_ephemeral
math-verify,default_parse_verify,ba3d3aaff23b3f4cac7a14672b4f6e293d97c98b,real-control_correct-8124daee9eec1012-001,control_correct,finished_control,,true,,ok,,"[""((3 - sqrt(6))/3)**(1/3)"",""\\sqrt[3]{\\frac{3-\\sqrt{6}}{3}}""]",true,,,,,true,captured_ephemeral
matharena,competition_extract_and_grade,a11194deff8c67a232974a383795e8a2776b4c6f,real-truncated-aa20e7ac6246feb9-001,truncated,real_truncated,,true,,ok,,,false,,,,,false,captured_ephemeral
matharena,competition_extract_and_grade,a11194deff8c67a232974a383795e8a2776b4c6f,real-truncated-aa20e7ac6246feb9-002,truncated,real_truncated,,true,,ok,,,false,,,,,false,captured_ephemeral
matharena,competition_extract_and_grade,a11194deff8c67a232974a383795e8a2776b4c6f,real-truncated-aa20e7ac6246feb9-003,truncated,real_truncated,,true,,ok,,,false,,,,,false,captured_ephemeral
matharena,competition_extract_and_grade,a11194deff8c67a232974a383795e8a2776b4c6f,real-truncated-aa20e7ac6246feb9-004,truncated,real_truncated,,true,,ok,,,false,,,,,false,captured_ephemeral
matharena,competition_extract_and_grade,a11194deff8c67a232974a383795e8a2776b4c6f,real-truncated-6cbbd1fc624eeadc-001,truncated,real_truncated,,true,,ok,,2,true,,,,,false,captured_ephemeral
matharena,competition_extract_and_grade,a11194deff8c67a232974a383795e8a2776b4c6f,real-truncated-bd664f49bf0e323e-001,truncated,real_truncated,,true,,ok,,999,true,,,,,false,captured_ephemeral
matharena,competition_extract_and_grade,a11194deff8c67a232974a383795e8a2776b4c6f,real-truncated-491eccf133b25a22-001,truncated,real_truncated,,true,,ok,,,false,,,,,false,captured_ephemeral
matharena,competition_extract_and_grade,a11194deff8c67a232974a383795e8a2776b4c6f,real-truncated-6a67539058b9830a-001,truncated,real_truncated,,true,,ok,,5816,true,,,,,false,captured_ephemeral
matharena,competition_extract_and_grade,a11194deff8c67a232974a383795e8a2776b4c6f,real-truncated-80007a0418241777-001,truncated,real_truncated,,true,,ok,,1,true,,,,,false,captured_ephemeral
matharena,competition_extract_and_grade,a11194deff8c67a232974a383795e8a2776b4c6f,real-truncated-3e5a56704b99efaf-001,truncated,real_truncated,,true,,ok,,656,true,,,,,false,captured_ephemeral
matharena,competition_extract_and_grade,a11194deff8c67a232974a383795e8a2776b4c6f,real-truncated-0f801e8936e3e652-001,truncated,real_truncated,,true,,ok,,1,true,,,,,false,captured_ephemeral
matharena,competition_extract_and_grade,a11194deff8c67a232974a383795e8a2776b4c6f,real-truncated-64dca569eb2179ee-001,truncated,real_truncated,,true,,ok,,727,true,,,,,false,captured_ephemeral
matharena,competition_extract_and_grade,a11194deff8c67a232974a383795e8a2776b4c6f,real-truncated-62f658f8621431bd-001,truncated,real_truncated,,true,,ok,,9,true,,,,,false,captured_ephemeral
matharena,competition_extract_and_grade,a11194deff8c67a232974a383795e8a2776b4c6f,real-truncated-d1c8cfdc97ccfed3-001,truncated,real_truncated,,true,,ok,,2,true,,,,,false,captured_ephemeral
matharena,competition_extract_and_grade,a11194deff8c67a232974a383795e8a2776b4c6f,real-truncated-11ac842eba29ce66-001,truncated,real_truncated,,true,,ok,,1,true,,,,,false,captured_ephemeral
matharena,competition_extract_and_grade,a11194deff8c67a232974a383795e8a2776b4c6f,real-truncated-7d4dcc415df8964c-001,truncated,real_truncated,,true,,ok,,28,true,,,,,false,captured_ephemeral
matharena,competition_extract_and_grade,a11194deff8c67a232974a383795e8a2776b4c6f,real-truncated-40b63e4bb8bc1fc2-001,truncated,real_truncated,,true,,ok,,9,true,,,,,false,captured_ephemeral
matharena,competition_extract_and_grade,a11194deff8c67a232974a383795e8a2776b4c6f,real-truncated-e4cb8ed5052dcd59-001,truncated,real_truncated,,true,,ok,,3,true,,,,,false,captured_ephemeral
matharena,competition_extract_and_grade,a11194deff8c67a232974a383795e8a2776b4c6f,real-truncated-5f94257404611a94-001,truncated,real_truncated,,true,,ok,,99,true,,,,,false,captured_ephemeral
matharena,competition_extract_and_grade,a11194deff8c67a232974a383795e8a2776b4c6f,real-truncated-cac6cd311f4a62d6-001,truncated,real_truncated,,true,,ok,,sympy.concrete.products.product,true,,,,,false,captured_ephemeral
matharena,competition_extract_and_grade,a11194deff8c67a232974a383795e8a2776b4c6f,real-truncated-d8a68b2d62a0e37e-001,truncated,real_truncated,,true,,ok,,19,true,,,,,false,captured_ephemeral
matharena,competition_extract_and_grade,a11194deff8c67a232974a383795e8a2776b4c6f,real-truncated-6313122c5f9da4b8-001,truncated,real_truncated,,true,,ok,,3,true,,,,,false,captured_ephemeral
matharena,competition_extract_and_grade,a11194deff8c67a232974a383795e8a2776b4c6f,real-truncated-9880d7c411a9144e-001,truncated,real_truncated,,true,,ok,,77,true,,,,,false,captured_ephemeral
matharena,competition_extract_and_grade,a11194deff8c67a232974a383795e8a2776b4c6f,real-truncated-c4dd38bcc0c31ad8-001,truncated,real_truncated,,true,,ok,,5,true,,,,,false,captured_ephemeral
matharena,competition_extract_and_grade,a11194deff8c67a232974a383795e8a2776b4c6f,real-truncated-c7a933a4b57b2cee-001,truncated,real_truncated,,true,,ok,,12,true,,,,,false,captured_ephemeral
matharena,competition_extract_and_grade,a11194deff8c67a232974a383795e8a2776b4c6f,real-truncated-7ae317e50e0d73c5-001,truncated,real_truncated,,true,,ok,,8,true,,,,,false,captured_ephemeral
matharena,competition_extract_and_grade,a11194deff8c67a232974a383795e8a2776b4c6f,real-truncated-9ecfc35fcefae241-001,truncated,real_truncated,,true,,ok,,,false,,,,,false,captured_ephemeral
matharena,competition_extract_and_grade,a11194deff8c67a232974a383795e8a2776b4c6f,real-truncated-acb3a5295c56829c-001,truncated,real_truncated,,true,,ok,,,false,,,,,false,captured_ephemeral
matharena,competition_extract_and_grade,a11194deff8c67a232974a383795e8a2776b4c6f,real-truncated-25007c1e26d4eeb2-001,truncated,real_truncated,,true,,ok,,10,true,,,,,false,captured_ephemeral
matharena,competition_extract_and_grade,a11194deff8c67a232974a383795e8a2776b4c6f,real-truncated-ba728ce1826746c2-001,truncated,real_truncated,,true,,ok,,-2*sqrt(3) + sqrt(23),true,,,,,true,captured_ephemeral
matharena,competition_extract_and_grade,a11194deff8c67a232974a383795e8a2776b4c6f,real-truncated-707f12f62e6d4cef-001,truncated,real_truncated,,true,,ok,,77/2,true,,,,,false,captured_ephemeral
matharena,competition_extract_and_grade,a11194deff8c67a232974a383795e8a2776b4c6f,real-truncated-d2e93ae35a6c6929-001,truncated,real_truncated,,true,,ok,,0,true,,,,,false,captured_ephemeral
matharena,competition_extract_and_grade,a11194deff8c67a232974a383795e8a2776b4c6f,real-truncated-062cf1ffe5b924fa-001,truncated,real_truncated,,true,,ok,,14,true,,,,,false,captured_ephemeral
matharena,competition_extract_and_grade,a11194deff8c67a232974a383795e8a2776b4c6f,real-truncated-805630023b55e371-001,truncated,real_truncated,,true,,ok,,1.0*I*N*l*n*o**3*s*t*u,true,,,,,false,captured_ephemeral
matharena,competition_extract_and_grade,a11194deff8c67a232974a383795e8a2776b4c6f,real-truncated-3eacef22437fd915-001,truncated,real_truncated,,true,,ok,,2,true,,,,,false,captured_ephemeral
matharena,competition_extract_and_grade,a11194deff8c67a232974a383795e8a2776b4c6f,real-truncated-5da13db78fc0a540-001,truncated,real_truncated,,true,,ok,,5,true,,,,,false,captured_ephemeral
matharena,competition_extract_and_grade,a11194deff8c67a232974a383795e8a2776b4c6f,real-truncated-4480e573ba66416f-001,truncated,real_truncated,,true,,ok,,2,true,,,,,false,captured_ephemeral
matharena,competition_extract_and_grade,a11194deff8c67a232974a383795e8a2776b4c6f,real-truncated-5f4343c0d4868050-001,truncated,real_truncated,,true,,ok,,2,true,,,,,false,captured_ephemeral
matharena,competition_extract_and_grade,a11194deff8c67a232974a383795e8a2776b4c6f,real-truncated-4749817223a7201d-001,truncated,real_truncated,,true,,ok,,2,true,,,,,false,captured_ephemeral
matharena,competition_extract_and_grade,a11194deff8c67a232974a383795e8a2776b4c6f,real-truncated-bba38d303fcf87eb-001,truncated,real_truncated,,true,,ok,,4,true,,,,,false,captured_ephemeral
matharena,competition_extract_and_grade,a11194deff8c67a232974a383795e8a2776b4c6f,real-truncated-d85d90aaf4cc1ca6-001,truncated,real_truncated,,true,,ok,,10,true,,,,,false,captured_ephemeral
matharena,competition_extract_and_grade,a11194deff8c67a232974a383795e8a2776b4c6f,real-truncated-525ccd1eb6fbf139-001,truncated,real_truncated,,true,,ok,,20,true,,,,,false,captured_ephemeral
matharena,competition_extract_and_grade,a11194deff8c67a232974a383795e8a2776b4c6f,real-truncated-e1572c89e32df953-001,truncated,real_truncated,,true,,ok,,16,true,,,,,false,captured_ephemeral
matharena,competition_extract_and_grade,a11194deff8c67a232974a383795e8a2776b4c6f,real-truncated-247556f85b1c55a4-001,truncated,real_truncated,,true,,ok,,1,true,,,,,false,captured_ephemeral
matharena,competition_extract_and_grade,a11194deff8c67a232974a383795e8a2776b4c6f,real-truncated-75443d7e611f2187-001,truncated,real_truncated,,true,,ok,,25,true,,,,,false,captured_ephemeral
matharena,competition_extract_and_grade,a11194deff8c67a232974a383795e8a2776b4c6f,real-truncated-35be201956f48fd0-001,truncated,real_truncated,,true,,ok,,0,true,,,,,false,captured_ephemeral
matharena,competition_extract_and_grade,a11194deff8c67a232974a383795e8a2776b4c6f,real-truncated-9bb1434201a768b2-001,truncated,real_truncated,,true,,ok,,3698124,true,,,,,false,captured_ephemeral
matharena,competition_extract_and_grade,a11194deff8c67a232974a383795e8a2776b4c6f,real-truncated-95b8c4379b5dc2e4-001,truncated,real_truncated,,true,,ok,,879,true,,,,,false,captured_ephemeral
matharena,competition_extract_and_grade,a11194deff8c67a232974a383795e8a2776b4c6f,real-truncated-770210b9f8b54309-001,truncated,real_truncated,,true,,ok,,2,true,,,,,false,captured_ephemeral
matharena,competition_extract_and_grade,a11194deff8c67a232974a383795e8a2776b4c6f,real-truncated-89322f67b05ffd2c-001,truncated,real_truncated,,true,,ok,,44,true,,,,,false,captured_ephemeral
matharena,competition_extract_and_grade,a11194deff8c67a232974a383795e8a2776b4c6f,real-truncated-1f7af8c0564d30c0-001,truncated,real_truncated,,true,,ok,,20,true,,,,,false,captured_ephemeral
matharena,competition_extract_and_grade,a11194deff8c67a232974a383795e8a2776b4c6f,real-truncated-0f4e8f3e7a20e1ab-001,truncated,real_truncated,,true,,ok,,64,true,,,,,false,captured_ephemeral
matharena,competition_extract_and_grade,a11194deff8c67a232974a383795e8a2776b4c6f,real-truncated-88da8be5be46715d-001,truncated,real_truncated,,true,,ok,,2,true,,,,,false,captured_ephemeral
matharena,competition_extract_and_grade,a11194deff8c67a232974a383795e8a2776b4c6f,real-truncated-6082a79b2216cc1e-001,truncated,real_truncated,,true,,ok,,101,true,,,,,false,captured_ephemeral
matharena,competition_extract_and_grade,a11194deff8c67a232974a383795e8a2776b4c6f,real-truncated-798d25ae0b5abad7-001,truncated,real_truncated,,true,,ok,,4,true,,,,,false,captured_ephemeral
matharena,competition_extract_and_grade,a11194deff8c67a232974a383795e8a2776b4c6f,real-truncated-b92076fc9cd5e016-001,truncated,real_truncated,,true,,ok,,92,true,,,,,false,captured_ephemeral
matharena,competition_extract_and_grade,a11194deff8c67a232974a383795e8a2776b4c6f,real-truncated-aaa0d7f68b704bec-001,truncated,real_truncated,,true,,ok,,10,true,,,,,false,captured_ephemeral
matharena,competition_extract_and_grade,a11194deff8c67a232974a383795e8a2776b4c6f,real-truncated-55417c12215c3d52-001,truncated,real_truncated,,true,,ok,,9,true,,,,,false,captured_ephemeral
matharena,competition_extract_and_grade,a11194deff8c67a232974a383795e8a2776b4c6f,real-truncated-7119848ec423bf7a-001,truncated,real_truncated,,true,,ok,,2,true,,,,,false,captured_ephemeral
matharena,competition_extract_and_grade,a11194deff8c67a232974a383795e8a2776b4c6f,real-truncated-99187b20ecf0bdb9-001,truncated,real_truncated,,true,,ok,,2,true,,,,,false,captured_ephemeral
matharena,competition_extract_and_grade,a11194deff8c67a232974a383795e8a2776b4c6f,real-truncated-7734823d0e946fc4-001,truncated,real_truncated,,true,,ok,,12,true,,,,,false,captured_ephemeral
matharena,competition_extract_and_grade,a11194deff8c67a232974a383795e8a2776b4c6f,real-truncated-a1cc1d1204da2de1-001,truncated,real_truncated,,true,,ok,,1,true,,,,,false,captured_ephemeral
matharena,competition_extract_and_grade,a11194deff8c67a232974a383795e8a2776b4c6f,real-truncated-8ccb63cb04064591-001,truncated,real_truncated,,true,,ok,,21,true,,,,,false,captured_ephemeral
matharena,competition_extract_and_grade,a11194deff8c67a232974a383795e8a2776b4c6f,real-truncated-ef7b1a56c6749a3f-001,truncated,real_truncated,,true,,ok,,30,true,,,,,false,captured_ephemeral
matharena,competition_extract_and_grade,a11194deff8c67a232974a383795e8a2776b4c6f,real-truncated-4d3201f20fa1bbd7-001,truncated,real_truncated,,true,,ok,,0,true,,,,,false,captured_ephemeral
matharena,competition_extract_and_grade,a11194deff8c67a232974a383795e8a2776b4c6f,real-truncated-268a568ac4786f87-001,truncated,real_truncated,,true,,ok,,3.211234616702011,true,,,,,false,captured_ephemeral
matharena,competition_extract_and_grade,a11194deff8c67a232974a383795e8a2776b4c6f,real-truncated-fe7eed6c63be702d-001,truncated,real_truncated,,true,,ok,,sqrt(50730)/120,true,,,,,false,captured_ephemeral
matharena,competition_extract_and_grade,a11194deff8c67a232974a383795e8a2776b4c6f,real-truncated-e730046d14071b1b-001,truncated,real_truncated,,true,,ok,,2017,true,,,,,false,captured_ephemeral
matharena,competition_extract_and_grade,a11194deff8c67a232974a383795e8a2776b4c6f,real-truncated-22d120ff2613fb3c-001,truncated,real_truncated,,true,,ok,,1,true,,,,,false,captured_ephemeral
matharena,competition_extract_and_grade,a11194deff8c67a232974a383795e8a2776b4c6f,real-truncated-44a1889a65c89a98-001,truncated,real_truncated,,true,,ok,,5040,true,,,,,false,captured_ephemeral
matharena,competition_extract_and_grade,a11194deff8c67a232974a383795e8a2776b4c6f,real-truncated-3044f9e5b658cf47-001,truncated,real_truncated,,true,,ok,,200,true,,,,,false,captured_ephemeral
matharena,competition_extract_and_grade,a11194deff8c67a232974a383795e8a2776b4c6f,real-truncated-9dba0a611623ccce-001,truncated,real_truncated,,true,,ok,,0,true,,,,,false,captured_ephemeral
matharena,competition_extract_and_grade,a11194deff8c67a232974a383795e8a2776b4c6f,real-truncated-56ad692d3950a6ae-001,truncated,real_truncated,,true,,ok,,2,true,,,,,false,captured_ephemeral
matharena,competition_extract_and_grade,a11194deff8c67a232974a383795e8a2776b4c6f,real-truncated-6279f7b6b01ea2e2-001,truncated,real_truncated,,true,,ok,,30*sqrt(2),true,,,,,false,captured_ephemeral
matharena,competition_extract_and_grade,a11194deff8c67a232974a383795e8a2776b4c6f,real-truncated-210fbcf5ff0f49e9-001,truncated,real_truncated,,true,,ok,,4002,true,,,,,false,captured_ephemeral
matharena,competition_extract_and_grade,a11194deff8c67a232974a383795e8a2776b4c6f,real-truncated-8b88e292ba1b4c5c-001,truncated,real_truncated,,true,,ok,,3,true,,,,,false,captured_ephemeral
matharena,competition_extract_and_grade,a11194deff8c67a232974a383795e8a2776b4c6f,real-truncated-bc0e37aef7f95216-001,truncated,real_truncated,,true,,ok,,1,true,,,,,false,captured_ephemeral
matharena,competition_extract_and_grade,a11194deff8c67a232974a383795e8a2776b4c6f,real-truncated-af0577d51fd778a1-001,truncated,real_truncated,,true,,ok,,2,true,,,,,false,captured_ephemeral
matharena,competition_extract_and_grade,a11194deff8c67a232974a383795e8a2776b4c6f,real-truncated-8ee42cd3eba12ec6-001,truncated,real_truncated,,true,,ok,,15,true,,,,,false,captured_ephemeral
matharena,competition_extract_and_grade,a11194deff8c67a232974a383795e8a2776b4c6f,real-truncated-11779f2fc604d057-001,truncated,real_truncated,,true,,ok,,2,true,,,,,false,captured_ephemeral
matharena,competition_extract_and_grade,a11194deff8c67a232974a383795e8a2776b4c6f,real-truncated-eface0049132e97d-001,truncated,real_truncated,,true,,ok,,140,true,,,,,false,captured_ephemeral
matharena,competition_extract_and_grade,a11194deff8c67a232974a383795e8a2776b4c6f,real-truncated-5713bc6fb1dfa8d0-001,truncated,real_truncated,,true,,ok,,7242,true,,,,,false,captured_ephemeral
matharena,competition_extract_and_grade,a11194deff8c67a232974a383795e8a2776b4c6f,real-truncated-505bc873a129bcd1-001,truncated,real_truncated,,true,,ok,,2,true,,,,,false,captured_ephemeral
matharena,competition_extract_and_grade,a11194deff8c67a232974a383795e8a2776b4c6f,real-truncated-6853bba8299795d5-001,truncated,real_truncated,,true,,ok,,1,true,,,,,false,captured_ephemeral
matharena,competition_extract_and_grade,a11194deff8c67a232974a383795e8a2776b4c6f,real-truncated-20f1e0708a19abc4-001,truncated,real_truncated,,true,,ok,,1,true,,,,,false,captured_ephemeral
matharena,competition_extract_and_grade,a11194deff8c67a232974a383795e8a2776b4c6f,real-truncated-6e4eb7af77ed2ff8-001,truncated,real_truncated,,true,,ok,,341,true,,,,,false,captured_ephemeral
matharena,competition_extract_and_grade,a11194deff8c67a232974a383795e8a2776b4c6f,real-truncated-8ea28fa7707b3025-001,truncated,real_truncated,,true,,ok,,2,true,,,,,false,captured_ephemeral
matharena,competition_extract_and_grade,a11194deff8c67a232974a383795e8a2776b4c6f,real-truncated-d8eeb7b64dd7015a-001,truncated,real_truncated,,true,,ok,,20,true,,,,,false,captured_ephemeral
matharena,competition_extract_and_grade,a11194deff8c67a232974a383795e8a2776b4c6f,real-truncated-fb10e3776314a519-001,truncated,real_truncated,,true,,ok,,12,true,,,,,false,captured_ephemeral
matharena,competition_extract_and_grade,a11194deff8c67a232974a383795e8a2776b4c6f,real-truncated-ccd8a323f6c2b744-001,truncated,real_truncated,,true,,ok,,10,true,,,,,false,captured_ephemeral
matharena,competition_extract_and_grade,a11194deff8c67a232974a383795e8a2776b4c6f,real-truncated-1828f5a31563f6e3-001,truncated,real_truncated,,true,,ok,,45,true,,,,,false,captured_ephemeral
matharena,competition_extract_and_grade,a11194deff8c67a232974a383795e8a2776b4c6f,real-truncated-a5460d50cb8daafc-001,truncated,real_truncated,,true,,ok,,75,true,,,,,false,captured_ephemeral
matharena,competition_extract_and_grade,a11194deff8c67a232974a383795e8a2776b4c6f,real-truncated-e7536ddc4697865a-001,truncated,real_truncated,,true,,ok,,3,true,,,,,false,captured_ephemeral
matharena,competition_extract_and_grade,a11194deff8c67a232974a383795e8a2776b4c6f,real-truncated-3b6b5e2e07c8adab-001,truncated,real_truncated,,true,,ok,,"[-3,3]",true,,,,,false,captured_ephemeral
matharena,competition_extract_and_grade,a11194deff8c67a232974a383795e8a2776b4c6f,real-truncated-45fd9dd0b16def99-001,truncated,real_truncated,,true,,ok,,2,true,,,,,false,captured_ephemeral
matharena,competition_extract_and_grade,a11194deff8c67a232974a383795e8a2776b4c6f,real-truncated-390931de8b8a68ae-001,truncated,real_truncated,,true,,ok,,1,true,,,,,false,captured_ephemeral
matharena,competition_extract_and_grade,a11194deff8c67a232974a383795e8a2776b4c6f,real-truncated-23c7087e22382c85-001,truncated,real_truncated,,true,,ok,,4,true,,,,,false,captured_ephemeral
matharena,competition_extract_and_grade,a11194deff8c67a232974a383795e8a2776b4c6f,real-truncated-740acaaa5658c524-001,truncated,real_truncated,,true,,ok,,120,true,,,,,false,captured_ephemeral
matharena,competition_extract_and_grade,a11194deff8c67a232974a383795e8a2776b4c6f,real-truncated-e6a7555e64fb1fc8-001,truncated,real_truncated,,true,,ok,,440,true,,,,,false,captured_ephemeral
matharena,competition_extract_and_grade,a11194deff8c67a232974a383795e8a2776b4c6f,real-truncated-d4aec9cd22f44d16-001,truncated,real_truncated,,true,,ok,,440,true,,,,,false,captured_ephemeral
matharena,competition_extract_and_grade,a11194deff8c67a232974a383795e8a2776b4c6f,real-truncated-4ea3c98b3c90e29e-001,truncated,real_truncated,,true,,ok,,1,true,,,,,false,captured_ephemeral
matharena,competition_extract_and_grade,a11194deff8c67a232974a383795e8a2776b4c6f,real-truncated-f9eaa5fd29415a58-001,truncated,real_truncated,,true,,ok,,24,true,,,,,false,captured_ephemeral
matharena,competition_extract_and_grade,a11194deff8c67a232974a383795e8a2776b4c6f,real-truncated-85c7b95581c097ef-001,truncated,real_truncated,,true,,ok,,48,true,,,,,false,captured_ephemeral
matharena,competition_extract_and_grade,a11194deff8c67a232974a383795e8a2776b4c6f,real-truncated-aa1b94cca1993363-001,truncated,real_truncated,,true,,ok,,2,true,,,,,false,captured_ephemeral
matharena,competition_extract_and_grade,a11194deff8c67a232974a383795e8a2776b4c6f,real-truncated-6ee8443d1d436cf6-001,truncated,real_truncated,,true,,ok,,,false,,,,,false,captured_ephemeral
matharena,competition_extract_and_grade,a11194deff8c67a232974a383795e8a2776b4c6f,real-truncated-6ee8443d1d436cf6-002,truncated,real_truncated,,true,,ok,,,false,,,,,false,captured_ephemeral
matharena,competition_extract_and_grade,a11194deff8c67a232974a383795e8a2776b4c6f,real-truncated-6ee8443d1d436cf6-003,truncated,real_truncated,,true,,ok,,,false,,,,,false,captured_ephemeral
matharena,competition_extract_and_grade,a11194deff8c67a232974a383795e8a2776b4c6f,real-truncated-5281b3506686a184-001,truncated,real_truncated,,true,,ok,,,false,,,,,false,captured_ephemeral
matharena,competition_extract_and_grade,a11194deff8c67a232974a383795e8a2776b4c6f,real-truncated-5281b3506686a184-002,truncated,real_truncated,,true,,ok,,,false,,,,,false,captured_ephemeral
matharena,competition_extract_and_grade,a11194deff8c67a232974a383795e8a2776b4c6f,real-truncated-5281b3506686a184-003,truncated,real_truncated,,true,,ok,,,false,,,,,false,captured_ephemeral
matharena,competition_extract_and_grade,a11194deff8c67a232974a383795e8a2776b4c6f,real-truncated-abb81d1b8c4db67a-001,truncated,real_truncated,,true,,ok,,111112,true,,,,,false,captured_ephemeral
matharena,competition_extract_and_grade,a11194deff8c67a232974a383795e8a2776b4c6f,real-truncated-a79daf5eab47793c-001,truncated,real_truncated,,true,,ok,,1,true,,,,,false,captured_ephemeral
matharena,competition_extract_and_grade,a11194deff8c67a232974a383795e8a2776b4c6f,real-truncated-16277ed40a76d930-001,truncated,real_truncated,,true,,ok,,1,true,,,,,false,captured_ephemeral
matharena,competition_extract_and_grade,a11194deff8c67a232974a383795e8a2776b4c6f,real-truncated-e4e046aee036728b-001,truncated,real_truncated,,true,,ok,,6,true,,,,,false,captured_ephemeral
matharena,competition_extract_and_grade,a11194deff8c67a232974a383795e8a2776b4c6f,real-truncated-6dd1f374f6ed08df-001,truncated,real_truncated,,true,,ok,,88,true,,,,,false,captured_ephemeral
matharena,competition_extract_and_grade,a11194deff8c67a232974a383795e8a2776b4c6f,real-truncated-0d2658ccd619147a-001,truncated,real_truncated,,true,,ok,,63,true,,,,,true,captured_ephemeral
matharena,competition_extract_and_grade,a11194deff8c67a232974a383795e8a2776b4c6f,real-truncated-74696bb1b2b136e8-001,truncated,real_truncated,,true,,ok,,4,true,,,,,false,captured_ephemeral
matharena,competition_extract_and_grade,a11194deff8c67a232974a383795e8a2776b4c6f,real-truncated-fdfa2be691dea487-001,truncated,real_truncated,,true,,ok,,4,true,,,,,false,captured_ephemeral
matharena,competition_extract_and_grade,a11194deff8c67a232974a383795e8a2776b4c6f,real-truncated-075bf5961ff00993-001,truncated,real_truncated,,true,,ok,,,false,,,,,false,captured_ephemeral
matharena,competition_extract_and_grade,a11194deff8c67a232974a383795e8a2776b4c6f,real-truncated-075bf5961ff00993-002,truncated,real_truncated,,true,,ok,,,false,,,,,false,captured_ephemeral
matharena,competition_extract_and_grade,a11194deff8c67a232974a383795e8a2776b4c6f,real-truncated-17eebdd1a966e5f0-001,truncated,real_truncated,,true,,ok,,,false,,,,,false,captured_ephemeral
matharena,competition_extract_and_grade,a11194deff8c67a232974a383795e8a2776b4c6f,real-truncated-a4bb63b5ba4a773e-001,truncated,real_truncated,,true,,ok,,,false,,,,,false,captured_ephemeral
matharena,competition_extract_and_grade,a11194deff8c67a232974a383795e8a2776b4c6f,real-truncated-a4bb63b5ba4a773e-002,truncated,real_truncated,,true,,ok,,,false,,,,,false,captured_ephemeral
matharena,competition_extract_and_grade,a11194deff8c67a232974a383795e8a2776b4c6f,real-truncated-a4bb63b5ba4a773e-003,truncated,real_truncated,,true,,ok,,,false,,,,,false,captured_ephemeral
matharena,competition_extract_and_grade,a11194deff8c67a232974a383795e8a2776b4c6f,real-truncated-355520fb8f2104ec-001,truncated,real_truncated,,true,,ok,,2*sqrt(6),true,,,,,false,captured_ephemeral
matharena,competition_extract_and_grade,a11194deff8c67a232974a383795e8a2776b4c6f,real-truncated-49565e194413328d-001,truncated,real_truncated,,true,,ok,,5,true,,,,,false,captured_ephemeral
matharena,competition_extract_and_grade,a11194deff8c67a232974a383795e8a2776b4c6f,real-truncated-85f19c1e57445cde-001,truncated,real_truncated,,true,,ok,,2*sqrt(5),true,,,,,false,captured_ephemeral
matharena,competition_extract_and_grade,a11194deff8c67a232974a383795e8a2776b4c6f,real-truncated-bd836ccf84464689-001,truncated,real_truncated,,true,,ok,,2*sqrt(5),true,,,,,false,captured_ephemeral
matharena,competition_extract_and_grade,a11194deff8c67a232974a383795e8a2776b4c6f,real-truncated-b881db2f3106d76e-001,truncated,real_truncated,,true,,ok,,2,true,,,,,false,captured_ephemeral
matharena,competition_extract_and_grade,a11194deff8c67a232974a383795e8a2776b4c6f,real-truncated-58796eda234de823-001,truncated,real_truncated,,true,,ok,,2*sqrt(435)/3,true,,,,,true,captured_ephemeral
matharena,competition_extract_and_grade,a11194deff8c67a232974a383795e8a2776b4c6f,real-truncated-d876807b9ced546e-001,truncated,real_truncated,,true,,ok,,,false,,,,,false,captured_ephemeral
matharena,competition_extract_and_grade,a11194deff8c67a232974a383795e8a2776b4c6f,synthetic-1729-mid_box-001,truncated,synthetic_truncated,mid_box,true,,ok,,6,true,,,,,false,captured_ephemeral
matharena,competition_extract_and_grade,a11194deff8c67a232974a383795e8a2776b4c6f,synthetic-1729-mid_box-002,truncated,synthetic_truncated,mid_box,true,,ok,,5,true,,,,,false,captured_ephemeral
matharena,competition_extract_and_grade,a11194deff8c67a232974a383795e8a2776b4c6f,synthetic-1729-mid_box-003,truncated,synthetic_truncated,mid_box,true,,ok,,6,true,,,,,false,captured_ephemeral
matharena,competition_extract_and_grade,a11194deff8c67a232974a383795e8a2776b4c6f,synthetic-1729-mid_box-004,truncated,synthetic_truncated,mid_box,true,,ok,,8,true,,,,,false,captured_ephemeral
matharena,competition_extract_and_grade,a11194deff8c67a232974a383795e8a2776b4c6f,synthetic-1729-mid_box-005,truncated,synthetic_truncated,mid_box,true,,ok,,3,true,,,,,false,captured_ephemeral
matharena,competition_extract_and_grade,a11194deff8c67a232974a383795e8a2776b4c6f,synthetic-1729-mid_box-006,truncated,synthetic_truncated,mid_box,true,,ok,,9,true,,,,,false,captured_ephemeral
matharena,competition_extract_and_grade,a11194deff8c67a232974a383795e8a2776b4c6f,synthetic-1729-mid_box-007,truncated,synthetic_truncated,mid_box,true,,ok,,5,true,,,,,false,captured_ephemeral
matharena,competition_extract_and_grade,a11194deff8c67a232974a383795e8a2776b4c6f,synthetic-1729-mid_box-008,truncated,synthetic_truncated,mid_box,true,,ok,,6,true,,,,,false,captured_ephemeral
matharena,competition_extract_and_grade,a11194deff8c67a232974a383795e8a2776b4c6f,synthetic-1729-mid_box-009,truncated,synthetic_truncated,mid_box,true,,ok,,4,true,,,,,false,captured_ephemeral
matharena,competition_extract_and_grade,a11194deff8c67a232974a383795e8a2776b4c6f,synthetic-1729-mid_box-010,truncated,synthetic_truncated,mid_box,true,,ok,,7,true,,,,,false,captured_ephemeral
matharena,competition_extract_and_grade,a11194deff8c67a232974a383795e8a2776b4c6f,synthetic-1729-mid_box-011,truncated,synthetic_truncated,mid_box,true,,ok,,6,true,,,,,false,captured_ephemeral
matharena,competition_extract_and_grade,a11194deff8c67a232974a383795e8a2776b4c6f,synthetic-1729-mid_box-012,truncated,synthetic_truncated,mid_box,true,,ok,,2,true,,,,,false,captured_ephemeral
matharena,competition_extract_and_grade,a11194deff8c67a232974a383795e8a2776b4c6f,synthetic-1729-mid_box-013,truncated,synthetic_truncated,mid_box,true,,ok,,5,true,,,,,false,captured_ephemeral
matharena,competition_extract_and_grade,a11194deff8c67a232974a383795e8a2776b4c6f,synthetic-1729-mid_box-014,truncated,synthetic_truncated,mid_box,true,,ok,,6,true,,,,,false,captured_ephemeral
matharena,competition_extract_and_grade,a11194deff8c67a232974a383795e8a2776b4c6f,synthetic-1729-mid_box-015,truncated,synthetic_truncated,mid_box,true,,ok,,8,true,,,,,false,captured_ephemeral
matharena,competition_extract_and_grade,a11194deff8c67a232974a383795e8a2776b4c6f,synthetic-1729-mid_box-016,truncated,synthetic_truncated,mid_box,true,,ok,,6,true,,,,,false,captured_ephemeral
matharena,competition_extract_and_grade,a11194deff8c67a232974a383795e8a2776b4c6f,synthetic-1729-mid_box-017,truncated,synthetic_truncated,mid_box,true,,ok,,3,true,,,,,false,captured_ephemeral
matharena,competition_extract_and_grade,a11194deff8c67a232974a383795e8a2776b4c6f,synthetic-1729-mid_box-018,truncated,synthetic_truncated,mid_box,true,,ok,,2,true,,,,,false,captured_ephemeral
matharena,competition_extract_and_grade,a11194deff8c67a232974a383795e8a2776b4c6f,synthetic-1729-mid_box-019,truncated,synthetic_truncated,mid_box,true,,ok,,8,true,,,,,false,captured_ephemeral
matharena,competition_extract_and_grade,a11194deff8c67a232974a383795e8a2776b4c6f,synthetic-1729-mid_box-020,truncated,synthetic_truncated,mid_box,true,,ok,,4,true,,,,,false,captured_ephemeral
matharena,competition_extract_and_grade,a11194deff8c67a232974a383795e8a2776b4c6f,synthetic-1729-mid_multiple_choice_enumeration-001,truncated,synthetic_truncated,mid_multiple_choice_enumeration,true,,ok,,237,true,,,,,true,captured_ephemeral
matharena,competition_extract_and_grade,a11194deff8c67a232974a383795e8a2776b4c6f,synthetic-1729-mid_multiple_choice_enumeration-002,truncated,synthetic_truncated,mid_multiple_choice_enumeration,true,,ok,,114,true,,,,,true,captured_ephemeral
matharena,competition_extract_and_grade,a11194deff8c67a232974a383795e8a2776b4c6f,synthetic-1729-mid_multiple_choice_enumeration-003,truncated,synthetic_truncated,mid_multiple_choice_enumeration,true,,ok,,296,true,,,,,true,captured_ephemeral
matharena,competition_extract_and_grade,a11194deff8c67a232974a383795e8a2776b4c6f,synthetic-1729-mid_multiple_choice_enumeration-004,truncated,synthetic_truncated,mid_multiple_choice_enumeration,true,,ok,,719,true,,,,,true,captured_ephemeral
matharena,competition_extract_and_grade,a11194deff8c67a232974a383795e8a2776b4c6f,synthetic-1729-mid_multiple_choice_enumeration-005,truncated,synthetic_truncated,mid_multiple_choice_enumeration,true,,ok,,280,true,,,,,true,captured_ephemeral
matharena,competition_extract_and_grade,a11194deff8c67a232974a383795e8a2776b4c6f,synthetic-1729-mid_multiple_choice_enumeration-006,truncated,synthetic_truncated,mid_multiple_choice_enumeration,true,,ok,,223,true,,,,,true,captured_ephemeral
matharena,competition_extract_and_grade,a11194deff8c67a232974a383795e8a2776b4c6f,synthetic-1729-mid_multiple_choice_enumeration-007,truncated,synthetic_truncated,mid_multiple_choice_enumeration,true,,ok,,748,true,,,,,true,captured_ephemeral
matharena,competition_extract_and_grade,a11194deff8c67a232974a383795e8a2776b4c6f,synthetic-1729-mid_multiple_choice_enumeration-008,truncated,synthetic_truncated,mid_multiple_choice_enumeration,true,,ok,,49,true,,,,,true,captured_ephemeral
matharena,competition_extract_and_grade,a11194deff8c67a232974a383795e8a2776b4c6f,synthetic-1729-mid_multiple_choice_enumeration-009,truncated,synthetic_truncated,mid_multiple_choice_enumeration,true,,ok,,178,true,,,,,true,captured_ephemeral
matharena,competition_extract_and_grade,a11194deff8c67a232974a383795e8a2776b4c6f,synthetic-1729-mid_multiple_choice_enumeration-010,truncated,synthetic_truncated,mid_multiple_choice_enumeration,true,,ok,,462,true,,,,,true,captured_ephemeral
matharena,competition_extract_and_grade,a11194deff8c67a232974a383795e8a2776b4c6f,synthetic-1729-mid_multiple_choice_enumeration-011,truncated,synthetic_truncated,mid_multiple_choice_enumeration,true,,ok,,520,true,,,,,true,captured_ephemeral
matharena,competition_extract_and_grade,a11194deff8c67a232974a383795e8a2776b4c6f,synthetic-1729-mid_multiple_choice_enumeration-012,truncated,synthetic_truncated,mid_multiple_choice_enumeration,true,,ok,,269,true,,,,,true,captured_ephemeral
matharena,competition_extract_and_grade,a11194deff8c67a232974a383795e8a2776b4c6f,synthetic-1729-mid_multiple_choice_enumeration-013,truncated,synthetic_truncated,mid_multiple_choice_enumeration,true,,ok,,68,true,,,,,true,captured_ephemeral
matharena,competition_extract_and_grade,a11194deff8c67a232974a383795e8a2776b4c6f,synthetic-1729-mid_multiple_choice_enumeration-014,truncated,synthetic_truncated,mid_multiple_choice_enumeration,true,,ok,,582,true,,,,,true,captured_ephemeral
matharena,competition_extract_and_grade,a11194deff8c67a232974a383795e8a2776b4c6f,synthetic-1729-mid_multiple_choice_enumeration-015,truncated,synthetic_truncated,mid_multiple_choice_enumeration,true,,ok,,296,true,,,,,true,captured_ephemeral
matharena,competition_extract_and_grade,a11194deff8c67a232974a383795e8a2776b4c6f,synthetic-1729-mid_multiple_choice_enumeration-016,truncated,synthetic_truncated,mid_multiple_choice_enumeration,true,,ok,,624,true,,,,,true,captured_ephemeral
matharena,competition_extract_and_grade,a11194deff8c67a232974a383795e8a2776b4c6f,synthetic-1729-mid_multiple_choice_enumeration-017,truncated,synthetic_truncated,mid_multiple_choice_enumeration,true,,ok,,233,true,,,,,true,captured_ephemeral
matharena,competition_extract_and_grade,a11194deff8c67a232974a383795e8a2776b4c6f,synthetic-1729-mid_multiple_choice_enumeration-018,truncated,synthetic_truncated,mid_multiple_choice_enumeration,true,,ok,,483,true,,,,,true,captured_ephemeral
matharena,competition_extract_and_grade,a11194deff8c67a232974a383795e8a2776b4c6f,synthetic-1729-mid_multiple_choice_enumeration-019,truncated,synthetic_truncated,mid_multiple_choice_enumeration,true,,ok,,978,true,,,,,true,captured_ephemeral
matharena,competition_extract_and_grade,a11194deff8c67a232974a383795e8a2776b4c6f,synthetic-1729-mid_multiple_choice_enumeration-020,truncated,synthetic_truncated,mid_multiple_choice_enumeration,true,,ok,,396,true,,,,,true,captured_ephemeral
matharena,competition_extract_and_grade,a11194deff8c67a232974a383795e8a2776b4c6f,synthetic-1729-post_final_answer-001,truncated,synthetic_truncated,post_final_answer,true,,ok,,706,true,,,,,true,captured_ephemeral
matharena,competition_extract_and_grade,a11194deff8c67a232974a383795e8a2776b4c6f,synthetic-1729-post_final_answer-002,truncated,synthetic_truncated,post_final_answer,true,,ok,,750,true,,,,,true,captured_ephemeral
matharena,competition_extract_and_grade,a11194deff8c67a232974a383795e8a2776b4c6f,synthetic-1729-post_final_answer-003,truncated,synthetic_truncated,post_final_answer,true,,ok,,191,true,,,,,true,captured_ephemeral
matharena,competition_extract_and_grade,a11194deff8c67a232974a383795e8a2776b4c6f,synthetic-1729-post_final_answer-004,truncated,synthetic_truncated,post_final_answer,true,,ok,,744,true,,,,,true,captured_ephemeral
matharena,competition_extract_and_grade,a11194deff8c67a232974a383795e8a2776b4c6f,synthetic-1729-post_final_answer-005,truncated,synthetic_truncated,post_final_answer,true,,ok,,894,true,,,,,true,captured_ephemeral
matharena,competition_extract_and_grade,a11194deff8c67a232974a383795e8a2776b4c6f,synthetic-1729-post_final_answer-006,truncated,synthetic_truncated,post_final_answer,true,,ok,,813,true,,,,,true,captured_ephemeral
matharena,competition_extract_and_grade,a11194deff8c67a232974a383795e8a2776b4c6f,synthetic-1729-post_final_answer-007,truncated,synthetic_truncated,post_final_answer,true,,ok,,463,true,,,,,true,captured_ephemeral
matharena,competition_extract_and_grade,a11194deff8c67a232974a383795e8a2776b4c6f,synthetic-1729-post_final_answer-008,truncated,synthetic_truncated,post_final_answer,true,,ok,,398,true,,,,,true,captured_ephemeral
matharena,competition_extract_and_grade,a11194deff8c67a232974a383795e8a2776b4c6f,synthetic-1729-post_final_answer-009,truncated,synthetic_truncated,post_final_answer,true,,ok,,738,true,,,,,true,captured_ephemeral
matharena,competition_extract_and_grade,a11194deff8c67a232974a383795e8a2776b4c6f,synthetic-1729-post_final_answer-010,truncated,synthetic_truncated,post_final_answer,true,,ok,,864,true,,,,,true,captured_ephemeral
matharena,competition_extract_and_grade,a11194deff8c67a232974a383795e8a2776b4c6f,synthetic-1729-post_final_answer-011,truncated,synthetic_truncated,post_final_answer,true,,ok,,183,true,,,,,true,captured_ephemeral
matharena,competition_extract_and_grade,a11194deff8c67a232974a383795e8a2776b4c6f,synthetic-1729-post_final_answer-012,truncated,synthetic_truncated,post_final_answer,true,,ok,,56,true,,,,,true,captured_ephemeral
matharena,competition_extract_and_grade,a11194deff8c67a232974a383795e8a2776b4c6f,synthetic-1729-post_final_answer-013,truncated,synthetic_truncated,post_final_answer,true,,ok,,948,true,,,,,true,captured_ephemeral
matharena,competition_extract_and_grade,a11194deff8c67a232974a383795e8a2776b4c6f,synthetic-1729-post_final_answer-014,truncated,synthetic_truncated,post_final_answer,true,,ok,,376,true,,,,,true,captured_ephemeral
matharena,competition_extract_and_grade,a11194deff8c67a232974a383795e8a2776b4c6f,synthetic-1729-post_final_answer-015,truncated,synthetic_truncated,post_final_answer,true,,ok,,755,true,,,,,true,captured_ephemeral
matharena,competition_extract_and_grade,a11194deff8c67a232974a383795e8a2776b4c6f,synthetic-1729-post_final_answer-016,truncated,synthetic_truncated,post_final_answer,true,,ok,,551,true,,,,,true,captured_ephemeral
matharena,competition_extract_and_grade,a11194deff8c67a232974a383795e8a2776b4c6f,synthetic-1729-post_final_answer-017,truncated,synthetic_truncated,post_final_answer,true,,ok,,741,true,,,,,true,captured_ephemeral
matharena,competition_extract_and_grade,a11194deff8c67a232974a383795e8a2776b4c6f,synthetic-1729-post_final_answer-018,truncated,synthetic_truncated,post_final_answer,true,,ok,,952,true,,,,,true,captured_ephemeral
matharena,competition_extract_and_grade,a11194deff8c67a232974a383795e8a2776b4c6f,synthetic-1729-post_final_answer-019,truncated,synthetic_truncated,post_final_answer,true,,ok,,510,true,,,,,true,captured_ephemeral
matharena,competition_extract_and_grade,a11194deff8c67a232974a383795e8a2776b4c6f,synthetic-1729-post_final_answer-020,truncated,synthetic_truncated,post_final_answer,true,,ok,,45,true,,,,,true,captured_ephemeral
matharena,competition_extract_and_grade,a11194deff8c67a232974a383795e8a2776b4c6f,synthetic-1729-degeneration_loop_plausible_number-001,truncated,synthetic_truncated,degeneration_loop_plausible_number,true,,ok,,686,true,,,,,false,captured_ephemeral
matharena,competition_extract_and_grade,a11194deff8c67a232974a383795e8a2776b4c6f,synthetic-1729-degeneration_loop_plausible_number-002,truncated,synthetic_truncated,degeneration_loop_plausible_number,true,,ok,,794,true,,,,,false,captured_ephemeral
matharena,competition_extract_and_grade,a11194deff8c67a232974a383795e8a2776b4c6f,synthetic-1729-degeneration_loop_plausible_number-003,truncated,synthetic_truncated,degeneration_loop_plausible_number,true,,ok,,187,true,,,,,false,captured_ephemeral
matharena,competition_extract_and_grade,a11194deff8c67a232974a383795e8a2776b4c6f,synthetic-1729-degeneration_loop_plausible_number-004,truncated,synthetic_truncated,degeneration_loop_plausible_number,true,,ok,,154,true,,,,,false,captured_ephemeral
matharena,competition_extract_and_grade,a11194deff8c67a232974a383795e8a2776b4c6f,synthetic-1729-degeneration_loop_plausible_number-005,truncated,synthetic_truncated,degeneration_loop_plausible_number,true,,ok,,421,true,,,,,false,captured_ephemeral
matharena,competition_extract_and_grade,a11194deff8c67a232974a383795e8a2776b4c6f,synthetic-1729-degeneration_loop_plausible_number-006,truncated,synthetic_truncated,degeneration_loop_plausible_number,true,,ok,,851,true,,,,,false,captured_ephemeral
matharena,competition_extract_and_grade,a11194deff8c67a232974a383795e8a2776b4c6f,synthetic-1729-degeneration_loop_plausible_number-007,truncated,synthetic_truncated,degeneration_loop_plausible_number,true,,ok,,878,true,,,,,false,captured_ephemeral
matharena,competition_extract_and_grade,a11194deff8c67a232974a383795e8a2776b4c6f,synthetic-1729-degeneration_loop_plausible_number-008,truncated,synthetic_truncated,degeneration_loop_plausible_number,true,,ok,,906,true,,,,,false,captured_ephemeral
matharena,competition_extract_and_grade,a11194deff8c67a232974a383795e8a2776b4c6f,synthetic-1729-degeneration_loop_plausible_number-009,truncated,synthetic_truncated,degeneration_loop_plausible_number,true,,ok,,569,true,,,,,false,captured_ephemeral
matharena,competition_extract_and_grade,a11194deff8c67a232974a383795e8a2776b4c6f,synthetic-1729-degeneration_loop_plausible_number-010,truncated,synthetic_truncated,degeneration_loop_plausible_number,true,,ok,,593,true,,,,,false,captured_ephemeral
matharena,competition_extract_and_grade,a11194deff8c67a232974a383795e8a2776b4c6f,synthetic-1729-degeneration_loop_plausible_number-011,truncated,synthetic_truncated,degeneration_loop_plausible_number,true,,ok,,959,true,,,,,false,captured_ephemeral
matharena,competition_extract_and_grade,a11194deff8c67a232974a383795e8a2776b4c6f,synthetic-1729-degeneration_loop_plausible_number-012,truncated,synthetic_truncated,degeneration_loop_plausible_number,true,,ok,,887,true,,,,,false,captured_ephemeral
matharena,competition_extract_and_grade,a11194deff8c67a232974a383795e8a2776b4c6f,synthetic-1729-degeneration_loop_plausible_number-013,truncated,synthetic_truncated,degeneration_loop_plausible_number,true,,ok,,331,true,,,,,false,captured_ephemeral
matharena,competition_extract_and_grade,a11194deff8c67a232974a383795e8a2776b4c6f,synthetic-1729-degeneration_loop_plausible_number-014,truncated,synthetic_truncated,degeneration_loop_plausible_number,true,,ok,,474,true,,,,,false,captured_ephemeral
matharena,competition_extract_and_grade,a11194deff8c67a232974a383795e8a2776b4c6f,synthetic-1729-degeneration_loop_plausible_number-015,truncated,synthetic_truncated,degeneration_loop_plausible_number,true,,ok,,555,true,,,,,false,captured_ephemeral
matharena,competition_extract_and_grade,a11194deff8c67a232974a383795e8a2776b4c6f,synthetic-1729-degeneration_loop_plausible_number-016,truncated,synthetic_truncated,degeneration_loop_plausible_number,true,,ok,,400,true,,,,,false,captured_ephemeral
matharena,competition_extract_and_grade,a11194deff8c67a232974a383795e8a2776b4c6f,synthetic-1729-degeneration_loop_plausible_number-017,truncated,synthetic_truncated,degeneration_loop_plausible_number,true,,ok,,867,true,,,,,false,captured_ephemeral
matharena,competition_extract_and_grade,a11194deff8c67a232974a383795e8a2776b4c6f,synthetic-1729-degeneration_loop_plausible_number-018,truncated,synthetic_truncated,degeneration_loop_plausible_number,true,,ok,,945,true,,,,,false,captured_ephemeral
matharena,competition_extract_and_grade,a11194deff8c67a232974a383795e8a2776b4c6f,synthetic-1729-degeneration_loop_plausible_number-019,truncated,synthetic_truncated,degeneration_loop_plausible_number,true,,ok,,103,true,,,,,false,captured_ephemeral
matharena,competition_extract_and_grade,a11194deff8c67a232974a383795e8a2776b4c6f,synthetic-1729-degeneration_loop_plausible_number-020,truncated,synthetic_truncated,degeneration_loop_plausible_number,true,,ok,,70,true,,,,,false,captured_ephemeral
matharena,competition_extract_and_grade,a11194deff8c67a232974a383795e8a2776b4c6f,synthetic-1729-mid_latex_expression-001,truncated,synthetic_truncated,mid_latex_expression,true,,ok,,3,true,,,,,false,captured_ephemeral
matharena,competition_extract_and_grade,a11194deff8c67a232974a383795e8a2776b4c6f,synthetic-1729-mid_latex_expression-002,truncated,synthetic_truncated,mid_latex_expression,true,,ok,,7,true,,,,,false,captured_ephemeral
matharena,competition_extract_and_grade,a11194deff8c67a232974a383795e8a2776b4c6f,synthetic-1729-mid_latex_expression-003,truncated,synthetic_truncated,mid_latex_expression,true,,ok,,4,true,,,,,false,captured_ephemeral
matharena,competition_extract_and_grade,a11194deff8c67a232974a383795e8a2776b4c6f,synthetic-1729-mid_latex_expression-004,truncated,synthetic_truncated,mid_latex_expression,true,,ok,,4,true,,,,,false,captured_ephemeral
matharena,competition_extract_and_grade,a11194deff8c67a232974a383795e8a2776b4c6f,synthetic-1729-mid_latex_expression-005,truncated,synthetic_truncated,mid_latex_expression,true,,ok,,7,true,,,,,false,captured_ephemeral
matharena,competition_extract_and_grade,a11194deff8c67a232974a383795e8a2776b4c6f,synthetic-1729-mid_latex_expression-006,truncated,synthetic_truncated,mid_latex_expression,true,,ok,,9,true,,,,,false,captured_ephemeral
matharena,competition_extract_and_grade,a11194deff8c67a232974a383795e8a2776b4c6f,synthetic-1729-mid_latex_expression-007,truncated,synthetic_truncated,mid_latex_expression,true,,ok,,6,true,,,,,false,captured_ephemeral
matharena,competition_extract_and_grade,a11194deff8c67a232974a383795e8a2776b4c6f,synthetic-1729-mid_latex_expression-008,truncated,synthetic_truncated,mid_latex_expression,true,,ok,,5,true,,,,,false,captured_ephemeral
matharena,competition_extract_and_grade,a11194deff8c67a232974a383795e8a2776b4c6f,synthetic-1729-mid_latex_expression-009,truncated,synthetic_truncated,mid_latex_expression,true,,ok,,3,true,,,,,false,captured_ephemeral
matharena,competition_extract_and_grade,a11194deff8c67a232974a383795e8a2776b4c6f,synthetic-1729-mid_latex_expression-010,truncated,synthetic_truncated,mid_latex_expression,true,,ok,,8,true,,,,,false,captured_ephemeral
matharena,competition_extract_and_grade,a11194deff8c67a232974a383795e8a2776b4c6f,synthetic-1729-mid_latex_expression-011,truncated,synthetic_truncated,mid_latex_expression,true,,ok,,8,true,,,,,false,captured_ephemeral
matharena,competition_extract_and_grade,a11194deff8c67a232974a383795e8a2776b4c6f,synthetic-1729-mid_latex_expression-012,truncated,synthetic_truncated,mid_latex_expression,true,,ok,,9,true,,,,,false,captured_ephemeral
matharena,competition_extract_and_grade,a11194deff8c67a232974a383795e8a2776b4c6f,synthetic-1729-mid_latex_expression-013,truncated,synthetic_truncated,mid_latex_expression,true,,ok,,3,true,,,,,false,captured_ephemeral
matharena,competition_extract_and_grade,a11194deff8c67a232974a383795e8a2776b4c6f,synthetic-1729-mid_latex_expression-014,truncated,synthetic_truncated,mid_latex_expression,true,,ok,,4,true,,,,,false,captured_ephemeral
matharena,competition_extract_and_grade,a11194deff8c67a232974a383795e8a2776b4c6f,synthetic-1729-mid_latex_expression-015,truncated,synthetic_truncated,mid_latex_expression,true,,ok,,8,true,,,,,false,captured_ephemeral
matharena,competition_extract_and_grade,a11194deff8c67a232974a383795e8a2776b4c6f,synthetic-1729-mid_latex_expression-016,truncated,synthetic_truncated,mid_latex_expression,true,,ok,,7,true,,,,,false,captured_ephemeral
matharena,competition_extract_and_grade,a11194deff8c67a232974a383795e8a2776b4c6f,synthetic-1729-mid_latex_expression-017,truncated,synthetic_truncated,mid_latex_expression,true,,ok,,3,true,,,,,false,captured_ephemeral
matharena,competition_extract_and_grade,a11194deff8c67a232974a383795e8a2776b4c6f,synthetic-1729-mid_latex_expression-018,truncated,synthetic_truncated,mid_latex_expression,true,,ok,,5,true,,,,,false,captured_ephemeral
matharena,competition_extract_and_grade,a11194deff8c67a232974a383795e8a2776b4c6f,synthetic-1729-mid_latex_expression-019,truncated,synthetic_truncated,mid_latex_expression,true,,ok,,5,true,,,,,false,captured_ephemeral
matharena,competition_extract_and_grade,a11194deff8c67a232974a383795e8a2776b4c6f,synthetic-1729-mid_latex_expression-020,truncated,synthetic_truncated,mid_latex_expression,true,,ok,,9,true,,,,,false,captured_ephemeral
matharena,competition_extract_and_grade,a11194deff8c67a232974a383795e8a2776b4c6f,real-control_correct-89378d7c9af16411-001,control_correct,finished_control,,true,,ok,,396,true,,,,,true,captured_ephemeral
matharena,competition_extract_and_grade,a11194deff8c67a232974a383795e8a2776b4c6f,real-control_correct-16e0de893f7ebe3a-001,control_correct,finished_control,,true,,ok,,396,true,,,,,true,captured_ephemeral
matharena,competition_extract_and_grade,a11194deff8c67a232974a383795e8a2776b4c6f,real-control_correct-2d3da8c4bfee3c4c-001,control_correct,finished_control,,true,,ok,,396,true,,,,,true,captured_ephemeral
matharena,competition_extract_and_grade,a11194deff8c67a232974a383795e8a2776b4c6f,real-control_correct-c9f62a5de2de08df-001,control_correct,finished_control,,true,,ok,,396,true,,,,,true,captured_ephemeral
matharena,competition_extract_and_grade,a11194deff8c67a232974a383795e8a2776b4c6f,real-control_correct-c6ddf5c572a35adb-001,control_correct,finished_control,,true,,ok,,396,true,,,,,true,captured_ephemeral
matharena,competition_extract_and_grade,a11194deff8c67a232974a383795e8a2776b4c6f,real-control_correct-17d3bfe110828692-001,control_correct,finished_control,,true,,ok,,396,true,,,,,true,captured_ephemeral
matharena,competition_extract_and_grade,a11194deff8c67a232974a383795e8a2776b4c6f,real-control_correct-61723f102d6ae8a1-001,control_correct,finished_control,,true,,ok,,924,true,,,,,true,captured_ephemeral
matharena,competition_extract_and_grade,a11194deff8c67a232974a383795e8a2776b4c6f,real-control_correct-255be5d582935302-001,control_correct,finished_control,,true,,ok,,924,true,,,,,true,captured_ephemeral
matharena,competition_extract_and_grade,a11194deff8c67a232974a383795e8a2776b4c6f,real-control_correct-9e251a1ffea90916-001,control_correct,finished_control,,true,,ok,,924,true,,,,,true,captured_ephemeral
matharena,competition_extract_and_grade,a11194deff8c67a232974a383795e8a2776b4c6f,real-control_correct-43de6f6db2801086-001,control_correct,finished_control,,true,,ok,,924,true,,,,,true,captured_ephemeral
matharena,competition_extract_and_grade,a11194deff8c67a232974a383795e8a2776b4c6f,real-control_correct-eeb69bc8e4b6afb6-001,control_correct,finished_control,,true,,ok,,924,true,,,,,true,captured_ephemeral
matharena,competition_extract_and_grade,a11194deff8c67a232974a383795e8a2776b4c6f,real-control_correct-8e92ff00e3dc8c7f-001,control_correct,finished_control,,true,,ok,,924,true,,,,,true,captured_ephemeral
matharena,competition_extract_and_grade,a11194deff8c67a232974a383795e8a2776b4c6f,real-control_correct-c2bfbc405396d110-001,control_correct,finished_control,,true,,ok,,924,true,,,,,true,captured_ephemeral
matharena,competition_extract_and_grade,a11194deff8c67a232974a383795e8a2776b4c6f,real-control_correct-c44a3d80f5ea3ae9-001,control_correct,finished_control,,true,,ok,,924,true,,,,,true,captured_ephemeral
matharena,competition_extract_and_grade,a11194deff8c67a232974a383795e8a2776b4c6f,real-control_correct-45c33fc7f4b89ab1-001,control_correct,finished_control,,true,,ok,,924,true,,,,,true,captured_ephemeral
matharena,competition_extract_and_grade,a11194deff8c67a232974a383795e8a2776b4c6f,real-control_correct-2ec159fcc5ac75cf-001,control_correct,finished_control,,true,,ok,,924,true,,,,,true,captured_ephemeral
matharena,competition_extract_and_grade,a11194deff8c67a232974a383795e8a2776b4c6f,real-control_correct-4bc94d1cce22bd8b-001,control_correct,finished_control,,true,,ok,,924,true,,,,,true,captured_ephemeral
matharena,competition_extract_and_grade,a11194deff8c67a232974a383795e8a2776b4c6f,real-control_correct-02db4d1921acd1d7-001,control_correct,finished_control,,true,,ok,,924,true,,,,,true,captured_ephemeral
matharena,competition_extract_and_grade,a11194deff8c67a232974a383795e8a2776b4c6f,real-control_correct-0e0bf8d361f29f7c-001,control_correct,finished_control,,true,,ok,,1311/2017,true,,,,,true,captured_ephemeral
matharena,competition_extract_and_grade,a11194deff8c67a232974a383795e8a2776b4c6f,real-control_correct-585dbca476773d3a-001,control_correct,finished_control,,true,,ok,,26,true,,,,,true,captured_ephemeral
matharena,competition_extract_and_grade,a11194deff8c67a232974a383795e8a2776b4c6f,real-control_correct-066f81dce4312897-001,control_correct,finished_control,,true,,ok,,9*sqrt(23)/23,true,,,,,true,captured_ephemeral
matharena,competition_extract_and_grade,a11194deff8c67a232974a383795e8a2776b4c6f,real-control_correct-7c345a24b0485152-001,control_correct,finished_control,,true,,ok,,9*sqrt(23)/23,true,,,,,true,captured_ephemeral
matharena,competition_extract_and_grade,a11194deff8c67a232974a383795e8a2776b4c6f,real-control_correct-14b3558563a36d01-001,control_correct,finished_control,,true,,ok,,26,true,,,,,true,captured_ephemeral
matharena,competition_extract_and_grade,a11194deff8c67a232974a383795e8a2776b4c6f,real-control_correct-52cde770e82e4c2e-001,control_correct,finished_control,,true,,ok,,26,true,,,,,true,captured_ephemeral
matharena,competition_extract_and_grade,a11194deff8c67a232974a383795e8a2776b4c6f,real-control_correct-a3713e645b1649de-001,control_correct,finished_control,,true,,ok,,9*sqrt(23)/23,true,,,,,true,captured_ephemeral
matharena,competition_extract_and_grade,a11194deff8c67a232974a383795e8a2776b4c6f,real-control_correct-2154392bb16da70b-001,control_correct,finished_control,,true,,ok,,1311/2017,true,,,,,true,captured_ephemeral
matharena,competition_extract_and_grade,a11194deff8c67a232974a383795e8a2776b4c6f,real-control_correct-58e45e3809bf2724-001,control_correct,finished_control,,true,,ok,,1311/2017,true,,,,,true,captured_ephemeral
matharena,competition_extract_and_grade,a11194deff8c67a232974a383795e8a2776b4c6f,real-control_correct-ef625c1ebfd1e6d8-001,control_correct,finished_control,,true,,ok,,26,true,,,,,true,captured_ephemeral
matharena,competition_extract_and_grade,a11194deff8c67a232974a383795e8a2776b4c6f,real-control_correct-fc4941cec6e2d7b3-001,control_correct,finished_control,,true,,ok,,1311/2017,true,,,,,true,captured_ephemeral
matharena,competition_extract_and_grade,a11194deff8c67a232974a383795e8a2776b4c6f,real-control_correct-14a0b724276c5caa-001,control_correct,finished_control,,true,,ok,,1311/2017,true,,,,,true,captured_ephemeral
matharena,competition_extract_and_grade,a11194deff8c67a232974a383795e8a2776b4c6f,real-control_correct-5aba32f1a8311a80-001,control_correct,finished_control,,true,,ok,,1311/2017,true,,,,,true,captured_ephemeral
matharena,competition_extract_and_grade,a11194deff8c67a232974a383795e8a2776b4c6f,real-control_correct-2efd83efcd01279f-001,control_correct,finished_control,,true,,ok,,26,true,,,,,true,captured_ephemeral
matharena,competition_extract_and_grade,a11194deff8c67a232974a383795e8a2776b4c6f,real-control_correct-c4ae4e148917ebf3-001,control_correct,finished_control,,true,,ok,,9*sqrt(23)/23,true,,,,,true,captured_ephemeral
matharena,competition_extract_and_grade,a11194deff8c67a232974a383795e8a2776b4c6f,real-control_correct-d2716747c59bfdd8-001,control_correct,finished_control,,true,,ok,,9*sqrt(23)/23,true,,,,,true,captured_ephemeral
matharena,competition_extract_and_grade,a11194deff8c67a232974a383795e8a2776b4c6f,real-control_correct-62093781aed9b537-001,control_correct,finished_control,,true,,ok,,9*sqrt(23)/23,true,,,,,true,captured_ephemeral
matharena,competition_extract_and_grade,a11194deff8c67a232974a383795e8a2776b4c6f,real-control_correct-b286790a32a1fbe8-001,control_correct,finished_control,,true,,ok,,1311/2017,true,,,,,true,captured_ephemeral
matharena,competition_extract_and_grade,a11194deff8c67a232974a383795e8a2776b4c6f,real-control_correct-d18b4c82b12f0306-001,control_correct,finished_control,,true,,ok,,1311/2017,true,,,,,true,captured_ephemeral
matharena,competition_extract_and_grade,a11194deff8c67a232974a383795e8a2776b4c6f,real-control_correct-96dfc10499a820c6-001,control_correct,finished_control,,true,,ok,,1311/2017,true,,,,,true,captured_ephemeral
matharena,competition_extract_and_grade,a11194deff8c67a232974a383795e8a2776b4c6f,real-control_correct-3ec3306f5f7bc543-001,control_correct,finished_control,,true,,ok,,9*sqrt(23)/23,true,,,,,true,captured_ephemeral
matharena,competition_extract_and_grade,a11194deff8c67a232974a383795e8a2776b4c6f,real-control_correct-337848c60cd45f12-001,control_correct,finished_control,,true,,ok,,9*sqrt(23)/23,true,,,,,true,captured_ephemeral
matharena,competition_extract_and_grade,a11194deff8c67a232974a383795e8a2776b4c6f,real-control_correct-8494ad4e58faefe9-001,control_correct,finished_control,,true,,ok,,9*sqrt(23)/23,true,,,,,true,captured_ephemeral
matharena,competition_extract_and_grade,a11194deff8c67a232974a383795e8a2776b4c6f,real-control_correct-0f0941eab1767f38-001,control_correct,finished_control,,true,,ok,,9*sqrt(23)/23,true,,,,,true,captured_ephemeral
matharena,competition_extract_and_grade,a11194deff8c67a232974a383795e8a2776b4c6f,real-control_correct-beea208faf3d4bf4-001,control_correct,finished_control,,true,,ok,,26,true,,,,,true,captured_ephemeral
matharena,competition_extract_and_grade,a11194deff8c67a232974a383795e8a2776b4c6f,real-control_correct-49c6c44114b703fb-001,control_correct,finished_control,,true,,ok,,26,true,,,,,true,captured_ephemeral
matharena,competition_extract_and_grade,a11194deff8c67a232974a383795e8a2776b4c6f,real-control_correct-7e4dcc5a2d2dc94f-001,control_correct,finished_control,,true,,ok,,9*sqrt(23)/23,true,,,,,true,captured_ephemeral
matharena,competition_extract_and_grade,a11194deff8c67a232974a383795e8a2776b4c6f,real-control_correct-f3c4bd0f7b512e57-001,control_correct,finished_control,,true,,ok,,9*sqrt(23)/23,true,,,,,true,captured_ephemeral
matharena,competition_extract_and_grade,a11194deff8c67a232974a383795e8a2776b4c6f,real-control_correct-77dca34ea2834915-001,control_correct,finished_control,,true,,ok,,9*sqrt(23)/23,true,,,,,true,captured_ephemeral
matharena,competition_extract_and_grade,a11194deff8c67a232974a383795e8a2776b4c6f,real-control_correct-f61d7cc8e44486cd-001,control_correct,finished_control,,true,,ok,,9*sqrt(23)/23,true,,,,,true,captured_ephemeral
matharena,competition_extract_and_grade,a11194deff8c67a232974a383795e8a2776b4c6f,real-control_correct-83db8adebe9798de-001,control_correct,finished_control,,true,,ok,,9*sqrt(23)/23,true,,,,,true,captured_ephemeral
matharena,competition_extract_and_grade,a11194deff8c67a232974a383795e8a2776b4c6f,real-control_correct-b745903bf49608cc-001,control_correct,finished_control,,true,,ok,,26,true,,,,,true,captured_ephemeral
matharena,competition_extract_and_grade,a11194deff8c67a232974a383795e8a2776b4c6f,real-control_correct-2c758d44ca541778-001,control_correct,finished_control,,true,,ok,,9*sqrt(23)/23,true,,,,,true,captured_ephemeral
matharena,competition_extract_and_grade,a11194deff8c67a232974a383795e8a2776b4c6f,real-control_correct-4a3fdef251946148-001,control_correct,finished_control,,true,,ok,,9*sqrt(23)/23,true,,,,,true,captured_ephemeral
matharena,competition_extract_and_grade,a11194deff8c67a232974a383795e8a2776b4c6f,real-control_correct-0ec44c79139c33e2-001,control_correct,finished_control,,true,,ok,,1311/2017,true,,,,,true,captured_ephemeral
matharena,competition_extract_and_grade,a11194deff8c67a232974a383795e8a2776b4c6f,real-control_correct-81b17ec6e1a7d1a8-001,control_correct,finished_control,,true,,ok,,1311/2017,true,,,,,true,captured_ephemeral
matharena,competition_extract_and_grade,a11194deff8c67a232974a383795e8a2776b4c6f,real-control_correct-0e5f87e242720bf2-001,control_correct,finished_control,,true,,ok,,(1 - sqrt(6)/3)**(1/3),true,,,,,true,captured_ephemeral
matharena,competition_extract_and_grade,a11194deff8c67a232974a383795e8a2776b4c6f,real-control_correct-593135bb2de509c3-001,control_correct,finished_control,,true,,ok,,(27 - 9*sqrt(6))**(1/3)/3,true,,,,,true,captured_ephemeral
matharena,competition_extract_and_grade,a11194deff8c67a232974a383795e8a2776b4c6f,real-control_correct-c56c011273c6c234-001,control_correct,finished_control,,true,,ok,,-(489 - 10*sqrt(6))**(1/3)/3 + 3**(1/3)/3 + (10*sqrt(6) + 489)**(1/3)/3,true,,,,,false,captured_ephemeral
matharena,competition_extract_and_grade,a11194deff8c67a232974a383795e8a2776b4c6f,real-control_correct-29005d671726f869-001,control_correct,finished_control,,true,,ok,,(1 - sqrt(6)/3)**(1/3),true,,,,,true,captured_ephemeral
matharena,competition_extract_and_grade,a11194deff8c67a232974a383795e8a2776b4c6f,real-control_correct-67c0cfb485b8e0e1-001,control_correct,finished_control,,true,,ok,,(163 - 10*sqrt(6)/3)**(1/3)/3 + (-1/2 - sqrt(3)*I/2)*(-10*sqrt(6)/81 + 10/27 - 2*sqrt(3)*I/9)**(1/3) + (-1/2 + sqrt(3)*I/2)*(-10*sqrt(6)/81 + 10/27 + 2*sqrt(3)*I/9)**(1/3),true,,,,,true,captured_ephemeral
matharena,competition_extract_and_grade,a11194deff8c67a232974a383795e8a2776b4c6f,real-control_correct-afc87305e9694a73-001,control_correct,finished_control,,true,,ok,,(163 - 10*sqrt(6)/3)**(1/3)/3 + (-1/2 - sqrt(3)*I/2)*(-10*sqrt(6)/81 + 10/27 - 2*sqrt(3)*I/9)**(1/3) + (-1/2 + sqrt(3)*I/2)*(-10*sqrt(6)/81 + 10/27 + 2*sqrt(3)*I/9)**(1/3),true,,,,,true,captured_ephemeral
matharena,competition_extract_and_grade,a11194deff8c67a232974a383795e8a2776b4c6f,real-control_correct-e7d166d098fcef41-001,control_correct,finished_control,,true,,ok,,3840,true,,,,,true,captured_ephemeral
matharena,competition_extract_and_grade,a11194deff8c67a232974a383795e8a2776b4c6f,real-control_correct-c377b550ceb9090b-001,control_correct,finished_control,,true,,ok,,3840,true,,,,,true,captured_ephemeral
matharena,competition_extract_and_grade,a11194deff8c67a232974a383795e8a2776b4c6f,real-control_correct-b4137beeac8ed865-001,control_correct,finished_control,,true,,ok,,(1 - sqrt(6)/3)**(1/3),true,,,,,true,captured_ephemeral
matharena,competition_extract_and_grade,a11194deff8c67a232974a383795e8a2776b4c6f,real-control_correct-8124daee9eec1012-001,control_correct,finished_control,,true,,ok,,(1 - sqrt(6)/3)**(1/3),true,,,,,true,captured_ephemeral
